total_r,trades,wr,avg_r,wf_score,max_dd,recovery_factor,mc_p50,mc_prob_profit
-4009.0,114687,15.339140443119097,-0.03495601070740363,0/6,-4682.0,-0.86,-4042.0,0.0
