time,utc,drawdown_pct,equity,cash,reserved_pending,available_cash,unrealized,realized_net,invested_value,open_count,pending_count
1701043200,2023-11-27T00:00:00+00:00,0,10000.0,10000.0,196.49264835024002,9803.50735164976,0.0,0.0,0.0,0,1
1701129600,2023-11-28T00:00:00+00:00,0.09141067448533713,9991.029702328153,9803.487462328152,0.0,9803.487462328152,-8.803403874554181,-0.16689379729337106,187.54224,1,0
1701216000,2023-11-29T00:00:00+00:00,0.011413515718405876,10001.735857199377,9803.448193199378,0.0,9803.448193199378,1.9420201254458138,-0.2061629260682819,198.287664,1,0
1701302400,2023-11-30T00:00:00+00:00,0.06554245230250277,10005.545846941828,9803.369654941827,0.0,9803.369654941827,5.830548125445808,-0.2847011836181036,202.176192,1,0
1701388800,2023-12-01T00:00:00+00:00,0.06664135867519017,10005.435823248667,9803.310751248666,0.0,9803.310751248666,5.779428125445806,-0.34360487678046986,202.125072,1,0
1701475200,2023-12-02T00:00:00+00:00,0.06655406866894475,10006.879847555503,9803.251847555503,0.0,9803.251847555503,7.282356125445815,-0.40250856994283607,203.628,1,0
1701561600,2023-12-03T00:00:00+00:00,0,10020.188405092145,9803.153333092145,0.0,9803.153333092145,20.689428125445804,-0.501023033300455,217.03507199999999,1,0
1701648000,2023-12-04T00:00:00+00:00,0.07835416025057107,10017.812940753682,9803.057820753682,0.0,9803.057820753682,18.409476125445817,-0.5965353717632318,214.75512,1,0
1701734400,2023-12-05T00:00:00+00:00,0.12548676954178273,10013.087581605312,9802.912813605311,0.0,9802.912813605311,13.829124125445812,-0.7415425201339062,210.174768,1,0
1701820800,2023-12-06T00:00:00+00:00,0.1471080637984401,10010.919902324413,9802.824014324413,0.0,9802.824014324413,11.750244125445814,-0.830341801032612,208.095888,1,0
1701907200,2023-12-07T00:00:00+00:00,0.14265635294061774,10013.57125734673,9802.69103334673,0.0,9802.69103334673,14.534580125445814,-0.96332277871597,210.880224,1,0
1701993600,2023-12-08T00:00:00+00:00,0.03376094336601243,10033.56156102127,9802.47871302127,0.0,9802.47871302127,34.73720412544581,-1.1756431041761577,231.08284799999998,1,0
1702080000,2023-12-09T00:00:00+00:00,0,10057.860156184974,9802.328316184974,0.0,9802.328316184974,59.186196125445825,-1.3260399404711887,255.53184000000002,1,0
1702166400,2023-12-10T00:00:00+00:00,0.08227043257755806,10057.151211710441,9933.836139710442,0.0,9933.836139710442,25.142250062722898,32.00896164771725,123.31507199999999,1,0
1702252800,2023-12-11T00:00:00+00:00,0.04011696551039501,10061.394140310078,9933.75261231008,0.0,9933.75261231008,29.4687060627229,31.925434247356577,127.641528,1,0
1702339200,2023-12-12T00:00:00+00:00,0.1266899573991287,10052.6801946065,9764.2006560065,0.0,9764.2006560065,20.941245549139722,31.73894905735968,288.4795386,2,0
1702425600,2023-12-13T00:00:00+00:00,0.18210370465211456,10047.102561510317,9764.116913310318,0.0,9764.116913310318,15.44735514913972,31.655206361178525,282.9856482,2,0
1702512000,2023-12-14T00:00:00+00:00,0.12117142415442039,10053.235658822403,9764.036651822404,0.0,9764.036651822404,21.66071394913973,31.57494487326327,289.19900700000005,2,0
1702598400,2023-12-15T00:00:00+00:00,0.009414738629698327,10068.733324982984,9763.950305582985,0.0,9763.950305582985,37.244726349139725,31.488598633844337,304.7830194,2,0
1702684800,2023-12-16T00:00:00+00:00,0.20133231943542107,10050.683197329005,9763.837050129005,0.0,9763.837050129005,19.307854149139732,31.375343179865187,286.8461472,2,0
1702771200,2023-12-17T00:00:00+00:00,0.17731513058925064,10053.10195864109,9763.756788641089,0.0,9763.756788641089,21.806876949139706,31.295081691949925,289.34517,2,0
1702857600,2023-12-18T00:00:00+00:00,0.2599954179922981,10044.775260553175,9763.676527153175,0.0,9763.676527153175,13.560440349139725,31.214820204034666,281.0987334,2,0
1702944000,2023-12-19T00:00:00+00:00,0.1284076960466063,10058.027406465259,9763.59626566526,0.0,9763.59626566526,26.89284774913973,31.13455871611941,294.43114080000004,2,0
1703030400,2023-12-20T00:00:00+00:00,0.2171374028998918,10049.091473807031,9763.51568020703,0.0,9763.51568020703,18.03750054913972,31.05397325789176,285.5757936,2,0
1703116800,2023-12-21T00:00:00+00:00,0.05863223010452723,10066.460675553959,9763.398072753958,0.0,9763.398072753958,35.52430974913972,30.93636580481871,303.06260280000004,2,0
1703203200,2023-12-22T00:00:00+00:00,0,10097.245644405002,9922.262003205004,0.0,9922.262003205004,5.618170086416806,91.62747431858678,174.98364120000002,1,0
1703289600,2023-12-23T00:00:00+00:00,0.007543937956089319,10099.053985559118,9922.036979159118,0.0,9922.036979159118,7.6515352864168165,91.40245027270113,177.0170064,1,0
1703376000,2023-12-24T00:00:00+00:00,0.019199896230071012,10101.168058940128,9921.877795940129,0.0,9921.877795940129,9.924791886416815,91.24326705371091,179.290263,1,0
1703462400,2023-12-25T00:00:00+00:00,0.06817353868611153,10096.22019902709,9921.68207042709,0.0,9921.68207042709,5.17265748641681,91.04754154067321,174.53812860000002,1,0
1703548800,2023-12-26T00:00:00+00:00,0.03407049344545943,10099.665666466237,9921.449203066239,0.0,9921.449203066239,8.85099228641682,90.81467417982029,178.21646340000004,1,0
1703635200,2023-12-27T00:00:00+00:00,0.09168505749680422,10093.84480492561,9921.26007772561,0.0,9921.26007772561,3.219256086416817,90.6255488391919,172.58472720000003,1,0
1703721600,2023-12-28T00:00:00+00:00,0,10112.107067146173,9921.016431946175,0.0,9921.016431946175,21.72516408641683,90.3819030597573,191.09063520000004,1,0
1703808000,2023-12-29T00:00:00+00:00,0.1732371461207416,10103.791855065652,9920.766140265654,0.0,9920.766140265654,13.660243686416795,90.13161137923623,183.0257148,1,0
1703894400,2023-12-30T00:00:00+00:00,0.22866110315969967,10098.182215829675,9920.525499029676,0.0,9920.525499029676,8.291245686416806,89.89097014325921,177.6567168,1,0
1703980800,2023-12-31T00:00:00+00:00,0.27146236586849115,10093.8501606054,9920.442948605401,0.0,9920.442948605401,4.041740886416807,89.80841971898374,173.40721200000002,1,0
1704067200,2024-01-01T00:00:00+00:00,0.29775317008109425,10091.189182668499,9920.386505868499,0.0,9920.386505868499,1.4372056864168101,89.75197698208042,170.8026768,1,0
1704153600,2024-01-02T00:00:00+00:00,0.22958460899416,10098.08874479584,9920.306370595841,0.0,9920.306370595841,8.416903086416818,89.67184170942303,177.78237420000002,1,0
1704240000,2024-01-03T00:00:00+00:00,0.2742007907215349,10093.572995705577,9920.165783705579,0.0,9920.165783705579,4.041740886416807,89.53125481916106,173.40721200000002,1,0
1704326400,2024-01-04T00:00:00+00:00,0.5599510654486051,10064.651279566227,9717.570329566228,0.0,9717.570329566228,0.3136387073103018,64.33764085891808,347.08095,1,0
1704412800,2024-01-05T00:00:00+00:00,0.4570546979765,10075.06575610397,9717.50097610397,0.0,9717.50097610397,10.797468707310324,64.26828739665955,357.56478,1,0
1704499200,2024-01-06T00:00:00+00:00,0.45829709376149497,10074.940009179454,9717.362269179454,0.0,9717.362269179454,10.810428707310313,64.12958047214246,357.57774,1,0
1704585600,2024-01-07T00:00:00+00:00,0.47442640560818594,10073.307508986065,9717.258238986065,0.0,9717.258238986065,9.281958707310277,64.02555027875466,356.04927,1,0
1704672000,2024-01-08T00:00:00+00:00,0.4786393931542898,10072.881098792677,9717.154208792677,0.0,9717.154208792677,8.959578707310314,63.92152008536686,355.72688999999997,1,0
1704758400,2024-01-09T00:00:00+00:00,0.1765132283508164,10103.460272111277,9561.794282111276,0.0,9561.794282111276,39.55105873516125,63.90921337611449,541.66599,2,0
1704844800,2024-01-10T00:00:00+00:00,0.2594189508775546,10095.06911386817,9561.66892886817,0.0,9561.66892886817,31.285253735161287,63.78386013301022,533.400185,2,0
1704931200,2024-01-11T00:00:00+00:00,0.19230353562693647,10101.862083674785,9561.564898674784,0.0,9561.564898674784,38.182253735161304,63.679829939622415,540.297185,2,0
1705017600,2024-01-12T00:00:00+00:00,0.21298809007157526,10100.496280212526,9561.495545212525,0.0,9561.495545212525,36.8858037351613,63.610476477363875,539.000735,2,0
1705104000,2024-01-13T00:00:00+00:00,0.5598027181718312,10065.391512628024,9561.343717628024,0.0,9561.343717628024,1.9328637351612994,63.458648892863955,504.04779499999995,2,0
1705190400,2024-01-14T00:00:00+00:00,0.5273225010095861,10068.679178090179,9561.226663090178,0.0,9561.226663090178,5.33758373516131,63.34159435501768,507.452515,2,0
1705276800,2024-01-15T00:00:00+00:00,0.6316140939509718,10058.122725638103,9561.095100638102,0.0,9561.095100638102,-5.087306264838692,63.21003190294221,497.02762499999994,2,0
1705363200,2024-01-16T00:00:00+00:00,0.47840649194402785,10073.630483457007,9561.016213457007,0.0,9561.016213457007,10.499338735161277,63.131144721846894,512.6142699999999,2,0
1705449600,2024-01-17T00:00:00+00:00,0.4388435436213256,10077.635066866404,9561.123741866402,0.0,9561.123741866402,14.396393735161292,63.23867313124196,516.5113249999999,2,0
1705536000,2024-01-18T00:00:00+00:00,0.49700560320247167,10071.747871176256,9561.145206176256,0.0,9561.145206176256,8.487733735161298,63.26013744109534,510.602665,2,0
1705622400,2024-01-19T00:00:00+00:00,0.5947593346430136,10061.853184664515,9561.232809664514,0.0,9561.232809664514,-1.4945562648387174,63.347740929353684,500.62037499999997,2,0
1705708800,2024-01-20T00:00:00+00:00,0.5578415373032719,10065.590024435209,9561.342309435207,0.0,9561.342309435207,2.132783735161256,63.45724070004619,504.2477149999999,2,0
1705795200,2024-01-21T00:00:00+00:00,0.5411788373636428,10067.276632096238,9561.388637096237,0.0,9561.388637096237,3.773063735161296,63.50356836107703,505.88799499999993,2,0
1705881600,2024-01-22T00:00:00+00:00,0.5426855819554266,10067.124118579166,9561.409613579166,0.0,9561.409613579166,3.5995737351613,63.524544844004616,505.71450500000003,2,0
1705968000,2024-01-23T00:00:00+00:00,0.7502035989609634,10046.119030655163,9883.892130655164,0.0,9883.892130655164,6.8792800278509905,39.23975062731194,162.2269,1,0
1706054400,2024-01-24T00:00:00+00:00,0.7869393233955746,10042.400620404162,9884.03576040416,0.0,9884.03576040416,3.0172400278509746,39.383380376309596,158.36486,1,0
1706140800,2024-01-25T00:00:00+00:00,0.8161986663038245,10039.438973607152,9884.05021860715,0.0,9884.05021860715,0.041135027850997714,39.397838579300405,155.388755,1,0
1706227200,2024-01-26T00:00:00+00:00,0.8205487216803475,10038.99865860715,9884.05021860715,0.0,9884.05021860715,-0.39917997214902395,39.397838579300405,154.94843999999998,1,0
1706313600,2024-01-27T00:00:00+00:00,0.7681908262450299,10044.298353607152,9884.05021860715,0.0,9884.05021860715,4.900515027850981,39.397838579300405,160.248135,1,0
1706400000,2024-01-28T00:00:00+00:00,0.7492707058725179,10046.213458607152,9884.05021860715,0.0,9884.05021860715,6.815620027850987,39.397838579300405,162.16324,1,0
1706486400,2024-01-29T00:00:00+00:00,0.7515767593251343,10045.980038607151,9884.05021860715,0.0,9884.05021860715,6.582200027850989,39.397838579300405,161.92982,1,0
1706572800,2024-01-30T00:00:00+00:00,0.72311796330774,10048.860653607151,9884.05021860715,0.0,9884.05021860715,9.462815027850992,39.397838579300405,164.810435,1,0
1706659200,2024-01-31T00:00:00+00:00,0.7392603374759776,10047.226713607151,9884.05021860715,0.0,9884.05021860715,7.8288750278509704,39.397838579300405,163.176495,1,0
1706745600,2024-02-01T00:00:00+00:00,0.7762620133291542,10043.481383607152,9884.05021860715,0.0,9884.05021860715,4.0835450278509695,39.397838579300405,159.43116499999996,1,0
1706832000,2024-02-02T00:00:00+00:00,0.7783060152530608,10043.27448860715,9884.05021860715,0.0,9884.05021860715,3.876650027850977,39.397838579300405,159.22427,1,0
1706918400,2024-02-03T00:00:00+00:00,0.7723836507043114,10043.873953607152,9884.05021860715,0.0,9884.05021860715,4.476115027850975,39.397838579300405,159.82373499999997,1,0
1707004800,2024-02-04T00:00:00+00:00,0.7808217099286252,10043.019848607151,9884.05021860715,0.0,9884.05021860715,3.6220100278509975,39.397838579300405,158.96963,1,0
1707091200,2024-02-05T00:00:00+00:00,0.7543020952236579,10045.704178607151,9884.05021860715,0.0,9884.05021860715,6.3063400278509985,39.397838579300405,161.65396,1,0
1707177600,2024-02-06T00:00:00+00:00,0.7730349485437049,10043.808028881296,9884.058563881295,0.0,9884.058563881295,4.401845027850982,39.406183853445306,159.749465,1,0
1707264000,2024-02-07T00:00:00+00:00,0.7644396584021718,10044.678048881296,9884.058563881295,0.0,9884.058563881295,5.271865027850975,39.406183853445306,160.61948499999997,1,0
1707350400,2024-02-08T00:00:00+00:00,0.7401212765383414,10047.139568881295,9884.058563881295,0.0,9884.058563881295,7.733385027850997,39.406183853445306,163.081005,1,0
1707436800,2024-02-09T00:00:00+00:00,0.6781228398073269,10053.415084778553,9884.429614778554,0.0,9884.429614778554,13.637850027850995,39.77723475070118,168.98547,1,0
1707523200,2024-02-10T00:00:00+00:00,0.6488920909085039,10056.373837274188,9884.608547274187,0.0,9884.608547274187,16.41767002785097,39.9561672463375,171.76528999999996,1,0
1707609600,2024-02-11T00:00:00+00:00,0.651316183776951,10056.128469259533,9884.994474259533,0.0,9884.994474259533,15.786375027850971,40.34209423168191,171.13399499999997,1,0
1707696000,2024-02-12T00:00:00+00:00,0.6598981821509198,10055.259794659563,9885.271679659563,0.0,9885.271679659563,14.640495027850987,40.619299631712614,169.988115,1,0
1707782400,2024-02-13T00:00:00+00:00,0.6186410348816618,10059.43586581902,9885.612235819019,0.0,9885.612235819019,18.476010027850997,40.95985579116796,173.82363,1,0
1707868800,2024-02-14T00:00:00+00:00,0.6344105708822378,10057.839664703604,9885.798514703605,0.0,9885.798514703605,16.69353002785099,41.14613467575276,172.04115,1,0
1707955200,2024-02-15T00:00:00+00:00,0.5852683721278784,10062.813865115257,9885.908030115257,0.0,9885.908030115257,21.558215027851,41.25565008740453,176.905835,1,0
1708041600,2024-02-16T00:00:00+00:00,0.45396345012423955,10076.104621606377,9982.252993606377,0.0,9982.252993606377,16.192459636920034,59.912161969455724,93.85162799999999,1,0
1708128000,2024-02-17T00:00:00+00:00,0.4372110471373536,10077.800309059232,9982.262009059232,0.0,9982.262009059232,17.87913163692004,59.92117742231099,95.53829999999999,1,0
1708214400,2024-02-18T00:00:00+00:00,0.4575497961604724,10075.741609686236,9982.282477686236,0.0,9982.282477686236,15.799963636920046,59.94164604931645,93.459132,1,0
1708300800,2024-02-19T00:00:00+00:00,0.4639623138927851,10075.092531111155,9982.307007111156,0.0,9982.307007111156,15.12635563692004,59.96617547423561,92.785524,1,0
1708387200,2024-02-20T00:00:00+00:00,0.4595178068394712,10075.542406561879,9982.237090561879,0.0,9982.237090561879,15.646147636920036,59.89625892495833,93.30531599999999,1,0
1708473600,2024-02-21T00:00:00+00:00,0.4519301487351468,10076.310433492352,9982.201561492353,0.0,9982.201561492353,16.44970363692004,59.86072985543222,94.108872,1,0
1708560000,2024-02-22T00:00:00+00:00,0.3892097012694218,10082.659031713658,9982.230443713659,0.0,9982.230443713659,22.769419636920038,59.88961207673813,100.42858799999999,1,0
1708646400,2024-02-23T00:00:00+00:00,0.37750018944708863,10083.844274946629,9982.45035894663,0.0,9982.45035894663,23.734747636920034,60.1095273097087,101.39391599999999,1,0
1708732800,2024-02-24T00:00:00+00:00,0.4009208811749376,10081.47361963639,9852.539665836392,0.0,9852.539665836392,21.346570524778727,60.12704911161214,228.93395379999998,2,0
1708819200,2024-02-25T00:00:00+00:00,0.3422934034228331,10087.407925210024,9852.599493910024,0.0,9852.599493910024,27.221048024778703,60.186877185243894,234.8084313,2,0
1708905600,2024-02-26T00:00:00+00:00,0.30946062109724615,10090.731277512104,9852.679915812105,0.0,9852.679915812105,30.463978424778706,60.26729908732513,238.05136169999997,2,0
1708992000,2024-02-27T00:00:00+00:00,0.24994677818113153,10096.755301455602,9852.577793255603,0.0,9852.577793255603,36.59012492477872,60.165176530823786,244.17750820000003,2,0
1709078400,2024-02-28T00:00:00+00:00,0.27351151835767196,10094.370065482084,9852.524599582084,0.0,9852.524599582084,34.258082624778716,60.11198285730425,241.84546590000002,2,0
1709164800,2024-02-29T00:00:00+00:00,0.19251188108305728,10102.568893358895,9852.403681558897,0.0,9852.403681558897,42.57782852477872,59.99106483411824,250.1652118,2,0
1709251200,2024-03-01T00:00:00+00:00,0.23528054221574335,10098.239825934066,9959.152839034066,0.0,9959.152839034066,9.15877198785868,89.08105394620814,139.0869869,1,0
1709337600,2024-03-02T00:00:00+00:00,0.18214641512923624,10103.618091529132,9958.880267829132,0.0,9958.880267829132,14.809608787858672,88.80848274127256,144.7378237,1,0
1709424000,2024-03-03T00:00:00+00:00,0.08979377227499308,10112.966076880763,9958.526688980763,0.0,9958.526688980763,24.51117298785867,88.45490389290354,154.43938789999999,1,0
1709510400,2024-03-04T00:00:00+00:00,0.1557814243019373,10106.28677041511,9958.31268941511,0.0,9958.31268941511,18.045866087858684,88.24090432725036,147.974081,1,0
1709596800,2024-03-05T00:00:00+00:00,0.1646008002179178,10105.394068329657,9958.068680329658,0.0,9958.068680329658,17.397173087858686,87.99689524179891,147.325388,1,0
1709683200,2024-03-06T00:00:00+00:00,0.2715027946818105,10094.573389598396,9957.785658998397,0.0,9957.785658998397,6.8595156878586865,87.71387391053794,136.7877306,1,0
1709769600,2024-03-07T00:00:00+00:00,0.19225511870530898,10102.594882988124,9957.669659088124,0.0,9957.669659088124,14.99700898785867,87.59787400026438,144.9252239,1,0
1709856000,2024-03-08T00:00:00+00:00,0.19346494535048553,10102.472423669065,9957.475122769065,0.0,9957.475122769065,15.069085987858681,87.40333768120503,144.9973009,1,0
1709942400,2024-03-09T00:00:00+00:00,0.22351356796345145,10099.430885545831,9957.287833845832,0.0,9957.287833845832,12.214836787858676,87.21604875797348,142.1430517,1,0
1710028800,2024-03-10T00:00:00+00:00,0.20633508200349482,10101.169701351788,9957.037324451789,0.0,9957.037324451789,14.204161987858674,86.96553936392998,144.1323769,1,0
1710115200,2024-03-11T00:00:00+00:00,0.08711668266269124,10113.23705336511,9956.80834026511,0.0,9956.80834026511,26.50049818785867,86.73655517725096,156.42871309999998,1,0
1710201600,2024-03-12T00:00:00+00:00,0.1171567046586941,10110.196385801059,9956.55705260106,0.0,9956.55705260106,23.711118287858667,86.48526751320014,153.63933319999998,1,0
1710288000,2024-03-13T00:00:00+00:00,0.16135978538898144,10105.722125634884,9956.349750834885,0.0,9956.349750834885,19.444159887858678,86.27796574702566,149.3723748,1,0
1710374400,2024-03-14T00:00:00+00:00,0.15975785183460767,10105.884274231154,9956.180345231154,0.0,9956.180345231154,19.775714087858674,86.10856014329462,149.703929,1,0
1710460800,2024-03-15T00:00:00+00:00,0.1530080490439789,10106.567492985518,9955.861693685518,0.0,9955.861693685518,20.777584387858667,85.7899085976583,150.7057993,1,0
1710547200,2024-03-16T00:00:00+00:00,0.24328950121850212,10097.429154694719,9955.812265094719,0.0,9955.812265094719,11.688674687858674,85.74048000685927,141.6168896,1,0
1710633600,2024-03-17T00:00:00+00:00,0.3519368023394587,10086.431815062804,9955.756214062805,0.0,9955.756214062805,0.7473860878586683,85.68442897494617,130.675601,1,0
1710720000,2024-03-18T00:00:00+00:00,0.31315755726142314,10090.357071598331,9955.717235598331,0.0,9955.717235598331,4.711621087858673,85.64545051047253,134.639836,1,0
1710806400,2024-03-19T00:00:00+00:00,0.33952605988997187,10087.688037245896,9955.650180945897,0.0,9955.650180945897,2.1096413878586686,85.57839585803852,132.0378563,1,0
1710892800,2024-03-20T00:00:00+00:00,0.4469917071867169,10076.810305264593,9955.605622064593,0.0,9955.605622064593,-8.723531712141332,85.5338369767344,121.20468319999999,1,0
1710979200,2024-03-21T00:00:00+00:00,0.48341225129575616,10073.123797739658,10073.123797739658,0.0,10073.123797739658,0.0,73.12379773965682,0.0,0,0
1711065600,2024-03-22T00:00:00+00:00,0.48341225129575616,10073.123797739658,10073.123797739658,0.0,10073.123797739658,0.0,73.12379773965682,0.0,0,0
1711152000,2024-03-23T00:00:00+00:00,0.48341225129575616,10073.123797739658,10073.123797739658,0.0,10073.123797739658,0.0,73.12379773965682,0.0,0,0
1711238400,2024-03-24T00:00:00+00:00,0.48341225129575616,10073.123797739658,10073.123797739658,0.0,10073.123797739658,0.0,73.12379773965682,0.0,0,0
1711324800,2024-03-25T00:00:00+00:00,0.48341225129575616,10073.123797739658,10073.123797739658,0.0,10073.123797739658,0.0,73.12379773965682,0.0,0,0
1711411200,2024-03-26T00:00:00+00:00,0.48341225129575616,10073.123797739658,10073.123797739658,0.0,10073.123797739658,0.0,73.12379773965682,0.0,0,0
1711497600,2024-03-27T00:00:00+00:00,0.48341225129575616,10073.123797739658,10073.123797739658,0.0,10073.123797739658,0.0,73.12379773965682,0.0,0,0
1711584000,2024-03-28T00:00:00+00:00,0.48341225129575616,10073.123797739658,10073.123797739658,0.0,10073.123797739658,0.0,73.12379773965682,0.0,0,0
1711670400,2024-03-29T00:00:00+00:00,0.48341225129575616,10073.123797739658,10073.123797739658,0.0,10073.123797739658,0.0,73.12379773965682,0.0,0,0
1711756800,2024-03-30T00:00:00+00:00,0.48341225129575616,10073.123797739658,10073.123797739658,0.0,10073.123797739658,0.0,73.12379773965682,0.0,0,0
1711843200,2024-03-31T00:00:00+00:00,0.48341225129575616,10073.123797739658,10073.123797739658,0.0,10073.123797739658,0.0,73.12379773965682,0.0,0,0
1711929600,2024-04-01T00:00:00+00:00,0.48341225129575616,10073.123797739658,10073.123797739658,0.0,10073.123797739658,0.0,73.12379773965682,0.0,0,0
1712016000,2024-04-02T00:00:00+00:00,0.48341225129575616,10073.123797739658,10073.123797739658,0.0,10073.123797739658,0.0,73.12379773965682,0.0,0,0
1712102400,2024-04-03T00:00:00+00:00,0.48341225129575616,10073.123797739658,10073.123797739658,0.0,10073.123797739658,0.0,73.12379773965682,0.0,0,0
1712188800,2024-04-04T00:00:00+00:00,0.48341225129575616,10073.123797739658,10073.123797739658,0.0,10073.123797739658,0.0,73.12379773965682,0.0,0,0
1712275200,2024-04-05T00:00:00+00:00,0.48341225129575616,10073.123797739658,10073.123797739658,0.0,10073.123797739658,0.0,73.12379773965682,0.0,0,0
1712361600,2024-04-06T00:00:00+00:00,0.48341225129575616,10073.123797739658,10073.123797739658,0.0,10073.123797739658,0.0,73.12379773965682,0.0,0,0
1712448000,2024-04-07T00:00:00+00:00,0.48341225129575616,10073.123797739658,10073.123797739658,0.0,10073.123797739658,0.0,73.12379773965682,0.0,0,0
1712534400,2024-04-08T00:00:00+00:00,0.48341225129575616,10073.123797739658,10073.123797739658,0.0,10073.123797739658,0.0,73.12379773965682,0.0,0,0
1712620800,2024-04-09T00:00:00+00:00,0.48341225129575616,10073.123797739658,10073.123797739658,0.0,10073.123797739658,0.0,73.12379773965682,0.0,0,0
1712707200,2024-04-10T00:00:00+00:00,0.48341225129575616,10073.123797739658,10073.123797739658,0.0,10073.123797739658,0.0,73.12379773965682,0.0,0,0
1712793600,2024-04-11T00:00:00+00:00,0.48341225129575616,10073.123797739658,10073.123797739658,0.0,10073.123797739658,0.0,73.12379773965682,0.0,0,0
1712880000,2024-04-12T00:00:00+00:00,0.48341225129575616,10073.123797739658,10073.123797739658,0.0,10073.123797739658,0.0,73.12379773965682,0.0,0,0
1712966400,2024-04-13T00:00:00+00:00,0.48341225129575616,10073.123797739658,10073.123797739658,0.0,10073.123797739658,0.0,73.12379773965682,0.0,0,0
1713052800,2024-04-14T00:00:00+00:00,0.48341225129575616,10073.123797739658,10073.123797739658,0.0,10073.123797739658,0.0,73.12379773965682,0.0,0,0
1713139200,2024-04-15T00:00:00+00:00,0.48341225129575616,10073.123797739658,10073.123797739658,0.0,10073.123797739658,0.0,73.12379773965682,0.0,0,0
1713225600,2024-04-16T00:00:00+00:00,0.48341225129575616,10073.123797739658,10073.123797739658,0.0,10073.123797739658,0.0,73.12379773965682,0.0,0,0
1713312000,2024-04-17T00:00:00+00:00,0.48341225129575616,10073.123797739658,10073.123797739658,0.0,10073.123797739658,0.0,73.12379773965682,0.0,0,0
1713398400,2024-04-18T00:00:00+00:00,0.48341225129575616,10073.123797739658,10073.123797739658,0.0,10073.123797739658,0.0,73.12379773965682,0.0,0,0
1713484800,2024-04-19T00:00:00+00:00,0.48341225129575616,10073.123797739658,10073.123797739658,0.0,10073.123797739658,0.0,73.12379773965682,0.0,0,0
1713571200,2024-04-20T00:00:00+00:00,0.48341225129575616,10073.123797739658,10073.123797739658,0.0,10073.123797739658,0.0,73.12379773965682,0.0,0,0
1713657600,2024-04-21T00:00:00+00:00,0.48341225129575616,10073.123797739658,10073.123797739658,0.0,10073.123797739658,0.0,73.12379773965682,0.0,0,0
1713744000,2024-04-22T00:00:00+00:00,0.48341225129575616,10073.123797739658,10073.123797739658,0.0,10073.123797739658,0.0,73.12379773965682,0.0,0,0
1713830400,2024-04-23T00:00:00+00:00,0.48341225129575616,10073.123797739658,10073.123797739658,0.0,10073.123797739658,0.0,73.12379773965682,0.0,0,0
1713916800,2024-04-24T00:00:00+00:00,0.48341225129575616,10073.123797739658,10073.123797739658,0.0,10073.123797739658,0.0,73.12379773965682,0.0,0,0
1714003200,2024-04-25T00:00:00+00:00,0.48341225129575616,10073.123797739658,10073.123797739658,0.0,10073.123797739658,0.0,73.12379773965682,0.0,0,0
1714089600,2024-04-26T00:00:00+00:00,0.48341225129575616,10073.123797739658,10073.123797739658,0.0,10073.123797739658,0.0,73.12379773965682,0.0,0,0
1714176000,2024-04-27T00:00:00+00:00,0.48341225129575616,10073.123797739658,10073.123797739658,0.0,10073.123797739658,0.0,73.12379773965682,0.0,0,0
1714262400,2024-04-28T00:00:00+00:00,0.48341225129575616,10073.123797739658,10073.123797739658,0.0,10073.123797739658,0.0,73.12379773965682,0.0,0,0
1714348800,2024-04-29T00:00:00+00:00,0.48341225129575616,10073.123797739658,10073.123797739658,0.0,10073.123797739658,0.0,73.12379773965682,0.0,0,0
1714435200,2024-04-30T00:00:00+00:00,0.48341225129575616,10073.123797739658,10073.123797739658,0.0,10073.123797739658,0.0,73.12379773965682,0.0,0,0
1714521600,2024-05-01T00:00:00+00:00,0.48341225129575616,10073.123797739658,10073.123797739658,0.0,10073.123797739658,0.0,73.12379773965682,0.0,0,0
1714608000,2024-05-02T00:00:00+00:00,0.48341225129575616,10073.123797739658,10073.123797739658,0.0,10073.123797739658,0.0,73.12379773965682,0.0,0,0
1714694400,2024-05-03T00:00:00+00:00,0.48341225129575616,10073.123797739658,10073.123797739658,0.0,10073.123797739658,0.0,73.12379773965682,0.0,0,0
1714780800,2024-05-04T00:00:00+00:00,0.48341225129575616,10073.123797739658,10073.123797739658,0.0,10073.123797739658,0.0,73.12379773965682,0.0,0,0
1714867200,2024-05-05T00:00:00+00:00,0.48341225129575616,10073.123797739658,10073.123797739658,0.0,10073.123797739658,0.0,73.12379773965682,0.0,0,0
1714953600,2024-05-06T00:00:00+00:00,0.48341225129575616,10073.123797739658,10073.123797739658,0.0,10073.123797739658,0.0,73.12379773965682,0.0,0,0
1715040000,2024-05-07T00:00:00+00:00,0.48341225129575616,10073.123797739658,10073.123797739658,0.0,10073.123797739658,0.0,73.12379773965682,0.0,0,0
1715126400,2024-05-08T00:00:00+00:00,0.48341225129575616,10073.123797739658,10073.123797739658,0.0,10073.123797739658,0.0,73.12379773965682,0.0,0,0
1715212800,2024-05-09T00:00:00+00:00,0.48341225129575616,10073.123797739658,10073.123797739658,0.0,10073.123797739658,0.0,73.12379773965682,0.0,0,0
1715299200,2024-05-10T00:00:00+00:00,0.48341225129575616,10073.123797739658,10073.123797739658,0.0,10073.123797739658,0.0,73.12379773965682,0.0,0,0
1715385600,2024-05-11T00:00:00+00:00,0.48341225129575616,10073.123797739658,10073.123797739658,0.0,10073.123797739658,0.0,73.12379773965682,0.0,0,0
1715472000,2024-05-12T00:00:00+00:00,0.48341225129575616,10073.123797739658,10073.123797739658,0.0,10073.123797739658,0.0,73.12379773965682,0.0,0,0
1715558400,2024-05-13T00:00:00+00:00,0.48341225129575616,10073.123797739658,10073.123797739658,0.0,10073.123797739658,0.0,73.12379773965682,0.0,0,0
1715644800,2024-05-14T00:00:00+00:00,0.48341225129575616,10073.123797739658,10073.123797739658,0.0,10073.123797739658,0.0,73.12379773965682,0.0,0,0
1715731200,2024-05-15T00:00:00+00:00,0.48341225129575616,10073.123797739658,10073.123797739658,0.0,10073.123797739658,0.0,73.12379773965682,0.0,0,0
1715817600,2024-05-16T00:00:00+00:00,0.48341225129575616,10073.123797739658,10073.123797739658,0.0,10073.123797739658,0.0,73.12379773965682,0.0,0,0
1715904000,2024-05-17T00:00:00+00:00,0.48341225129575616,10073.123797739658,10073.123797739658,0.0,10073.123797739658,0.0,73.12379773965682,0.0,0,0
1715990400,2024-05-18T00:00:00+00:00,0.48341225129575616,10073.123797739658,10073.123797739658,0.0,10073.123797739658,0.0,73.12379773965682,0.0,0,0
1716076800,2024-05-19T00:00:00+00:00,0.48341225129575616,10073.123797739658,10073.123797739658,0.0,10073.123797739658,0.0,73.12379773965682,0.0,0,0
1716163200,2024-05-20T00:00:00+00:00,0.48341225129575616,10073.123797739658,10073.123797739658,0.0,10073.123797739658,0.0,73.12379773965682,0.0,0,0
1716249600,2024-05-21T00:00:00+00:00,0.48341225129575616,10073.123797739658,10073.123797739658,0.0,10073.123797739658,0.0,73.12379773965682,0.0,0,0
1716336000,2024-05-22T00:00:00+00:00,0.48341225129575616,10073.123797739658,10073.123797739658,0.0,10073.123797739658,0.0,73.12379773965682,0.0,0,0
1716422400,2024-05-23T00:00:00+00:00,0.48341225129575616,10073.123797739658,10073.123797739658,0.0,10073.123797739658,0.0,73.12379773965682,0.0,0,0
1716508800,2024-05-24T00:00:00+00:00,0.48341225129575616,10073.123797739658,10073.123797739658,0.0,10073.123797739658,0.0,73.12379773965682,0.0,0,0
1716595200,2024-05-25T00:00:00+00:00,0.48341225129575616,10073.123797739658,10073.123797739658,0.0,10073.123797739658,0.0,73.12379773965682,0.0,0,0
1716681600,2024-05-26T00:00:00+00:00,0.48341225129575616,10073.123797739658,10073.123797739658,0.0,10073.123797739658,0.0,73.12379773965682,0.0,0,0
1716768000,2024-05-27T00:00:00+00:00,0.48341225129575616,10073.123797739658,10073.123797739658,0.0,10073.123797739658,0.0,73.12379773965682,0.0,0,0
1716854400,2024-05-28T00:00:00+00:00,0.48341225129575616,10073.123797739658,10073.123797739658,0.0,10073.123797739658,0.0,73.12379773965682,0.0,0,0
1716940800,2024-05-29T00:00:00+00:00,0.48341225129575616,10073.123797739658,10073.123797739658,0.0,10073.123797739658,0.0,73.12379773965682,0.0,0,0
1717027200,2024-05-30T00:00:00+00:00,0.48341225129575616,10073.123797739658,10073.123797739658,0.0,10073.123797739658,0.0,73.12379773965682,0.0,0,0
1717113600,2024-05-31T00:00:00+00:00,0.48341225129575616,10073.123797739658,10073.123797739658,0.0,10073.123797739658,0.0,73.12379773965682,0.0,0,0
1717200000,2024-06-01T00:00:00+00:00,0.48341225129575616,10073.123797739658,10073.123797739658,0.0,10073.123797739658,0.0,73.12379773965682,0.0,0,0
1717286400,2024-06-02T00:00:00+00:00,0.48341225129575616,10073.123797739658,10073.123797739658,0.0,10073.123797739658,0.0,73.12379773965682,0.0,0,0
1717372800,2024-06-03T00:00:00+00:00,0.48341225129575616,10073.123797739658,10073.123797739658,0.0,10073.123797739658,0.0,73.12379773965682,0.0,0,0
1717459200,2024-06-04T00:00:00+00:00,0.48341225129575616,10073.123797739658,10073.123797739658,0.0,10073.123797739658,0.0,73.12379773965682,0.0,0,0
1717545600,2024-06-05T00:00:00+00:00,0.48341225129575616,10073.123797739658,10073.123797739658,0.0,10073.123797739658,0.0,73.12379773965682,0.0,0,0
1717632000,2024-06-06T00:00:00+00:00,0.48341225129575616,10073.123797739658,10073.123797739658,0.0,10073.123797739658,0.0,73.12379773965682,0.0,0,0
1717718400,2024-06-07T00:00:00+00:00,0.48341225129575616,10073.123797739658,10073.123797739658,0.0,10073.123797739658,0.0,73.12379773965682,0.0,0,0
1717804800,2024-06-08T00:00:00+00:00,0.47238234811717295,10074.24025061157,9915.53477861157,0.0,9915.53477861157,1.2188191962367632,73.02143141533438,158.70547200000001,1,0
1717891200,2024-06-09T00:00:00+00:00,0.510702021107845,10070.36151221573,9915.487532615729,0.0,9915.487532615729,-2.6126732037632383,72.97418541949325,154.8739796,1,0
1717977600,2024-06-10T00:00:00+00:00,0.4687043518366796,10074.61253941989,9915.440286619889,0.0,9915.440286619889,1.6855999962367463,72.92693942365212,159.1722528,1,0
1718064000,2024-06-11T00:00:00+00:00,0.5133053533862064,10070.098001489328,9915.408789289328,0.0,9915.408789289328,-2.7974406037632398,72.89544209309136,154.68921220000001,1,0
1718150400,2024-06-12T00:00:00+00:00,0.6223988692862004,10059.05549575183,9830.97546375183,0.0,9830.97546375183,-1.2584078074729657,60.31390355930316,228.08003199999996,1,0
1718236800,2024-06-13T00:00:00+00:00,0.5829552340997801,10063.048002219888,9830.906662219888,0.0,9830.906662219888,2.802900192527032,60.245102027360915,232.14133999999996,1,0
1718323200,2024-06-14T00:00:00+00:00,0.6424254256868656,10057.028396687947,9830.837860687947,0.0,9830.837860687947,-3.1479038074729666,60.17630049541867,226.19053599999998,1,0
1718409600,2024-06-15T00:00:00+00:00,0.6358070614849387,10057.698311156004,9830.769059156004,0.0,9830.769059156004,-2.409187807472942,60.10749896347643,226.929252,1,0
1718496000,2024-06-16T00:00:00+00:00,0.5799883143723705,10063.348315468043,9830.723191468043,0.0,9830.723191468043,3.2866841925270363,60.061631275514934,232.62512399999997,1,0
1718582400,2024-06-17T00:00:00+00:00,0.545409045576517,10066.84844809212,9830.63145609212,0.0,9830.63145609212,6.878552192527046,59.96989589959195,236.21699199999998,1,0
1718668800,2024-06-18T00:00:00+00:00,0.6190385325912096,10059.395630882029,9830.57231888203,0.0,9830.57231888203,-0.5151278074729598,59.91075868950319,228.823312,1,0
1718755200,2024-06-19T00:00:00+00:00,0.6368902352480665,10057.588671711392,9830.540103711392,0.0,9830.540103711392,-2.2898718074729465,59.87854351886344,227.048568,1,0
1718841600,2024-06-20T00:00:00+00:00,0.5884256661106924,10062.494282080164,9830.457262080165,0.0,9830.457262080165,2.6985801925270376,59.795701887636184,232.03701999999998,1,0
1718928000,2024-06-21T00:00:00+00:00,0.6193136302979019,10059.36778534071,9830.43363334071,0.0,9830.43363334071,-0.404287807472942,59.77207314818282,228.93415199999998,1,0
1719014400,2024-06-22T00:00:00+00:00,0.6158779627338462,10059.715545502946,9830.395409502948,0.0,9830.395409502948,-0.018303807472966945,59.733849310420105,229.32013599999996,1,0
1719100800,2024-06-23T00:00:00+00:00,0.6310145668395606,10058.18341010237,9830.357658102372,0.0,9830.357658102372,-1.512687807472942,59.696097909843395,227.825752,1,0
1719187200,2024-06-24T00:00:00+00:00,0.679433068084101,10053.282462751073,9830.338886751073,0.0,9830.338886751073,-6.394863807472949,59.677326558545154,222.94357599999998,1,0
1719273600,2024-06-25T00:00:00+00:00,0.7379209143474563,10047.3622907536,10047.3622907536,0.0,10047.3622907536,0.0,47.36229075359954,0.0,0,0
1719360000,2024-06-26T00:00:00+00:00,0.7379209143474563,10047.3622907536,10047.3622907536,0.0,10047.3622907536,0.0,47.36229075359954,0.0,0,0
1719446400,2024-06-27T00:00:00+00:00,0.7379209143474563,10047.3622907536,10047.3622907536,0.0,10047.3622907536,0.0,47.36229075359954,0.0,0,0
1719532800,2024-06-28T00:00:00+00:00,0.7379209143474563,10047.3622907536,10047.3622907536,0.0,10047.3622907536,0.0,47.36229075359954,0.0,0,0
1719619200,2024-06-29T00:00:00+00:00,0.7379209143474563,10047.3622907536,10047.3622907536,0.0,10047.3622907536,0.0,47.36229075359954,0.0,0,0
1719705600,2024-06-30T00:00:00+00:00,0.7379209143474563,10047.3622907536,10047.3622907536,0.0,10047.3622907536,0.0,47.36229075359954,0.0,0,0
1719792000,2024-07-01T00:00:00+00:00,0.7379209143474563,10047.3622907536,10047.3622907536,0.0,10047.3622907536,0.0,47.36229075359954,0.0,0,0
1719878400,2024-07-02T00:00:00+00:00,0.7379209143474563,10047.3622907536,10047.3622907536,0.0,10047.3622907536,0.0,47.36229075359954,0.0,0,0
1719964800,2024-07-03T00:00:00+00:00,0.7379209143474563,10047.3622907536,10047.3622907536,0.0,10047.3622907536,0.0,47.36229075359954,0.0,0,0
1720051200,2024-07-04T00:00:00+00:00,0.7379209143474563,10047.3622907536,10047.3622907536,0.0,10047.3622907536,0.0,47.36229075359954,0.0,0,0
1720137600,2024-07-05T00:00:00+00:00,0.7379209143474563,10047.3622907536,10047.3622907536,0.0,10047.3622907536,0.0,47.36229075359954,0.0,0,0
1720224000,2024-07-06T00:00:00+00:00,0.7379209143474563,10047.3622907536,10047.3622907536,0.0,10047.3622907536,0.0,47.36229075359954,0.0,0,0
1720310400,2024-07-07T00:00:00+00:00,0.7379209143474563,10047.3622907536,10047.3622907536,0.0,10047.3622907536,0.0,47.36229075359954,0.0,0,0
1720396800,2024-07-08T00:00:00+00:00,0.7379209143474563,10047.3622907536,10047.3622907536,0.0,10047.3622907536,0.0,47.36229075359954,0.0,0,0
1720483200,2024-07-09T00:00:00+00:00,0.7379209143474563,10047.3622907536,10047.3622907536,0.0,10047.3622907536,0.0,47.36229075359954,0.0,0,0
1720569600,2024-07-10T00:00:00+00:00,0.7379209143474563,10047.3622907536,10047.3622907536,0.0,10047.3622907536,0.0,47.36229075359954,0.0,0,0
1720656000,2024-07-11T00:00:00+00:00,0.7379209143474563,10047.3622907536,10047.3622907536,0.0,10047.3622907536,0.0,47.36229075359954,0.0,0,0
1720742400,2024-07-12T00:00:00+00:00,0.7379209143474563,10047.3622907536,10047.3622907536,0.0,10047.3622907536,0.0,47.36229075359954,0.0,0,0
1720828800,2024-07-13T00:00:00+00:00,0.7379209143474563,10047.3622907536,10047.3622907536,0.0,10047.3622907536,0.0,47.36229075359954,0.0,0,0
1720915200,2024-07-14T00:00:00+00:00,0.7379209143474563,10047.3622907536,10047.3622907536,0.0,10047.3622907536,0.0,47.36229075359954,0.0,0,0
1721001600,2024-07-15T00:00:00+00:00,0.7379209143474563,10047.3622907536,10047.3622907536,0.0,10047.3622907536,0.0,47.36229075359954,0.0,0,0
1721088000,2024-07-16T00:00:00+00:00,0.7379209143474563,10047.3622907536,10047.3622907536,0.0,10047.3622907536,0.0,47.36229075359954,0.0,0,0
1721174400,2024-07-17T00:00:00+00:00,0.7379209143474563,10047.3622907536,10047.3622907536,0.0,10047.3622907536,0.0,47.36229075359954,0.0,0,0
1721260800,2024-07-18T00:00:00+00:00,0.7379209143474563,10047.3622907536,10047.3622907536,0.0,10047.3622907536,0.0,47.36229075359954,0.0,0,0
1721347200,2024-07-19T00:00:00+00:00,0.7379209143474563,10047.3622907536,10047.3622907536,0.0,10047.3622907536,0.0,47.36229075359954,0.0,0,0
1721433600,2024-07-20T00:00:00+00:00,0.7379209143474563,10047.3622907536,10047.3622907536,0.0,10047.3622907536,0.0,47.36229075359954,0.0,0,0
1721520000,2024-07-21T00:00:00+00:00,0.7379209143474563,10047.3622907536,10047.3622907536,0.0,10047.3622907536,0.0,47.36229075359954,0.0,0,0
1721606400,2024-07-22T00:00:00+00:00,0.7379209143474563,10047.3622907536,10047.3622907536,0.0,10047.3622907536,0.0,47.36229075359954,0.0,0,0
1721692800,2024-07-23T00:00:00+00:00,0.7379209143474563,10047.3622907536,10047.3622907536,0.0,10047.3622907536,0.0,47.36229075359954,0.0,0,0
1721779200,2024-07-24T00:00:00+00:00,0.7379209143474563,10047.3622907536,10047.3622907536,0.0,10047.3622907536,0.0,47.36229075359954,0.0,0,0
1721865600,2024-07-25T00:00:00+00:00,0.7379209143474563,10047.3622907536,10047.3622907536,0.0,10047.3622907536,0.0,47.36229075359954,0.0,0,0
1721952000,2024-07-26T00:00:00+00:00,0.7379209143474563,10047.3622907536,10047.3622907536,0.0,10047.3622907536,0.0,47.36229075359954,0.0,0,0
1722038400,2024-07-27T00:00:00+00:00,0.7379209143474563,10047.3622907536,10047.3622907536,0.0,10047.3622907536,0.0,47.36229075359954,0.0,0,0
1722124800,2024-07-28T00:00:00+00:00,0.7379209143474563,10047.3622907536,10047.3622907536,0.0,10047.3622907536,0.0,47.36229075359954,0.0,0,0
1722211200,2024-07-29T00:00:00+00:00,0.7379209143474563,10047.3622907536,10047.3622907536,0.0,10047.3622907536,0.0,47.36229075359954,0.0,0,0
1722297600,2024-07-30T00:00:00+00:00,0.7379209143474563,10047.3622907536,10047.3622907536,0.0,10047.3622907536,0.0,47.36229075359954,0.0,0,0
1722384000,2024-07-31T00:00:00+00:00,0.7379209143474563,10047.3622907536,10047.3622907536,0.0,10047.3622907536,0.0,47.36229075359954,0.0,0,0
1722470400,2024-08-01T00:00:00+00:00,0.7379209143474563,10047.3622907536,10047.3622907536,0.0,10047.3622907536,0.0,47.36229075359954,0.0,0,0
1722556800,2024-08-02T00:00:00+00:00,0.7379209143474563,10047.3622907536,10047.3622907536,0.0,10047.3622907536,0.0,47.36229075359954,0.0,0,0
1722643200,2024-08-03T00:00:00+00:00,0.7379209143474563,10047.3622907536,10047.3622907536,0.0,10047.3622907536,0.0,47.36229075359954,0.0,0,0
1722729600,2024-08-04T00:00:00+00:00,0.7379209143474563,10047.3622907536,10047.3622907536,0.0,10047.3622907536,0.0,47.36229075359954,0.0,0,0
1722816000,2024-08-05T00:00:00+00:00,0.7379209143474563,10047.3622907536,10047.3622907536,0.0,10047.3622907536,0.0,47.36229075359954,0.0,0,0
1722902400,2024-08-06T00:00:00+00:00,0.7379209143474563,10047.3622907536,10047.3622907536,0.0,10047.3622907536,0.0,47.36229075359954,0.0,0,0
1722988800,2024-08-07T00:00:00+00:00,0.7379209143474563,10047.3622907536,10047.3622907536,0.0,10047.3622907536,0.0,47.36229075359954,0.0,0,0
1723075200,2024-08-08T00:00:00+00:00,0.7379209143474563,10047.3622907536,10047.3622907536,0.0,10047.3622907536,0.0,47.36229075359954,0.0,0,0
1723161600,2024-08-09T00:00:00+00:00,0.7379209143474563,10047.3622907536,10047.3622907536,0.0,10047.3622907536,0.0,47.36229075359954,0.0,0,0
1723248000,2024-08-10T00:00:00+00:00,0.7379209143474563,10047.3622907536,10047.3622907536,0.0,10047.3622907536,0.0,47.36229075359954,0.0,0,0
1723334400,2024-08-11T00:00:00+00:00,0.7379209143474563,10047.3622907536,10047.3622907536,0.0,10047.3622907536,0.0,47.36229075359954,0.0,0,0
1723420800,2024-08-12T00:00:00+00:00,0.7379209143474563,10047.3622907536,10047.3622907536,0.0,10047.3622907536,0.0,47.36229075359954,0.0,0,0
1723507200,2024-08-13T00:00:00+00:00,0.7379209143474563,10047.3622907536,10047.3622907536,0.0,10047.3622907536,0.0,47.36229075359954,0.0,0,0
1723593600,2024-08-14T00:00:00+00:00,0.7379209143474563,10047.3622907536,10047.3622907536,0.0,10047.3622907536,0.0,47.36229075359954,0.0,0,0
1723680000,2024-08-15T00:00:00+00:00,0.7379209143474563,10047.3622907536,10047.3622907536,0.0,10047.3622907536,0.0,47.36229075359954,0.0,0,0
1723766400,2024-08-16T00:00:00+00:00,0.7379209143474563,10047.3622907536,10047.3622907536,0.0,10047.3622907536,0.0,47.36229075359954,0.0,0,0
1723852800,2024-08-17T00:00:00+00:00,0.7379209143474563,10047.3622907536,10047.3622907536,0.0,10047.3622907536,0.0,47.36229075359954,0.0,0,0
1723939200,2024-08-18T00:00:00+00:00,0.7379209143474563,10047.3622907536,10047.3622907536,0.0,10047.3622907536,0.0,47.36229075359954,0.0,0,0
1724025600,2024-08-19T00:00:00+00:00,0.7379209143474563,10047.3622907536,10047.3622907536,0.0,10047.3622907536,0.0,47.36229075359954,0.0,0,0
1724112000,2024-08-20T00:00:00+00:00,0.7379209143474563,10047.3622907536,10047.3622907536,0.0,10047.3622907536,0.0,47.36229075359954,0.0,0,0
1724198400,2024-08-21T00:00:00+00:00,0.7379209143474563,10047.3622907536,10047.3622907536,0.0,10047.3622907536,0.0,47.36229075359954,0.0,0,0
1724284800,2024-08-22T00:00:00+00:00,0.7379209143474563,10047.3622907536,10047.3622907536,0.0,10047.3622907536,0.0,47.36229075359954,0.0,0,0
1724371200,2024-08-23T00:00:00+00:00,0.7379209143474563,10047.3622907536,10047.3622907536,0.0,10047.3622907536,0.0,47.36229075359954,0.0,0,0
1724457600,2024-08-24T00:00:00+00:00,0.7379209143474563,10047.3622907536,10047.3622907536,0.0,10047.3622907536,0.0,47.36229075359954,0.0,0,0
1724544000,2024-08-25T00:00:00+00:00,0.7379209143474563,10047.3622907536,10047.3622907536,0.0,10047.3622907536,0.0,47.36229075359954,0.0,0,0
1724630400,2024-08-26T00:00:00+00:00,0.7379209143474563,10047.3622907536,10047.3622907536,0.0,10047.3622907536,0.0,47.36229075359954,0.0,0,0
1724716800,2024-08-27T00:00:00+00:00,0.7379209143474563,10047.3622907536,10047.3622907536,0.0,10047.3622907536,0.0,47.36229075359954,0.0,0,0
1724803200,2024-08-28T00:00:00+00:00,0.7379209143474563,10047.3622907536,10047.3622907536,0.0,10047.3622907536,0.0,47.36229075359954,0.0,0,0
1724889600,2024-08-29T00:00:00+00:00,0.7379209143474563,10047.3622907536,10047.3622907536,0.0,10047.3622907536,0.0,47.36229075359954,0.0,0,0
1724976000,2024-08-30T00:00:00+00:00,0.7379209143474563,10047.3622907536,10047.3622907536,0.0,10047.3622907536,0.0,47.36229075359954,0.0,0,0
1725062400,2024-08-31T00:00:00+00:00,0.7379209143474563,10047.3622907536,10047.3622907536,0.0,10047.3622907536,0.0,47.36229075359954,0.0,0,0
1725148800,2024-09-01T00:00:00+00:00,0.7379209143474563,10047.3622907536,10047.3622907536,0.0,10047.3622907536,0.0,47.36229075359954,0.0,0,0
1725235200,2024-09-02T00:00:00+00:00,0.7379209143474563,10047.3622907536,10047.3622907536,0.0,10047.3622907536,0.0,47.36229075359954,0.0,0,0
1725321600,2024-09-03T00:00:00+00:00,0.7379209143474563,10047.3622907536,10047.3622907536,0.0,10047.3622907536,0.0,47.36229075359954,0.0,0,0
1725408000,2024-09-04T00:00:00+00:00,0.7379209143474563,10047.3622907536,10047.3622907536,0.0,10047.3622907536,0.0,47.36229075359954,0.0,0,0
1725494400,2024-09-05T00:00:00+00:00,0.7379209143474563,10047.3622907536,10047.3622907536,0.0,10047.3622907536,0.0,47.36229075359954,0.0,0,0
1725580800,2024-09-06T00:00:00+00:00,0.7379209143474563,10047.3622907536,10047.3622907536,0.0,10047.3622907536,0.0,47.36229075359954,0.0,0,0
1725667200,2024-09-07T00:00:00+00:00,0.7379209143474563,10047.3622907536,10047.3622907536,0.0,10047.3622907536,0.0,47.36229075359954,0.0,0,0
1725753600,2024-09-08T00:00:00+00:00,0.7379209143474563,10047.3622907536,10047.3622907536,0.0,10047.3622907536,0.0,47.36229075359954,0.0,0,0
1725840000,2024-09-09T00:00:00+00:00,0.7379209143474563,10047.3622907536,10047.3622907536,0.0,10047.3622907536,0.0,47.36229075359954,0.0,0,0
1725926400,2024-09-10T00:00:00+00:00,0.7379209143474563,10047.3622907536,10047.3622907536,0.0,10047.3622907536,0.0,47.36229075359954,0.0,0,0
1726012800,2024-09-11T00:00:00+00:00,0.7379209143474563,10047.3622907536,10047.3622907536,0.0,10047.3622907536,0.0,47.36229075359954,0.0,0,0
1726099200,2024-09-12T00:00:00+00:00,0.7379209143474563,10047.3622907536,10047.3622907536,0.0,10047.3622907536,0.0,47.36229075359954,0.0,0,0
1726185600,2024-09-13T00:00:00+00:00,0.7379209143474563,10047.3622907536,10047.3622907536,0.0,10047.3622907536,0.0,47.36229075359954,0.0,0,0
1726272000,2024-09-14T00:00:00+00:00,0.7379209143474563,10047.3622907536,10047.3622907536,0.0,10047.3622907536,0.0,47.36229075359954,0.0,0,0
1726358400,2024-09-15T00:00:00+00:00,0.7379209143474563,10047.3622907536,10047.3622907536,0.0,10047.3622907536,0.0,47.36229075359954,0.0,0,0
1726444800,2024-09-16T00:00:00+00:00,0.7379209143474563,10047.3622907536,10047.3622907536,0.0,10047.3622907536,0.0,47.36229075359954,0.0,0,0
1726531200,2024-09-17T00:00:00+00:00,0.7379209143474563,10047.3622907536,10047.3622907536,0.0,10047.3622907536,0.0,47.36229075359954,0.0,0,0
1726617600,2024-09-18T00:00:00+00:00,0.7379209143474563,10047.3622907536,10047.3622907536,0.0,10047.3622907536,0.0,47.36229075359954,0.0,0,0
1726704000,2024-09-19T00:00:00+00:00,0.7379209143474563,10047.3622907536,10047.3622907536,0.0,10047.3622907536,0.0,47.36229075359954,0.0,0,0
1726790400,2024-09-20T00:00:00+00:00,0.7379209143474563,10047.3622907536,10047.3622907536,0.0,10047.3622907536,0.0,47.36229075359954,0.0,0,0
1726876800,2024-09-21T00:00:00+00:00,0.7379209143474563,10047.3622907536,10047.3622907536,0.0,10047.3622907536,0.0,47.36229075359954,0.0,0,0
1726963200,2024-09-22T00:00:00+00:00,0.7379209143474563,10047.3622907536,10047.3622907536,0.0,10047.3622907536,0.0,47.36229075359954,0.0,0,0
1727049600,2024-09-23T00:00:00+00:00,0.7379209143474563,10047.3622907536,10047.3622907536,0.0,10047.3622907536,0.0,47.36229075359954,0.0,0,0
1727136000,2024-09-24T00:00:00+00:00,0.7379209143474563,10047.3622907536,10047.3622907536,0.0,10047.3622907536,0.0,47.36229075359954,0.0,0,0
1727222400,2024-09-25T00:00:00+00:00,0.7379209143474563,10047.3622907536,10047.3622907536,0.0,10047.3622907536,0.0,47.36229075359954,0.0,0,0
1727308800,2024-09-26T00:00:00+00:00,0.7379209143474563,10047.3622907536,10047.3622907536,0.0,10047.3622907536,0.0,47.36229075359954,0.0,0,0
1727395200,2024-09-27T00:00:00+00:00,0.7379209143474563,10047.3622907536,10047.3622907536,0.0,10047.3622907536,0.0,47.36229075359954,0.0,0,0
1727481600,2024-09-28T00:00:00+00:00,0.7379209143474563,10047.3622907536,10047.3622907536,0.0,10047.3622907536,0.0,47.36229075359954,0.0,0,0
1727568000,2024-09-29T00:00:00+00:00,0.7379209143474563,10047.3622907536,10047.3622907536,0.0,10047.3622907536,0.0,47.36229075359954,0.0,0,0
1727654400,2024-09-30T00:00:00+00:00,0.7379209143474563,10047.3622907536,10047.3622907536,0.0,10047.3622907536,0.0,47.36229075359954,0.0,0,0
1727740800,2024-10-01T00:00:00+00:00,0.7379209143474563,10047.3622907536,10047.3622907536,0.0,10047.3622907536,0.0,47.36229075359954,0.0,0,0
1727827200,2024-10-02T00:00:00+00:00,0.7379209143474563,10047.3622907536,10047.3622907536,0.0,10047.3622907536,0.0,47.36229075359954,0.0,0,0
1727913600,2024-10-03T00:00:00+00:00,0.7662186865048715,10044.497974677352,9712.000483877351,0.0,9712.000483877351,-2.6749555360275945,47.17293021337879,332.49749080000004,2,0
1728000000,2024-10-04T00:00:00+00:00,0.7576122676998587,10045.369121126796,9712.037724726795,0.0,9712.037724726795,-1.8410499360276034,47.21017106282279,333.3313964,2,0
1728086400,2024-10-05T00:00:00+00:00,0.6652221713353001,10054.72089754336,9712.01255794336,0.0,9712.01255794336,7.535893263972409,47.185004279388004,342.7083396,2,0
1728172800,2024-10-06T00:00:00+00:00,0.6130446095631514,10060.0023390707,9711.973971070698,0.0,9711.973971070698,12.8559216639724,47.14641740672541,348.028368,2,0
1728259200,2024-10-07T00:00:00+00:00,0.5870687863048452,10062.6316262011,9711.953532601101,0.0,9711.953532601101,15.505647263972389,47.12597893712853,350.6780936,2,0
1728345600,2024-10-08T00:00:00+00:00,0.6241181155718811,10058.881472696316,9711.915099896316,0.0,9711.915099896316,11.793926463972408,47.08754623234352,346.9663728,2,0
1728432000,2024-10-09T00:00:00+00:00,0.6145111246851576,10059.853897602705,9711.939358402704,0.0,9711.939358402704,12.742092863972381,47.11180473873095,347.9145392,2,0
1728518400,2024-10-10T00:00:00+00:00,0.6860539572894897,10052.612292700775,9712.069480700775,0.0,9712.069480700775,5.370365663972403,47.24192703680286,340.542812,2,0
1728604800,2024-10-11T00:00:00+00:00,0.7054195735428981,10050.652094362456,9712.112057162456,0.0,9712.112057162456,3.3675908639724126,47.284503498483815,338.54003720000003,2,0
1728691200,2024-10-12T00:00:00+00:00,0.6241501252138293,10058.878232662735,9712.086712262735,0.0,9712.086712262735,11.619074063972395,47.25915859876327,346.79152039999997,2,0
1728777600,2024-10-13T00:00:00+00:00,0.6020305069822318,10061.117192597418,9712.041808997417,0.0,9712.041808997417,13.902937263972408,47.21425533344606,349.0753836,2,0
1728864000,2024-10-14T00:00:00+00:00,0.6512758078597414,10056.132556132101,9711.996905732101,0.0,9711.996905732101,8.963204063972423,47.169352068128845,344.13565040000003,2,0
1728950400,2024-10-15T00:00:00+00:00,0.5213815693161705,10069.280522466785,9711.952002466784,0.0,9711.952002466784,22.156073663972375,47.12444880281163,357.32851999999997,2,0
1729036800,2024-10-16T00:00:00+00:00,0.47906324132468425,10073.564006923145,9711.879239723145,0.0,9711.879239723145,26.512320863972402,47.05168605917252,361.6847672,2,0
1729123200,2024-10-17T00:00:00+00:00,0.4874678363876006,10072.713289183983,9711.828480383983,0.0,9711.828480383983,25.712362463972415,47.00092672001136,360.8848088,2,0
1729209600,2024-10-18T00:00:00+00:00,0.5450610966523772,10066.883667673774,9711.798544873773,0.0,9711.798544873773,19.912676463972407,46.970991209799884,355.0851228,2,0
1729296000,2024-10-19T00:00:00+00:00,0.46310944812836263,10075.17885865335,9711.73867385335,0.0,9711.73867385335,28.267738463972385,46.91112018937693,363.4401848,2,0
1729382400,2024-10-20T00:00:00+00:00,0.47590583047040225,10073.883601788031,9711.693770588032,0.0,9711.693770588032,27.017384863972413,46.86621692405972,362.18983119999996,2,0
1729468800,2024-10-21T00:00:00+00:00,0.3724769488751223,10084.352730122715,9711.648867322714,0.0,9711.648867322714,37.5314164639724,46.821313658742504,372.7038628,2,0
1729555200,2024-10-22T00:00:00+00:00,0.4348094972544181,10078.043395260484,9711.574054860483,0.0,9711.574054860483,31.29689406397241,46.746501196510565,366.46934039999996,2,0
1729641600,2024-10-23T00:00:00+00:00,0.41627276014862824,10079.919693995165,9711.529151595165,0.0,9711.529151595165,33.218096063972396,46.70159793119335,368.39054239999996,2,0
1729728000,2024-10-24T00:00:00+00:00,0.5004238832824304,10071.401870984733,9416.446166584734,0.0,9416.446166584734,24.93682649937346,46.46504448535915,654.9557044000001,3,0
1729814400,2024-10-25T00:00:00+00:00,0.41551127056587145,10079.996772389946,9416.312809389947,0.0,9416.312809389947,33.665085099373414,46.33168729057255,663.683963,3,0
1729900800,2024-10-26T00:00:00+00:00,0.662103240938472,10055.03659739516,9416.17945219516,0.0,9416.17945219516,8.838267299373415,46.19833009578596,638.8571452000001,3,0
1729987200,2024-10-27T00:00:00+00:00,0.6015499955585812,10061.16583022825,9416.04844942825,0.0,9416.04844942825,15.098502899373427,46.0673273288775,645.1173808000001,3,0
1730073600,2024-10-28T00:00:00+00:00,0.556558260664064,10065.719918403098,9415.917241603096,0.0,9415.917241603096,19.783798899373423,45.936119503724086,649.8026768,3,0
1730160000,2024-10-29T00:00:00+00:00,0.42035630824960313,10079.506355008312,9415.783884408313,0.0,9415.783884408313,33.70359269937341,45.8027623089375,663.7224706,3,0
1730246400,2024-10-30T00:00:00+00:00,0.23534217565432947,10098.233587363482,9415.60056416348,0.0,9415.60056416348,52.61414529937347,45.61944206410761,682.6330232,3,0
1730332800,2024-10-31T00:00:00+00:00,0.16968928934426586,10104.879008658976,9415.426498258978,0.0,9415.426498258978,59.43363249937345,45.44537615960316,689.4525104,3,0
1730419200,2024-11-01T00:00:00+00:00,0.5331120238178055,10068.093159404285,9415.286596804286,0.0,9415.286596804286,22.787684699373436,45.305474704911134,652.8065626,3,0
1730505600,2024-11-02T00:00:00+00:00,0.5783375592579465,10063.515405809498,9415.153239609499,0.0,9415.153239609499,18.343288299373423,45.17211751012454,648.3621662,3,0
1730592000,2024-11-03T00:00:00+00:00,0.6239682377227829,10058.896643414711,9415.019882414712,0.0,9415.019882414712,13.857883099373467,45.038760315337946,643.876761,3,0
1730678400,2024-11-04T00:00:00+00:00,0.7626380259036947,10044.860411114627,9414.920831314626,0.0,9414.920831314626,-0.07929810062657427,44.9397092152537,629.9395798,3,0
1730764800,2024-11-05T00:00:00+00:00,0.9197195440152295,10028.960533374948,9414.81344317495,0.0,9414.81344317495,-15.871787700626596,44.83232107557557,614.1470901999999,3,0
1730851200,2024-11-06T00:00:00+00:00,0.7775619334096651,10043.349804980971,9414.698191380972,0.0,9414.698191380972,-1.3672643006265686,44.71706928159854,628.6516136,3,0
1730937600,2024-11-07T00:00:00+00:00,0.1457310222568009,10107.30407764306,9414.537512643059,0.0,9414.537512643059,62.74768709937342,44.556390543686355,692.766565,3,0
1731024000,2024-11-08T00:00:00+00:00,0.02910682712521373,10134.688689258299,9585.000603258299,0.0,9585.000603258299,67.21704198461656,67.4716472736821,549.688086,3,0
1731110400,2024-11-09T00:00:00+00:00,0,10153.29551924296,9584.83758884296,0.0,9584.83758884296,85.98688638461651,67.30863285834359,568.4579304,3,0
1731196800,2024-11-10T00:00:00+00:00,0,10173.316074882412,9584.665153082413,0.0,9584.665153082413,106.17987778461654,67.13619709779674,588.6509218,3,0
1731283200,2024-11-11T00:00:00+00:00,0.0719735175240599,10186.136015775475,9872.154457575476,0.0,9872.154457575476,53.647887392661275,132.48812838281435,313.9815582,2,0
1731369600,2024-11-12T00:00:00+00:00,0,10201.73953214854,9871.98404214854,0.0,9871.98404214854,69.42181919266125,132.3177129558785,329.75549,2,0
1731456000,2024-11-13T00:00:00+00:00,0.18673053223744462,10182.776978791659,9871.630522791658,0.0,9871.630522791658,50.81278519266126,131.96419359899755,311.146456,2,0
1731542400,2024-11-14T00:00:00+00:00,0.23436557102879396,10177.917334588288,9871.557812388288,0.0,9871.557812388288,46.02585139266128,131.89148319562577,306.3595222,2,0
1731628800,2024-11-15T00:00:00+00:00,0.262905461263796,10175.005744387789,9871.46671138779,0.0,9871.46671138779,43.20536219266126,131.80038219512738,303.539033,2,0
1731715200,2024-11-16T00:00:00+00:00,0.21636437514896967,10179.753785432682,9871.451743632682,0.0,9871.451743632682,47.968370992661264,131.78541444002164,308.3020418,2,0
1731801600,2024-11-17T00:00:00+00:00,0.15953156209774777,10185.551770645108,9871.34250284511,0.0,9871.34250284511,53.87559699266128,131.6761736524477,314.2092678,2,0
1731888000,2024-11-18T00:00:00+00:00,0.22398603558878571,10178.976236827366,9871.318782427366,0.0,9871.318782427366,47.32378359266126,131.65245323470538,307.6574544,2,0
1731974400,2024-11-19T00:00:00+00:00,0.12334062027772319,10189.243907884684,9871.251251684684,0.0,9871.251251684684,57.65898539266128,131.58492249202249,317.9926562,2,0
1732060800,2024-11-20T00:00:00+00:00,0.17970463680843096,10183.493748481815,9871.159166281815,0.0,9871.159166281815,52.00091139266125,131.49283708915357,312.3345822,2,0
1732147200,2024-11-21T00:00:00+00:00,0.24689786074352238,10176.638812084426,9967.765868084425,0.0,9967.765868084425,23.37804872135011,153.2607633630766,208.872944,1,0
1732233600,2024-11-22T00:00:00+00:00,0.1921177062097046,10182.227388627965,9967.648004627965,0.0,9967.648004627965,29.08448872135013,153.14289990661652,214.579384,1,0
1732320000,2024-11-23T00:00:00+00:00,0.15567028661598314,10185.945691286062,9967.511443286061,0.0,9967.511443286061,32.93935272135011,153.0063385647124,218.434248,1,0
1732406400,2024-11-24T00:00:00+00:00,0.0633397360299548,10195.365094236791,10083.11028223679,0.0,10083.11028223679,19.50736436067506,175.85772987611597,112.254812,1,0
1732492800,2024-11-25T00:00:00+00:00,0.04883704708588121,10196.84463345936,10083.022705459358,0.0,10083.022705459358,21.074480360675064,175.77015309868253,113.821928,1,0
1732579200,2024-11-26T00:00:00+00:00,0.08931903119626661,10192.714731512924,10082.966615512923,0.0,10082.966615512923,17.000668360675064,175.71406315224817,109.74811600000001,1,0
1732665600,2024-11-27T00:00:00+00:00,0.12803397004899075,10188.765100464998,10082.921844464998,0.0,10082.921844464998,13.095808360675068,175.66929210432372,105.84325600000001,1,0
1732752000,2024-11-28T00:00:00+00:00,0.07661461426762273,10194.010814137206,10082.866258137205,0.0,10082.866258137205,18.39710836067507,175.61370577653003,111.14455600000001,1,0
1732838400,2024-11-29T00:00:00+00:00,0.06097743061102001,10195.606092546586,10082.799600546587,0.0,10082.799600546587,20.059044360675067,175.54704818591165,112.806492,1,0
1732924800,2024-11-30T00:00:00+00:00,0.06022978457965733,10195.682366100564,10082.737954100563,0.0,10082.737954100563,20.196964360675057,175.48540173988923,112.944412,1,0
1733011200,2024-12-01T00:00:00+00:00,0.06294406539156805,10195.405459870432,10082.676547870431,0.0,10082.676547870431,19.98146436067506,175.4239955097562,112.728912,1,0
1733097600,2024-12-02T00:00:00+00:00,0.058742084741625344,10195.834138662898,10082.631126662898,0.0,10082.631126662898,20.45556436067506,175.37857430222377,113.203012,1,0
1733184000,2024-12-03T00:00:00+00:00,0.059049864195059865,10195.802739535811,10013.361415535812,0.0,10013.361415535812,20.603285078728796,175.1994544570828,182.441324,2,0
1733270400,2024-12-04T00:00:00+00:00,0.010502730614547762,10213.283344736974,10013.203946736974,0.0,10013.203946736974,38.24135907872879,175.0419856582456,200.079398,2,0
1733356800,2024-12-05T00:00:00+00:00,0.09851007166746806,10212.519943082341,10013.110411082342,0.0,10013.110411082342,37.57149307872881,174.9484500036128,199.409532,2,0
1733443200,2024-12-06T00:00:00+00:00,0.11863152298948743,10210.463009566562,10012.861140566562,0.0,10012.861140566562,35.76383007872881,174.6991794878326,197.601869,2,0
1733529600,2024-12-07T00:00:00+00:00,0.09484738712812746,10212.894364313997,10012.730732313998,0.0,10012.730732313998,38.32559307872881,174.5687712352678,200.163632,2,0
1733616000,2024-12-08T00:00:00+00:00,0.059553498515863,10216.502313920957,10012.581351920957,0.0,10012.581351920957,42.08292307872881,174.4193908422272,203.92096200000003,2,0
1733702400,2024-12-09T00:00:00+00:00,0.07696590939095804,10214.72231450907,10012.481194509071,0.0,10012.481194509071,40.4030810787288,174.31923343034165,202.24112000000002,2,0
1733788800,2024-12-10T00:00:00+00:00,0.19533495549431956,10202.621931973821,9764.90556697382,0.0,9764.90556697382,2.571374017158962,200.05055795666155,437.716365,2,0
1733875200,2024-12-11T00:00:00+00:00,0.2341912620598796,10198.649810977427,9764.731508977427,0.0,9764.731508977427,-1.2266889828410805,199.8764999602684,433.918302,2,0
1733961600,2024-12-12T00:00:00+00:00,0.0253219878949551,10220.001660979231,9764.644479979232,0.0,9764.644479979232,20.212190017158946,199.78947096207185,455.35718099999997,2,0
1734048000,2024-12-13T00:00:00+00:00,0.08228211643772632,10215.394293982838,9764.470421982838,0.0,9764.470421982838,15.778881017158914,199.6154129656787,450.92387199999996,2,0
1734134400,2024-12-14T00:00:00+00:00,0.03843875730126234,10219.876754253533,9764.351775253534,0.0,9764.351775253534,20.37998801715892,199.49676623637413,455.524979,2,0
1734220800,2024-12-15T00:00:00+00:00,0.05428203907880125,10218.256967756239,9764.221231756239,0.0,9764.221231756239,18.890745017158938,199.36622273907926,454.035736,2,0
1734307200,2024-12-16T00:00:00+00:00,0,10231.204366045655,9764.099537045655,0.0,9764.099537045655,31.95983801715892,199.24452802849464,467.10482899999994,2,0
1734393600,2024-12-17T00:00:00+00:00,0.055051783385029474,10234.479395134782,9763.979803134782,0.0,9763.979803134782,35.35460101715893,199.12479411762297,470.499592,2,0
1734480000,2024-12-18T00:00:00+00:00,0.07683501601558618,10236.763604854985,9763.853360854986,0.0,9763.853360854986,37.76525301715896,198.9983518378266,472.91024400000003,2,0
1734566400,2024-12-19T00:00:00+00:00,0.3475298666044013,10209.031905253862,9763.742391253862,0.0,9763.742391253862,10.144523017158962,198.8873822367018,445.28951400000005,2,0
1734652800,2024-12-20T00:00:00+00:00,0.5351038891050597,10189.815631159074,9426.868392959073,0.0,9426.868392959073,-8.749737409014525,198.56536856808867,762.9472381999999,4,0
1734739200,2024-12-21T00:00:00+00:00,0.5037446426880421,10193.028271515781,9483.139099515782,0.0,9483.139099515782,7.282787672931737,185.74548384284864,709.8891719999999,3,0
1734825600,2024-12-22T00:00:00+00:00,0.6679016577726404,10176.210984375517,9482.974235775517,0.0,9482.974235775517,-9.369635727068232,185.58062010258462,693.2367486,3,0
1734912000,2024-12-23T00:00:00+00:00,0.7856536668922387,10164.147720751438,9482.787331951438,0.0,9482.787331951438,-21.24599552706823,185.3937162785062,681.3603888,3,0
1734998400,2024-12-24T00:00:00+00:00,0.5932841481888107,10183.855275932085,9482.600458132085,0.0,9482.600458132085,-1.3515665270682278,185.20684245915254,701.2548178,3,0
1735084800,2024-12-25T00:00:00+00:00,0.3680116109265774,10206.933625291706,9482.479898691707,0.0,9482.479898691707,21.847342272931726,185.08628301877403,724.4537266,3,0
1735171200,2024-12-26T00:00:00+00:00,0.3871299949816165,10204.975016613631,9482.238683013631,0.0,9482.238683013631,20.12994927293174,184.84506734069797,722.7363336,3,0
1735257600,2024-12-27T00:00:00+00:00,0.7100128343711876,10171.896848008531,9482.050490008533,0.0,9482.050490008533,-12.76002632706824,184.6568743356008,689.846358,3,0
1735344000,2024-12-28T00:00:00+00:00,0.819773113761213,10160.652307931177,9481.933609331178,0.0,9481.933609331178,-23.887685727068256,184.5399936582461,678.7186985999999,3,0
1735430400,2024-12-29T00:00:00+00:00,0.7204964589934693,10170.822838923676,9481.720094123677,0.0,9481.720094123677,-13.503639527068222,184.32647845074436,689.1027448,3,0
1735516800,2024-12-30T00:00:00+00:00,0.8584949250604823,10156.685399670356,9481.557820470356,0.0,9481.557820470356,-27.478805127068235,184.16420479742428,675.1275792,3,0
1735603200,2024-12-31T00:00:00+00:00,0.9103634955383688,10151.371653907909,9481.35319110791,0.0,9481.35319110791,-32.587921527068225,183.95957543497673,670.0184628,3,0
1735689600,2025-01-01T00:00:00+00:00,0.9241752147886362,10149.95669367357,9481.21619007357,0.0,9481.21619007357,-33.86588072706825,183.82257440063762,668.7405036,3,0
1735776000,2025-01-02T00:00:00+00:00,0.792545530418054,10163.441674483569,9480.941490283569,0.0,9480.941490283569,-20.106200127068256,183.54787461063705,682.5001842,3,0
1735862400,2025-01-03T00:00:00+00:00,0.6294845763915036,10180.14667416827,9480.730708368272,0.0,9480.730708368272,-3.190418527068246,183.33709269533892,699.4159657999999,3,0
1735948800,2025-01-04T00:00:00+00:00,0.423634676254836,10201.235245233047,9480.545766233048,0.0,9480.545766233048,18.083094672931736,183.15215056011567,720.689479,3,0
1736035200,2025-01-05T00:00:00+00:00,0.3886910927552223,10204.81508784361,9480.36866864361,0.0,9480.36866864361,21.84003487293174,182.97505297067806,724.4464191999999,3,0
1736121600,2025-01-06T00:00:00+00:00,0.39858341780414364,10203.801655242227,9480.164036442227,0.0,9480.164036442227,21.031234472931757,182.7704207692949,723.6376187999999,3,0
1736208000,2025-01-07T00:00:00+00:00,0.214640755595763,10222.645909726927,9479.953254526929,0.0,9479.953254526929,40.08627087293172,182.55963885399677,742.6926552,3,0
1736294400,2025-01-08T00:00:00+00:00,0.7203915539451655,10170.833586063047,9479.823048663047,0.0,9479.823048663047,-11.59584692706823,182.42943299011495,691.0105374,3,0
1736380800,2025-01-09T00:00:00+00:00,0.8727879737633892,10155.2211289901,9479.577609790102,0.0,9479.577609790102,-26.96286512706822,182.18399411716842,675.6435192,3,0
1736467200,2025-01-10T00:00:00+00:00,1.0723251123815558,10134.779277305852,9479.449622305852,0.0,9479.449622305852,-47.27672932706827,182.05600663291952,655.3296549999999,3,0
1736553600,2025-01-11T00:00:00+00:00,0.9346173569730221,10148.886934313095,9479.337731513097,0.0,9479.337731513097,-33.05718152706824,181.94411584016385,669.5492028,3,0
1736640000,2025-01-12T00:00:00+00:00,0.931237190517098,10149.233220031327,9479.203559231328,0.0,9479.203559231328,-32.57672352706823,181.8099435583955,670.0296608,3,0
1736726400,2025-01-13T00:00:00+00:00,0.9627066310572641,10146.009290688833,9479.067870088833,0.0,9479.067870088833,-35.66496372706828,181.67425441590052,666.9414205999999,3,0
1736812800,2025-01-14T00:00:00+00:00,1.3474762900593684,10106.591043256853,10106.591043256853,0.0,10106.591043256853,0.0,106.59104325685267,0.0,0,0
1736899200,2025-01-15T00:00:00+00:00,1.3474762900593684,10106.591043256853,10106.591043256853,0.0,10106.591043256853,0.0,106.59104325685267,0.0,0,0
1736985600,2025-01-16T00:00:00+00:00,1.3474762900593684,10106.591043256853,10106.591043256853,0.0,10106.591043256853,0.0,106.59104325685267,0.0,0,0
1737072000,2025-01-17T00:00:00+00:00,1.3474762900593684,10106.591043256853,10106.591043256853,0.0,10106.591043256853,0.0,106.59104325685267,0.0,0,0
1737158400,2025-01-18T00:00:00+00:00,1.3474762900593684,10106.591043256853,10106.591043256853,0.0,10106.591043256853,0.0,106.59104325685267,0.0,0,0
1737244800,2025-01-19T00:00:00+00:00,1.3474762900593684,10106.591043256853,10106.591043256853,0.0,10106.591043256853,0.0,106.59104325685267,0.0,0,0
1737331200,2025-01-20T00:00:00+00:00,1.3474762900593684,10106.591043256853,10106.591043256853,0.0,10106.591043256853,0.0,106.59104325685267,0.0,0,0
1737417600,2025-01-21T00:00:00+00:00,1.3474762900593684,10106.591043256853,10106.591043256853,0.0,10106.591043256853,0.0,106.59104325685267,0.0,0,0
1737504000,2025-01-22T00:00:00+00:00,1.3474762900593684,10106.591043256853,10106.591043256853,0.0,10106.591043256853,0.0,106.59104325685267,0.0,0,0
1737590400,2025-01-23T00:00:00+00:00,1.3474762900593684,10106.591043256853,10106.591043256853,0.0,10106.591043256853,0.0,106.59104325685267,0.0,0,0
1737676800,2025-01-24T00:00:00+00:00,1.3474762900593684,10106.591043256853,10106.591043256853,0.0,10106.591043256853,0.0,106.59104325685267,0.0,0,0
1737763200,2025-01-25T00:00:00+00:00,1.3474762900593684,10106.591043256853,10106.591043256853,0.0,10106.591043256853,0.0,106.59104325685267,0.0,0,0
1737849600,2025-01-26T00:00:00+00:00,1.3474762900593684,10106.591043256853,10106.591043256853,0.0,10106.591043256853,0.0,106.59104325685267,0.0,0,0
1737936000,2025-01-27T00:00:00+00:00,1.3474762900593684,10106.591043256853,10106.591043256853,0.0,10106.591043256853,0.0,106.59104325685267,0.0,0,0
1738022400,2025-01-28T00:00:00+00:00,1.3474762900593684,10106.591043256853,10106.591043256853,0.0,10106.591043256853,0.0,106.59104325685267,0.0,0,0
1738108800,2025-01-29T00:00:00+00:00,1.3474762900593684,10106.591043256853,10106.591043256853,0.0,10106.591043256853,0.0,106.59104325685267,0.0,0,0
1738195200,2025-01-30T00:00:00+00:00,1.3474762900593684,10106.591043256853,10106.591043256853,0.0,10106.591043256853,0.0,106.59104325685267,0.0,0,0
1738281600,2025-01-31T00:00:00+00:00,1.3474762900593684,10106.591043256853,10106.591043256853,0.0,10106.591043256853,0.0,106.59104325685267,0.0,0,0
1738368000,2025-02-01T00:00:00+00:00,1.3474762900593684,10106.591043256853,10106.591043256853,0.0,10106.591043256853,0.0,106.59104325685267,0.0,0,0
1738454400,2025-02-02T00:00:00+00:00,1.3474762900593684,10106.591043256853,10106.591043256853,0.0,10106.591043256853,0.0,106.59104325685267,0.0,0,0
1738540800,2025-02-03T00:00:00+00:00,1.3474762900593684,10106.591043256853,10106.591043256853,0.0,10106.591043256853,0.0,106.59104325685267,0.0,0,0
1738627200,2025-02-04T00:00:00+00:00,1.3474762900593684,10106.591043256853,10106.591043256853,0.0,10106.591043256853,0.0,106.59104325685267,0.0,0,0
1738713600,2025-02-05T00:00:00+00:00,1.3474762900593684,10106.591043256853,10106.591043256853,0.0,10106.591043256853,0.0,106.59104325685267,0.0,0,0
1738800000,2025-02-06T00:00:00+00:00,1.3474762900593684,10106.591043256853,10106.591043256853,0.0,10106.591043256853,0.0,106.59104325685267,0.0,0,0
1738886400,2025-02-07T00:00:00+00:00,1.3474762900593684,10106.591043256853,10106.591043256853,0.0,10106.591043256853,0.0,106.59104325685267,0.0,0,0
1738972800,2025-02-08T00:00:00+00:00,1.3474762900593684,10106.591043256853,10106.591043256853,0.0,10106.591043256853,0.0,106.59104325685267,0.0,0,0
1739059200,2025-02-09T00:00:00+00:00,1.3474762900593684,10106.591043256853,10106.591043256853,0.0,10106.591043256853,0.0,106.59104325685267,0.0,0,0
1739145600,2025-02-10T00:00:00+00:00,1.3474762900593684,10106.591043256853,10106.591043256853,0.0,10106.591043256853,0.0,106.59104325685267,0.0,0,0
1739232000,2025-02-11T00:00:00+00:00,1.3474762900593684,10106.591043256853,10106.591043256853,0.0,10106.591043256853,0.0,106.59104325685267,0.0,0,0
1739318400,2025-02-12T00:00:00+00:00,1.3474762900593684,10106.591043256853,10106.591043256853,0.0,10106.591043256853,0.0,106.59104325685267,0.0,0,0
1739404800,2025-02-13T00:00:00+00:00,1.3474762900593684,10106.591043256853,10106.591043256853,0.0,10106.591043256853,0.0,106.59104325685267,0.0,0,0
1739491200,2025-02-14T00:00:00+00:00,1.3474762900593684,10106.591043256853,10106.591043256853,0.0,10106.591043256853,0.0,106.59104325685267,0.0,0,0
1739577600,2025-02-15T00:00:00+00:00,1.3474762900593684,10106.591043256853,10106.591043256853,0.0,10106.591043256853,0.0,106.59104325685267,0.0,0,0
1739664000,2025-02-16T00:00:00+00:00,1.3474762900593684,10106.591043256853,10106.591043256853,0.0,10106.591043256853,0.0,106.59104325685267,0.0,0,0
1739750400,2025-02-17T00:00:00+00:00,1.3474762900593684,10106.591043256853,10106.591043256853,0.0,10106.591043256853,0.0,106.59104325685267,0.0,0,0
1739836800,2025-02-18T00:00:00+00:00,1.3474762900593684,10106.591043256853,10106.591043256853,0.0,10106.591043256853,0.0,106.59104325685267,0.0,0,0
1739923200,2025-02-19T00:00:00+00:00,1.3474762900593684,10106.591043256853,10106.591043256853,0.0,10106.591043256853,0.0,106.59104325685267,0.0,0,0
1740009600,2025-02-20T00:00:00+00:00,1.3474762900593684,10106.591043256853,10106.591043256853,0.0,10106.591043256853,0.0,106.59104325685267,0.0,0,0
1740096000,2025-02-21T00:00:00+00:00,1.3474762900593684,10106.591043256853,10106.591043256853,0.0,10106.591043256853,0.0,106.59104325685267,0.0,0,0
1740182400,2025-02-22T00:00:00+00:00,1.3474762900593684,10106.591043256853,10106.591043256853,0.0,10106.591043256853,0.0,106.59104325685267,0.0,0,0
1740268800,2025-02-23T00:00:00+00:00,1.3474762900593684,10106.591043256853,10106.591043256853,0.0,10106.591043256853,0.0,106.59104325685267,0.0,0,0
1740355200,2025-02-24T00:00:00+00:00,1.3474762900593684,10106.591043256853,10106.591043256853,0.0,10106.591043256853,0.0,106.59104325685267,0.0,0,0
1740441600,2025-02-25T00:00:00+00:00,1.3474762900593684,10106.591043256853,10106.591043256853,0.0,10106.591043256853,0.0,106.59104325685267,0.0,0,0
1740528000,2025-02-26T00:00:00+00:00,1.3474762900593684,10106.591043256853,10106.591043256853,0.0,10106.591043256853,0.0,106.59104325685267,0.0,0,0
1740614400,2025-02-27T00:00:00+00:00,1.3474762900593684,10106.591043256853,10106.591043256853,0.0,10106.591043256853,0.0,106.59104325685267,0.0,0,0
1740700800,2025-02-28T00:00:00+00:00,1.3474762900593684,10106.591043256853,10106.591043256853,0.0,10106.591043256853,0.0,106.59104325685267,0.0,0,0
1740787200,2025-03-01T00:00:00+00:00,1.3474762900593684,10106.591043256853,10106.591043256853,0.0,10106.591043256853,0.0,106.59104325685267,0.0,0,0
1740873600,2025-03-02T00:00:00+00:00,1.3474762900593684,10106.591043256853,10106.591043256853,0.0,10106.591043256853,0.0,106.59104325685267,0.0,0,0
1740960000,2025-03-03T00:00:00+00:00,1.3474762900593684,10106.591043256853,10106.591043256853,0.0,10106.591043256853,0.0,106.59104325685267,0.0,0,0
1741046400,2025-03-04T00:00:00+00:00,1.3474762900593684,10106.591043256853,10106.591043256853,0.0,10106.591043256853,0.0,106.59104325685267,0.0,0,0
1741132800,2025-03-05T00:00:00+00:00,1.3474762900593684,10106.591043256853,10106.591043256853,0.0,10106.591043256853,0.0,106.59104325685267,0.0,0,0
1741219200,2025-03-06T00:00:00+00:00,1.3474762900593684,10106.591043256853,10106.591043256853,0.0,10106.591043256853,0.0,106.59104325685267,0.0,0,0
1741305600,2025-03-07T00:00:00+00:00,1.3474762900593684,10106.591043256853,10106.591043256853,0.0,10106.591043256853,0.0,106.59104325685267,0.0,0,0
1741392000,2025-03-08T00:00:00+00:00,1.3474762900593684,10106.591043256853,10106.591043256853,0.0,10106.591043256853,0.0,106.59104325685267,0.0,0,0
1741478400,2025-03-09T00:00:00+00:00,1.3474762900593684,10106.591043256853,10106.591043256853,0.0,10106.591043256853,0.0,106.59104325685267,0.0,0,0
1741564800,2025-03-10T00:00:00+00:00,1.3474762900593684,10106.591043256853,10106.591043256853,0.0,10106.591043256853,0.0,106.59104325685267,0.0,0,0
1741651200,2025-03-11T00:00:00+00:00,1.3474762900593684,10106.591043256853,10106.591043256853,0.0,10106.591043256853,0.0,106.59104325685267,0.0,0,0
1741737600,2025-03-12T00:00:00+00:00,1.3474762900593684,10106.591043256853,10106.591043256853,0.0,10106.591043256853,0.0,106.59104325685267,0.0,0,0
1741824000,2025-03-13T00:00:00+00:00,1.3474762900593684,10106.591043256853,10106.591043256853,0.0,10106.591043256853,0.0,106.59104325685267,0.0,0,0
1741910400,2025-03-14T00:00:00+00:00,1.3474762900593684,10106.591043256853,10106.591043256853,0.0,10106.591043256853,0.0,106.59104325685267,0.0,0,0
1741996800,2025-03-15T00:00:00+00:00,1.3474762900593684,10106.591043256853,10106.591043256853,0.0,10106.591043256853,0.0,106.59104325685267,0.0,0,0
1742083200,2025-03-16T00:00:00+00:00,1.3474762900593684,10106.591043256853,10106.591043256853,0.0,10106.591043256853,0.0,106.59104325685267,0.0,0,0
1742169600,2025-03-17T00:00:00+00:00,1.3474762900593684,10106.591043256853,10106.591043256853,0.0,10106.591043256853,0.0,106.59104325685267,0.0,0,0
1742256000,2025-03-18T00:00:00+00:00,1.3474762900593684,10106.591043256853,10106.591043256853,0.0,10106.591043256853,0.0,106.59104325685267,0.0,0,0
1742342400,2025-03-19T00:00:00+00:00,1.3474762900593684,10106.591043256853,10106.591043256853,0.0,10106.591043256853,0.0,106.59104325685267,0.0,0,0
1742428800,2025-03-20T00:00:00+00:00,1.3474762900593684,10106.591043256853,10106.591043256853,0.0,10106.591043256853,0.0,106.59104325685267,0.0,0,0
1742515200,2025-03-21T00:00:00+00:00,1.3474762900593684,10106.591043256853,10106.591043256853,0.0,10106.591043256853,0.0,106.59104325685267,0.0,0,0
1742601600,2025-03-22T00:00:00+00:00,1.3474762900593684,10106.591043256853,10106.591043256853,0.0,10106.591043256853,0.0,106.59104325685267,0.0,0,0
1742688000,2025-03-23T00:00:00+00:00,1.3474762900593684,10106.591043256853,10106.591043256853,0.0,10106.591043256853,0.0,106.59104325685267,0.0,0,0
1742774400,2025-03-24T00:00:00+00:00,1.3474762900593684,10106.591043256853,10106.591043256853,0.0,10106.591043256853,0.0,106.59104325685267,0.0,0,0
1742860800,2025-03-25T00:00:00+00:00,1.3474762900593684,10106.591043256853,10106.591043256853,0.0,10106.591043256853,0.0,106.59104325685267,0.0,0,0
1742947200,2025-03-26T00:00:00+00:00,1.3474762900593684,10106.591043256853,10106.591043256853,0.0,10106.591043256853,0.0,106.59104325685267,0.0,0,0
1743033600,2025-03-27T00:00:00+00:00,1.3474762900593684,10106.591043256853,10106.591043256853,0.0,10106.591043256853,0.0,106.59104325685267,0.0,0,0
1743120000,2025-03-28T00:00:00+00:00,1.3474762900593684,10106.591043256853,10106.591043256853,0.0,10106.591043256853,0.0,106.59104325685267,0.0,0,0
1743206400,2025-03-29T00:00:00+00:00,1.3474762900593684,10106.591043256853,10106.591043256853,0.0,10106.591043256853,0.0,106.59104325685267,0.0,0,0
1743292800,2025-03-30T00:00:00+00:00,1.3474762900593684,10106.591043256853,10106.591043256853,0.0,10106.591043256853,0.0,106.59104325685267,0.0,0,0
1743379200,2025-03-31T00:00:00+00:00,1.3474762900593684,10106.591043256853,10106.591043256853,0.0,10106.591043256853,0.0,106.59104325685267,0.0,0,0
1743465600,2025-04-01T00:00:00+00:00,1.3474762900593684,10106.591043256853,10106.591043256853,0.0,10106.591043256853,0.0,106.59104325685267,0.0,0,0
1743552000,2025-04-02T00:00:00+00:00,1.3474762900593684,10106.591043256853,10106.591043256853,0.0,10106.591043256853,0.0,106.59104325685267,0.0,0,0
1743638400,2025-04-03T00:00:00+00:00,1.3474762900593684,10106.591043256853,10106.591043256853,0.0,10106.591043256853,0.0,106.59104325685267,0.0,0,0
1743724800,2025-04-04T00:00:00+00:00,1.3474762900593684,10106.591043256853,10106.591043256853,0.0,10106.591043256853,0.0,106.59104325685267,0.0,0,0
1743811200,2025-04-05T00:00:00+00:00,1.3474762900593684,10106.591043256853,10106.591043256853,0.0,10106.591043256853,0.0,106.59104325685267,0.0,0,0
1743897600,2025-04-06T00:00:00+00:00,1.3474762900593684,10106.591043256853,10106.591043256853,0.0,10106.591043256853,0.0,106.59104325685267,0.0,0,0
1743984000,2025-04-07T00:00:00+00:00,1.3474762900593684,10106.591043256853,10106.591043256853,0.0,10106.591043256853,0.0,106.59104325685267,0.0,0,0
1744070400,2025-04-08T00:00:00+00:00,1.3474762900593684,10106.591043256853,10106.591043256853,0.0,10106.591043256853,0.0,106.59104325685267,0.0,0,0
1744156800,2025-04-09T00:00:00+00:00,1.3474762900593684,10106.591043256853,10106.591043256853,0.0,10106.591043256853,0.0,106.59104325685267,0.0,0,0
1744243200,2025-04-10T00:00:00+00:00,1.3474762900593684,10106.591043256853,10106.591043256853,0.0,10106.591043256853,0.0,106.59104325685267,0.0,0,0
1744329600,2025-04-11T00:00:00+00:00,1.3474762900593684,10106.591043256853,10106.591043256853,0.0,10106.591043256853,0.0,106.59104325685267,0.0,0,0
1744416000,2025-04-12T00:00:00+00:00,1.3474762900593684,10106.591043256853,10106.591043256853,0.0,10106.591043256853,0.0,106.59104325685267,0.0,0,0
1744502400,2025-04-13T00:00:00+00:00,1.3474762900593684,10106.591043256853,10106.591043256853,0.0,10106.591043256853,0.0,106.59104325685267,0.0,0,0
1744588800,2025-04-14T00:00:00+00:00,1.3474762900593684,10106.591043256853,10106.591043256853,0.0,10106.591043256853,0.0,106.59104325685267,0.0,0,0
1744675200,2025-04-15T00:00:00+00:00,1.3474762900593684,10106.591043256853,10106.591043256853,0.0,10106.591043256853,0.0,106.59104325685267,0.0,0,0
1744761600,2025-04-16T00:00:00+00:00,1.3474762900593684,10106.591043256853,10106.591043256853,0.0,10106.591043256853,0.0,106.59104325685267,0.0,0,0
1744848000,2025-04-17T00:00:00+00:00,1.3474762900593684,10106.591043256853,10106.591043256853,0.0,10106.591043256853,0.0,106.59104325685267,0.0,0,0
1744934400,2025-04-18T00:00:00+00:00,1.3474762900593684,10106.591043256853,10106.591043256853,0.0,10106.591043256853,0.0,106.59104325685267,0.0,0,0
1745020800,2025-04-19T00:00:00+00:00,1.3474762900593684,10106.591043256853,10106.591043256853,0.0,10106.591043256853,0.0,106.59104325685267,0.0,0,0
1745107200,2025-04-20T00:00:00+00:00,1.3474762900593684,10106.591043256853,10106.591043256853,0.0,10106.591043256853,0.0,106.59104325685267,0.0,0,0
1745193600,2025-04-21T00:00:00+00:00,1.3474762900593684,10106.591043256853,10106.591043256853,0.0,10106.591043256853,0.0,106.59104325685267,0.0,0,0
1745280000,2025-04-22T00:00:00+00:00,1.3474762900593684,10106.591043256853,10106.591043256853,0.0,10106.591043256853,0.0,106.59104325685267,0.0,0,0
1745366400,2025-04-23T00:00:00+00:00,1.3474762900593684,10106.591043256853,10106.591043256853,0.0,10106.591043256853,0.0,106.59104325685267,0.0,0,0
1745452800,2025-04-24T00:00:00+00:00,1.3474762900593684,10106.591043256853,10106.591043256853,0.0,10106.591043256853,0.0,106.59104325685267,0.0,0,0
1745539200,2025-04-25T00:00:00+00:00,1.3474762900593684,10106.591043256853,10106.591043256853,0.0,10106.591043256853,0.0,106.59104325685267,0.0,0,0
1745625600,2025-04-26T00:00:00+00:00,1.3474762900593684,10106.591043256853,10106.591043256853,0.0,10106.591043256853,0.0,106.59104325685267,0.0,0,0
1745712000,2025-04-27T00:00:00+00:00,1.3474762900593684,10106.591043256853,10106.591043256853,0.0,10106.591043256853,0.0,106.59104325685267,0.0,0,0
1745798400,2025-04-28T00:00:00+00:00,1.3474762900593684,10106.591043256853,10106.591043256853,0.0,10106.591043256853,0.0,106.59104325685267,0.0,0,0
1745884800,2025-04-29T00:00:00+00:00,1.3474762900593684,10106.591043256853,10106.591043256853,0.0,10106.591043256853,0.0,106.59104325685267,0.0,0,0
1745971200,2025-04-30T00:00:00+00:00,1.3474762900593684,10106.591043256853,10106.591043256853,0.0,10106.591043256853,0.0,106.59104325685267,0.0,0,0
1746057600,2025-05-01T00:00:00+00:00,1.3474762900593684,10106.591043256853,10106.591043256853,0.0,10106.591043256853,0.0,106.59104325685267,0.0,0,0
1746144000,2025-05-02T00:00:00+00:00,1.3474762900593684,10106.591043256853,10106.591043256853,0.0,10106.591043256853,0.0,106.59104325685267,0.0,0,0
1746230400,2025-05-03T00:00:00+00:00,1.3474762900593684,10106.591043256853,10106.591043256853,0.0,10106.591043256853,0.0,106.59104325685267,0.0,0,0
1746316800,2025-05-04T00:00:00+00:00,1.3474762900593684,10106.591043256853,10106.591043256853,0.0,10106.591043256853,0.0,106.59104325685267,0.0,0,0
1746403200,2025-05-05T00:00:00+00:00,1.3474762900593684,10106.591043256853,10106.591043256853,0.0,10106.591043256853,0.0,106.59104325685267,0.0,0,0
1746489600,2025-05-06T00:00:00+00:00,1.3474762900593684,10106.591043256853,10106.591043256853,0.0,10106.591043256853,0.0,106.59104325685267,0.0,0,0
1746576000,2025-05-07T00:00:00+00:00,1.3474762900593684,10106.591043256853,10106.591043256853,0.0,10106.591043256853,0.0,106.59104325685267,0.0,0,0
1746662400,2025-05-08T00:00:00+00:00,1.3474762900593684,10106.591043256853,10106.591043256853,0.0,10106.591043256853,0.0,106.59104325685267,0.0,0,0
1746748800,2025-05-09T00:00:00+00:00,1.3474762900593684,10106.591043256853,10106.591043256853,0.0,10106.591043256853,0.0,106.59104325685267,0.0,0,0
1746835200,2025-05-10T00:00:00+00:00,1.3474762900593684,10106.591043256853,10106.591043256853,0.0,10106.591043256853,0.0,106.59104325685267,0.0,0,0
1746921600,2025-05-11T00:00:00+00:00,1.3474762900593684,10106.591043256853,10106.591043256853,0.0,10106.591043256853,0.0,106.59104325685267,0.0,0,0
1747008000,2025-05-12T00:00:00+00:00,1.3474762900593684,10106.591043256853,10106.591043256853,0.0,10106.591043256853,0.0,106.59104325685267,0.0,0,0
1747094400,2025-05-13T00:00:00+00:00,1.3474762900593684,10106.591043256853,10106.591043256853,0.0,10106.591043256853,0.0,106.59104325685267,0.0,0,0
1747180800,2025-05-14T00:00:00+00:00,1.3474762900593684,10106.591043256853,10106.591043256853,0.0,10106.591043256853,0.0,106.59104325685267,0.0,0,0
1747267200,2025-05-15T00:00:00+00:00,1.3474762900593684,10106.591043256853,10106.591043256853,0.0,10106.591043256853,0.0,106.59104325685267,0.0,0,0
1747353600,2025-05-16T00:00:00+00:00,1.3474762900593684,10106.591043256853,10106.591043256853,0.0,10106.591043256853,0.0,106.59104325685267,0.0,0,0
1747440000,2025-05-17T00:00:00+00:00,1.3474762900593684,10106.591043256853,10106.591043256853,0.0,10106.591043256853,0.0,106.59104325685267,0.0,0,0
1747526400,2025-05-18T00:00:00+00:00,1.3474762900593684,10106.591043256853,10106.591043256853,0.0,10106.591043256853,0.0,106.59104325685267,0.0,0,0
1747612800,2025-05-19T00:00:00+00:00,1.3474762900593684,10106.591043256853,10106.591043256853,0.0,10106.591043256853,0.0,106.59104325685267,0.0,0,0
1747699200,2025-05-20T00:00:00+00:00,1.3474762900593684,10106.591043256853,10106.591043256853,0.0,10106.591043256853,0.0,106.59104325685267,0.0,0,0
1747785600,2025-05-21T00:00:00+00:00,1.3474762900593684,10106.591043256853,10106.591043256853,0.0,10106.591043256853,0.0,106.59104325685267,0.0,0,0
1747872000,2025-05-22T00:00:00+00:00,1.3474762900593684,10106.591043256853,10106.591043256853,0.0,10106.591043256853,0.0,106.59104325685267,0.0,0,0
1747958400,2025-05-23T00:00:00+00:00,1.3474762900593684,10106.591043256853,10106.591043256853,0.0,10106.591043256853,0.0,106.59104325685267,0.0,0,0
1748044800,2025-05-24T00:00:00+00:00,1.3474762900593684,10106.591043256853,10106.591043256853,0.0,10106.591043256853,0.0,106.59104325685267,0.0,0,0
1748131200,2025-05-25T00:00:00+00:00,1.3474762900593684,10106.591043256853,10106.591043256853,0.0,10106.591043256853,0.0,106.59104325685267,0.0,0,0
1748217600,2025-05-26T00:00:00+00:00,1.3474762900593684,10106.591043256853,10106.591043256853,0.0,10106.591043256853,0.0,106.59104325685267,0.0,0,0
1748304000,2025-05-27T00:00:00+00:00,1.3474762900593684,10106.591043256853,10106.591043256853,0.0,10106.591043256853,0.0,106.59104325685267,0.0,0,0
1748390400,2025-05-28T00:00:00+00:00,1.3474762900593684,10106.591043256853,10106.591043256853,0.0,10106.591043256853,0.0,106.59104325685267,0.0,0,0
1748476800,2025-05-29T00:00:00+00:00,1.3474762900593684,10106.591043256853,10106.591043256853,0.0,10106.591043256853,0.0,106.59104325685267,0.0,0,0
1748563200,2025-05-30T00:00:00+00:00,1.3474762900593684,10106.591043256853,10106.591043256853,0.0,10106.591043256853,0.0,106.59104325685267,0.0,0,0
1748649600,2025-05-31T00:00:00+00:00,1.3474762900593684,10106.591043256853,10106.591043256853,0.0,10106.591043256853,0.0,106.59104325685267,0.0,0,0
1748736000,2025-06-01T00:00:00+00:00,1.3474762900593684,10106.591043256853,10106.591043256853,0.0,10106.591043256853,0.0,106.59104325685267,0.0,0,0
1748822400,2025-06-02T00:00:00+00:00,1.3474762900593684,10106.591043256853,10106.591043256853,0.0,10106.591043256853,0.0,106.59104325685267,0.0,0,0
1748908800,2025-06-03T00:00:00+00:00,1.3474762900593684,10106.591043256853,10106.591043256853,0.0,10106.591043256853,0.0,106.59104325685267,0.0,0,0
1748995200,2025-06-04T00:00:00+00:00,1.3474762900593684,10106.591043256853,10106.591043256853,0.0,10106.591043256853,0.0,106.59104325685267,0.0,0,0
1749081600,2025-06-05T00:00:00+00:00,1.3474762900593684,10106.591043256853,10106.591043256853,0.0,10106.591043256853,0.0,106.59104325685267,0.0,0,0
1749168000,2025-06-06T00:00:00+00:00,1.3474762900593684,10106.591043256853,10106.591043256853,0.0,10106.591043256853,0.0,106.59104325685267,0.0,0,0
1749254400,2025-06-07T00:00:00+00:00,1.3474762900593684,10106.591043256853,10106.591043256853,0.0,10106.591043256853,0.0,106.59104325685267,0.0,0,0
1749340800,2025-06-08T00:00:00+00:00,1.3474762900593684,10106.591043256853,10106.591043256853,0.0,10106.591043256853,0.0,106.59104325685267,0.0,0,0
1749427200,2025-06-09T00:00:00+00:00,1.3474762900593684,10106.591043256853,10106.591043256853,0.0,10106.591043256853,0.0,106.59104325685267,0.0,0,0
1749513600,2025-06-10T00:00:00+00:00,1.3474762900593684,10106.591043256853,10106.591043256853,0.0,10106.591043256853,0.0,106.59104325685267,0.0,0,0
1749600000,2025-06-11T00:00:00+00:00,1.3474762900593684,10106.591043256853,10106.591043256853,0.0,10106.591043256853,0.0,106.59104325685267,0.0,0,0
1749686400,2025-06-12T00:00:00+00:00,1.3474762900593684,10106.591043256853,10106.591043256853,0.0,10106.591043256853,0.0,106.59104325685267,0.0,0,0
1749772800,2025-06-13T00:00:00+00:00,1.3474762900593684,10106.591043256853,10106.591043256853,0.0,10106.591043256853,0.0,106.59104325685267,0.0,0,0
1749859200,2025-06-14T00:00:00+00:00,1.3298795069336178,10108.393769472472,9799.53858747247,0.0,9799.53858747247,1.9855346019658893,106.40823487050471,308.855182,1,0
1749945600,2025-06-15T00:00:00+00:00,1.3865851384001093,10102.58448446354,9799.53121646354,0.0,9799.53121646354,-3.8163793980341456,106.40086386157421,303.053268,1,0
1750032000,2025-06-16T00:00:00+00:00,1.3677607922979895,10104.512970026364,9799.463834026365,0.0,9799.463834026365,-1.8205113980341086,106.33348142439856,305.04913600000003,1,0
1750118400,2025-06-17T00:00:00+00:00,1.3718657134214607,10104.092435837278,9799.426659837278,0.0,9799.426659837278,-2.2038713980341416,106.29630723531275,304.665776,1,0
1750204800,2025-06-18T00:00:00+00:00,1.4122431085236586,10099.955919057536,9799.378917057536,0.0,9799.378917057536,-6.292645398034154,106.24856445557057,300.577002,1,0
1750291200,2025-06-19T00:00:00+00:00,1.3957347314477397,10101.64714204525,9799.33304004525,0.0,9799.33304004525,-4.5555453980341545,106.20268744328456,302.314102,1,0
1750377600,2025-06-20T00:00:00+00:00,1.4003010766970525,10101.179336638337,9799.261772638338,0.0,9799.261772638338,-4.952083398034148,106.13142003637284,301.91756399999997,1,0
1750464000,2025-06-21T00:00:00+00:00,1.5348466271601802,10087.395635987974,9799.226319987974,0.0,9799.226319987974,-18.70033139803412,106.09596738600895,288.16931600000004,1,0
1750550400,2025-06-22T00:00:00+00:00,1.5951446891864562,10081.218319577982,10081.218319577982,0.0,10081.218319577982,0.0,81.21831957798256,0.0,0,0
1750636800,2025-06-23T00:00:00+00:00,1.6009915679562337,10080.619328184925,9709.832744184925,0.0,9709.832744184925,-0.3948416089732829,81.01416979389762,370.786584,1,0
1750723200,2025-06-24T00:00:00+00:00,1.4581513408777114,10095.252788184926,9709.832744184925,0.0,9709.832744184925,14.238618391026689,81.01416979389762,385.42004399999996,1,0
1750809600,2025-06-25T00:00:00+00:00,1.4378092579915513,10097.336760342627,9709.941500342627,0.0,9709.941500342627,16.213834391026673,81.12292595160105,387.39525999999995,1,0
1750896000,2025-06-26T00:00:00+00:00,1.4213503017849627,10099.022920342628,9709.941500342627,0.0,9709.941500342627,17.899994391026713,81.12292595160105,389.08142,1,0
1750982400,2025-06-27T00:00:00+00:00,1.445157006298059,10096.584010342627,9709.941500342627,0.0,9709.941500342627,15.461084391026672,81.12292595160105,386.64250999999996,1,0
1751068800,2025-06-28T00:00:00+00:00,1.4245245290533837,10098.697732342627,9709.941500342627,0.0,9709.941500342627,17.574806391026666,81.12292595160105,388.75623199999995,1,0
1751155200,2025-06-29T00:00:00+00:00,1.4079480088738938,10100.395936342627,9709.941500342627,0.0,9709.941500342627,19.273010391026695,81.12292595160105,390.454436,1,0
1751241600,2025-06-30T00:00:00+00:00,1.369269461788447,10104.358412342626,9709.941500342627,0.0,9709.941500342627,23.235486391026722,81.12292595160105,394.41691199999997,1,0
1751328000,2025-07-01T00:00:00+00:00,1.3573367185386709,10105.580878342627,9709.941500342627,0.0,9709.941500342627,24.457952391026705,81.12292595160105,395.63937799999997,1,0
1751414400,2025-07-02T00:00:00+00:00,1.4212915197985176,10099.028942342627,9709.941500342627,0.0,9709.941500342627,17.906016391026707,81.12292595160105,389.08744199999995,1,0
1751500800,2025-07-03T00:00:00+00:00,1.3398196865759715,10107.375434342626,9709.941500342627,0.0,9709.941500342627,26.252508391026716,81.12292595160105,397.43393399999997,1,0
1751587200,2025-07-04T00:00:00+00:00,1.3167183659003046,10109.742080342627,9709.941500342627,0.0,9709.941500342627,28.619154391026687,81.12292595160105,399.80057999999997,1,0
1751673600,2025-07-05T00:00:00+00:00,1.3784982336614182,10103.412958342627,9709.941500342627,0.0,9709.941500342627,22.290032391026692,81.12292595160105,393.471458,1,0
1751760000,2025-07-06T00:00:00+00:00,1.3632149171838859,10104.978678342626,9709.941500342627,0.0,9709.941500342627,23.855752391026705,81.12292595160105,395.037178,1,0
1751846400,2025-07-07T00:00:00+00:00,1.321303360843562,10109.272364342627,9709.941500342627,0.0,9709.941500342627,28.149438391026703,81.12292595160105,399.33086399999996,1,0
1751932800,2025-07-08T00:00:00+00:00,1.3335300140255968,10108.019788342626,9709.941500342627,0.0,9709.941500342627,26.896862391026676,81.12292595160105,398.07828799999993,1,0
1752019200,2025-07-09T00:00:00+00:00,1.3365866773211055,10107.706644342627,9709.941500342627,0.0,9709.941500342627,26.58371839102669,81.12292595160105,397.76514399999996,1,0
1752105600,2025-07-10T00:00:00+00:00,1.287444936647164,10112.741036342628,9709.941500342627,0.0,9709.941500342627,31.618110391026697,81.12292595160105,402.799536,1,0
1752192000,2025-07-11T00:00:00+00:00,1.185046716247684,10123.231360342626,9709.941500342627,0.0,9709.941500342627,42.10843439102667,81.12292595160105,413.2898599999999,1,0
1752278400,2025-07-12T00:00:00+00:00,1.1609461018023404,10125.700380342627,9709.941500342627,0.0,9709.941500342627,44.577454391026684,81.12292595160105,415.75888,1,0
1752364800,2025-07-13T00:00:00+00:00,1.1863000731576867,10123.10295850105,9709.933538501049,0.0,9709.933538501049,41.98799439102671,81.11496411002173,413.16942,1,0
1752451200,2025-07-14T00:00:00+00:00,1.1496788955980608,10126.854664501048,9709.933538501049,0.0,9709.933538501049,45.73970039102672,81.11496411002173,416.921126,1,0
1752537600,2025-07-15T00:00:00+00:00,1.144392545419659,10127.396231785446,9919.905210785446,0.0,9919.905210785446,21.900308195513354,105.49592358993335,207.491021,1,0
1752624000,2025-07-16T00:00:00+00:00,1.1406892802731772,10127.775617785446,9919.905210785446,0.0,9919.905210785446,22.27969419551335,105.49592358993335,207.870407,1,0
1752710400,2025-07-17T00:00:00+00:00,1.0855517769811418,10133.424253785446,9919.905210785446,0.0,9919.905210785446,27.928330195513347,105.49592358993335,213.51904299999998,1,0
1752796800,2025-07-18T00:00:00+00:00,1.050426185707387,10137.022742428273,9919.896521428273,0.0,9919.896521428273,31.53550819551335,105.48723423275985,217.126221,1,0
1752883200,2025-07-19T00:00:00+00:00,1.0235677196783866,10139.774294258841,9919.853865258841,0.0,9919.853865258841,34.32971619551334,105.44457806332886,219.92042899999998,1,0
1752969600,2025-07-20T00:00:00+00:00,1.0146328577376629,10140.689638258842,9919.853865258841,0.0,9919.853865258841,35.24506019551333,105.44457806332886,220.83577299999996,1,0
1753056000,2025-07-21T00:00:00+00:00,0.9444691042603148,10147.877658755311,9919.85161775531,0.0,9919.85161775531,42.43532819551333,105.4423305597968,228.02604099999996,1,0
1753142400,2025-07-22T00:00:00+00:00,0.9177253317204648,10150.617460656465,9919.821299656465,0.0,9919.821299656465,45.20544819551334,105.41201246095306,230.79616099999998,1,0
1753228800,2025-07-23T00:00:00+00:00,0.8563763194868401,10156.902443079987,9919.756083079987,0.0,9919.756083079987,51.55564719551335,105.34679588447356,237.14636,1,0
1753315200,2025-07-24T00:00:00+00:00,0.8121769399802914,10161.430508214456,10161.430508214456,0.0,10161.430508214456,0.0,161.43050821445564,0.0,0,0
1753401600,2025-07-25T00:00:00+00:00,0.8121769399802914,10161.430508214456,10161.430508214456,0.0,10161.430508214456,0.0,161.43050821445564,0.0,0,0
1753488000,2025-07-26T00:00:00+00:00,0.8121769399802914,10161.430508214456,10161.430508214456,0.0,10161.430508214456,0.0,161.43050821445564,0.0,0,0
1753574400,2025-07-27T00:00:00+00:00,0.8121769399802914,10161.430508214456,10161.430508214456,0.0,10161.430508214456,0.0,161.43050821445564,0.0,0,0
1753660800,2025-07-28T00:00:00+00:00,0.8121769399802914,10161.430508214456,10161.430508214456,0.0,10161.430508214456,0.0,161.43050821445564,0.0,0,0
1753747200,2025-07-29T00:00:00+00:00,0.8121769399802914,10161.430508214456,10161.430508214456,0.0,10161.430508214456,0.0,161.43050821445564,0.0,0,0
1753833600,2025-07-30T00:00:00+00:00,0.8121769399802914,10161.430508214456,10161.430508214456,0.0,10161.430508214456,0.0,161.43050821445564,0.0,0,0
1753920000,2025-07-31T00:00:00+00:00,0.8121769399802914,10161.430508214456,10161.430508214456,0.0,10161.430508214456,0.0,161.43050821445564,0.0,0,0
1754006400,2025-08-01T00:00:00+00:00,0.8121769399802914,10161.430508214456,10161.430508214456,0.0,10161.430508214456,0.0,161.43050821445564,0.0,0,0
1754092800,2025-08-02T00:00:00+00:00,0.8121769399802914,10161.430508214456,10161.430508214456,0.0,10161.430508214456,0.0,161.43050821445564,0.0,0,0
1754179200,2025-08-03T00:00:00+00:00,0.8121769399802914,10161.430508214456,10161.430508214456,0.0,10161.430508214456,0.0,161.43050821445564,0.0,0,0
1754265600,2025-08-04T00:00:00+00:00,0.8121769399802914,10161.430508214456,10161.430508214456,0.0,10161.430508214456,0.0,161.43050821445564,0.0,0,0
1754352000,2025-08-05T00:00:00+00:00,0.8121769399802914,10161.430508214456,10161.430508214456,0.0,10161.430508214456,0.0,161.43050821445564,0.0,0,0
1754438400,2025-08-06T00:00:00+00:00,0.8121769399802914,10161.430508214456,10161.430508214456,0.0,10161.430508214456,0.0,161.43050821445564,0.0,0,0
1754524800,2025-08-07T00:00:00+00:00,0.8121769399802914,10161.430508214456,10161.430508214456,0.0,10161.430508214456,0.0,161.43050821445564,0.0,0,0
1754611200,2025-08-08T00:00:00+00:00,0.8121769399802914,10161.430508214456,10161.430508214456,0.0,10161.430508214456,0.0,161.43050821445564,0.0,0,0
1754697600,2025-08-09T00:00:00+00:00,0.8121769399802914,10161.430508214456,10161.430508214456,0.0,10161.430508214456,0.0,161.43050821445564,0.0,0,0
1754784000,2025-08-10T00:00:00+00:00,0.8121769399802914,10161.430508214456,10161.430508214456,0.0,10161.430508214456,0.0,161.43050821445564,0.0,0,0
1754870400,2025-08-11T00:00:00+00:00,0.8121769399802914,10161.430508214456,10161.430508214456,0.0,10161.430508214456,0.0,161.43050821445564,0.0,0,0
1754956800,2025-08-12T00:00:00+00:00,0.8121769399802914,10161.430508214456,10161.430508214456,0.0,10161.430508214456,0.0,161.43050821445564,0.0,0,0
1755043200,2025-08-13T00:00:00+00:00,0.8121769399802914,10161.430508214456,10161.430508214456,0.0,10161.430508214456,0.0,161.43050821445564,0.0,0,0
1755129600,2025-08-14T00:00:00+00:00,0.8121769399802914,10161.430508214456,10161.430508214456,0.0,10161.430508214456,0.0,161.43050821445564,0.0,0,0
1755216000,2025-08-15T00:00:00+00:00,0.8121769399802914,10161.430508214456,10161.430508214456,0.0,10161.430508214456,0.0,161.43050821445564,0.0,0,0
1755302400,2025-08-16T00:00:00+00:00,0.8187029671205548,10160.761940549246,9738.556820549247,0.0,9738.556820549247,-0.42039351116460166,161.18233406041162,422.20511999999997,1,0
1755388800,2025-08-17T00:00:00+00:00,0.8183453085547021,10160.79858136412,9738.411661364122,0.0,9738.411661364122,-0.23859351116460165,161.03717487528593,422.38692,1,0
1755475200,2025-08-18T00:00:00+00:00,0.8178857127129624,10160.845665280913,9738.371985280914,0.0,9738.371985280914,-0.1518335111645807,160.99749879207752,422.47368,1,0
1755561600,2025-08-19T00:00:00+00:00,0.8594917113083023,10156.58328255682,9738.32232255682,0.0,9738.32232255682,-4.36455351116457,160.9478360679848,418.26096,1,0
1755648000,2025-08-20T00:00:00+00:00,0.9781185745543763,10144.430393320074,9738.263273320073,0.0,9738.263273320073,-16.4583935111646,160.88878683123704,406.16711999999995,1,0
1755734400,2025-08-21T00:00:00+00:00,0.9293120084094775,10149.43044791272,9738.236647912721,0.0,9738.236647912721,-11.43171351116459,160.86216142388582,411.1938,1,0
1755820800,2025-08-22T00:00:00+00:00,0.9917722823127861,10143.031620786447,9738.167700786447,0.0,9738.167700786447,-17.7615935111646,160.79321429761163,404.86391999999995,1,0
1755907200,2025-08-23T00:00:00+00:00,0.8368698661603058,10158.900808038752,9738.069808038752,0.0,9738.069808038752,-1.7945135111645911,160.69532154991703,420.83099999999996,1,0
1755993600,2025-08-24T00:00:00+00:00,0.8915229233658395,10153.301801772433,9737.944241772433,0.0,9737.944241772433,-7.26795351116457,160.56975528359771,415.35756000000003,1,0
1756080000,2025-08-25T00:00:00+00:00,1.0593153351889817,10136.112081502892,10136.112081502892,0.0,10136.112081502892,0.0,136.11208150289082,0.0,0,0
1756166400,2025-08-26T00:00:00+00:00,1.0885515731349549,10133.116935616588,9862.788285616589,0.0,9862.788285616589,-2.846918091299837,135.9638537078888,270.32865,1,0
1756252800,2025-08-27T00:00:00+00:00,0.9533366959810774,10146.969206343858,9862.782524343858,0.0,9862.782524343858,11.01111390870015,135.95809243515774,284.18668199999996,1,0
1756339200,2025-08-28T00:00:00+00:00,1.0101298399754155,10141.150955995805,9862.751843995806,0.0,9862.751843995806,5.223543908700172,135.9274120871054,278.399112,1,0
1756425600,2025-08-29T00:00:00+00:00,1.0077345772296797,10141.396341923119,9862.733961923119,0.0,9862.733961923119,5.486811908700186,135.90953001441815,278.66238000000004,1,0
1756512000,2025-08-30T00:00:00+00:00,1.098776113441291,10132.069468774429,9862.70489877443,0.0,9862.70489877443,-3.8109980912998593,135.88046686572892,269.36456999999996,1,0
1756598400,2025-08-31T00:00:00+00:00,1.0908014608864036,10132.886442826926,9862.696842826927,0.0,9862.696842826927,-2.9859680912998368,135.8724109182259,270.1896,1,0
1756684800,2025-09-01T00:00:00+00:00,1.0802200552177732,10133.97046922315,9862.69442522315,0.0,9862.69442522315,-1.8995240912998415,135.8699933144483,271.276044,1,0
1756771200,2025-09-02T00:00:00+00:00,1.1263957857483131,10129.239934138533,9862.696534138535,0.0,9862.696534138535,-6.632168091299837,135.87210222983398,266.5434,1,0
1756857600,2025-09-03T00:00:00+00:00,1.1196318987637621,10129.932869676773,9862.673207676775,0.0,9862.673207676775,-5.915906091299828,135.84877576807466,267.259662,1,0
1756944000,2025-09-04T00:00:00+00:00,1.0451830127120476,10137.559886367831,9862.659890367831,0.0,9862.659890367831,1.7244279087001788,135.8354584591302,274.89999600000004,1,0
1757030400,2025-09-05T00:00:00+00:00,1.1371422243605656,10128.139000719488,9862.665976719489,0.0,9862.665976719489,-7.702544091299819,135.84154481078727,265.473024,1,0
1757116800,2025-09-06T00:00:00+00:00,1.1308721398551547,10128.781347995764,9862.688469995765,0.0,9862.688469995765,-7.082690091299835,135.8640380870639,266.092878,1,0
1757203200,2025-09-07T00:00:00+00:00,1.1517667520868469,10126.640771222948,9862.650329222948,0.0,9862.650329222948,-9.185126091299862,135.82589731424702,263.990442,1,0
1757289600,2025-09-08T00:00:00+00:00,1.1326997658171911,10128.594114385474,9862.616802385475,0.0,9862.616802385475,-7.198256091299828,135.79237047677518,265.97731200000004,1,0
1757376000,2025-09-09T00:00:00+00:00,1.1331061387775287,10128.552482958657,9862.566518958658,0.0,9862.566518958658,-7.189604091299864,135.7420870499566,265.98596399999997,1,0
1757462400,2025-09-10T00:00:00+00:00,1.1310478005620794,10128.763352197375,9862.504232197376,0.0,9862.504232197376,-6.916448091299859,135.6798002886761,266.25912,1,0
1757548800,2025-09-11T00:00:00+00:00,1.1077995437231203,10131.145051271093,9862.449157271094,0.0,9862.449157271094,-4.479674091299842,135.6247253623932,268.695894,1,0
1757635200,2025-09-12T00:00:00+00:00,1.0425213396558775,10137.832565059241,9862.398617059242,0.0,9862.398617059242,2.258379908700143,135.57418515054064,275.433948,1,0
1757721600,2025-09-13T00:00:00+00:00,0.8899786682217359,10153.460005076526,9862.330711076525,0.0,9862.330711076525,17.953725908700157,135.50627916782452,291.129294,1,0
1757808000,2025-09-14T00:00:00+00:00,0.9185771422042466,10150.530195780899,9862.2492637809,0.0,9862.2492637809,15.10536390870015,135.4248318721981,288.280932,1,0
1757894400,2025-09-15T00:00:00+00:00,0.9568041606841549,10146.613977238781,9862.210377238782,0.0,9862.210377238782,11.228031908700164,135.3859453300803,284.4036,1,0
1757980800,2025-09-16T00:00:00+00:00,1.0058085527917093,10141.593656098183,9862.162484098184,0.0,9862.162484098184,6.255603908700161,135.3380521894825,279.431172,1,0
1758067200,2025-09-17T00:00:00+00:00,1.0194543749563856,10140.195691414858,9862.132153414857,0.0,9862.132153414857,4.887969908700154,135.30772150615735,278.063538,1,0
1758153600,2025-09-18T00:00:00+00:00,0.9661570053356772,10145.655812435396,9862.098872435397,0.0,9862.098872435397,10.381371908700174,135.2744405266968,283.55694,1,0
1758240000,2025-09-19T00:00:00+00:00,0.9684182226689209,10145.424158971424,9862.052000971424,0.0,9862.052000971424,10.196589908700188,135.2275690627237,283.372158,1,0
1758326400,2025-09-20T00:00:00+00:00,1.0398396787254738,10138.107291435426,9862.078209435427,0.0,9862.078209435427,2.8535139087001498,135.25377752672637,276.029082,1,0
1758412800,2025-09-21T00:00:00+00:00,1.032766012821451,10138.831962693495,9862.074876693496,0.0,9862.074876693496,3.58151790870019,135.25044478479563,276.757086,1,0
1758499200,2025-09-22T00:00:00+00:00,1.0542461212538767,10136.631403971554,9862.053385971554,0.0,9862.053385971554,1.4024499087001767,135.2289540628539,274.57801800000004,1,0
1758585600,2025-09-23T00:00:00+00:00,1.3117915885176967,10110.246810706278,10110.246810706278,0.0,10110.246810706278,0.0,110.24681070627744,0.0,0,0
1758672000,2025-09-24T00:00:00+00:00,1.3117915885176967,10110.246810706278,10110.246810706278,0.0,10110.246810706278,0.0,110.24681070627744,0.0,0,0
1758758400,2025-09-25T00:00:00+00:00,1.3117915885176967,10110.246810706278,10110.246810706278,0.0,10110.246810706278,0.0,110.24681070627744,0.0,0,0
1758844800,2025-09-26T00:00:00+00:00,1.3117915885176967,10110.246810706278,10110.246810706278,0.0,10110.246810706278,0.0,110.24681070627744,0.0,0,0
1758931200,2025-09-27T00:00:00+00:00,1.3117915885176967,10110.246810706278,10110.246810706278,0.0,10110.246810706278,0.0,110.24681070627744,0.0,0,0
1759017600,2025-09-28T00:00:00+00:00,1.3117915885176967,10110.246810706278,10110.246810706278,0.0,10110.246810706278,0.0,110.24681070627744,0.0,0,0
1759104000,2025-09-29T00:00:00+00:00,1.3117915885176967,10110.246810706278,10110.246810706278,0.0,10110.246810706278,0.0,110.24681070627744,0.0,0,0
1759190400,2025-09-30T00:00:00+00:00,1.3117915885176967,10110.246810706278,10110.246810706278,0.0,10110.246810706278,0.0,110.24681070627744,0.0,0,0
1759276800,2025-10-01T00:00:00+00:00,1.3117915885176967,10110.246810706278,10110.246810706278,0.0,10110.246810706278,0.0,110.24681070627744,0.0,0,0
1759363200,2025-10-02T00:00:00+00:00,1.3117915885176967,10110.246810706278,10110.246810706278,0.0,10110.246810706278,0.0,110.24681070627744,0.0,0,0
1759449600,2025-10-03T00:00:00+00:00,1.3117915885176967,10110.246810706278,10110.246810706278,0.0,10110.246810706278,0.0,110.24681070627744,0.0,0,0
1759536000,2025-10-04T00:00:00+00:00,1.3117915885176967,10110.246810706278,10110.246810706278,0.0,10110.246810706278,0.0,110.24681070627744,0.0,0,0
1759622400,2025-10-05T00:00:00+00:00,1.3117915885176967,10110.246810706278,10110.246810706278,0.0,10110.246810706278,0.0,110.24681070627744,0.0,0,0
1759708800,2025-10-06T00:00:00+00:00,1.3117915885176967,10110.246810706278,10110.246810706278,0.0,10110.246810706278,0.0,110.24681070627744,0.0,0,0
1759795200,2025-10-07T00:00:00+00:00,1.3117915885176967,10110.246810706278,10110.246810706278,0.0,10110.246810706278,0.0,110.24681070627744,0.0,0,0
1759881600,2025-10-08T00:00:00+00:00,1.3117915885176967,10110.246810706278,10110.246810706278,0.0,10110.246810706278,0.0,110.24681070627744,0.0,0,0
1759968000,2025-10-09T00:00:00+00:00,1.3117915885176967,10110.246810706278,10110.246810706278,0.0,10110.246810706278,0.0,110.24681070627744,0.0,0,0
1760054400,2025-10-10T00:00:00+00:00,1.3117915885176967,10110.246810706278,10110.246810706278,0.0,10110.246810706278,0.0,110.24681070627744,0.0,0,0
1760140800,2025-10-11T00:00:00+00:00,1.3117915885176967,10110.246810706278,10110.246810706278,0.0,10110.246810706278,0.0,110.24681070627744,0.0,0,0
1760227200,2025-10-12T00:00:00+00:00,1.3117915885176967,10110.246810706278,10110.246810706278,0.0,10110.246810706278,0.0,110.24681070627744,0.0,0,0
1760313600,2025-10-13T00:00:00+00:00,1.3117915885176967,10110.246810706278,10110.246810706278,0.0,10110.246810706278,0.0,110.24681070627744,0.0,0,0
1760400000,2025-10-14T00:00:00+00:00,1.3117915885176967,10110.246810706278,10110.246810706278,0.0,10110.246810706278,0.0,110.24681070627744,0.0,0,0
1760486400,2025-10-15T00:00:00+00:00,1.3117915885176967,10110.246810706278,10110.246810706278,0.0,10110.246810706278,0.0,110.24681070627744,0.0,0,0
1760572800,2025-10-16T00:00:00+00:00,1.3117915885176967,10110.246810706278,10110.246810706278,0.0,10110.246810706278,0.0,110.24681070627744,0.0,0,0
1760659200,2025-10-17T00:00:00+00:00,1.3117915885176967,10110.246810706278,10110.246810706278,0.0,10110.246810706278,0.0,110.24681070627744,0.0,0,0
1760745600,2025-10-18T00:00:00+00:00,1.3117915885176967,10110.246810706278,10110.246810706278,0.0,10110.246810706278,0.0,110.24681070627744,0.0,0,0
1760832000,2025-10-19T00:00:00+00:00,1.3117915885176967,10110.246810706278,10110.246810706278,0.0,10110.246810706278,0.0,110.24681070627744,0.0,0,0
1760918400,2025-10-20T00:00:00+00:00,1.3117915885176967,10110.246810706278,10110.246810706278,0.0,10110.246810706278,0.0,110.24681070627744,0.0,0,0
1761004800,2025-10-21T00:00:00+00:00,1.3117915885176967,10110.246810706278,10110.246810706278,0.0,10110.246810706278,0.0,110.24681070627744,0.0,0,0
1761091200,2025-10-22T00:00:00+00:00,1.3117915885176967,10110.246810706278,10110.246810706278,0.0,10110.246810706278,0.0,110.24681070627744,0.0,0,0
1761177600,2025-10-23T00:00:00+00:00,1.3117915885176967,10110.246810706278,10110.246810706278,0.0,10110.246810706278,0.0,110.24681070627744,0.0,0,0
1761264000,2025-10-24T00:00:00+00:00,1.3117915885176967,10110.246810706278,10110.246810706278,0.0,10110.246810706278,0.0,110.24681070627744,0.0,0,0
1761350400,2025-10-25T00:00:00+00:00,1.3117915885176967,10110.246810706278,10110.246810706278,0.0,10110.246810706278,0.0,110.24681070627744,0.0,0,0
1761436800,2025-10-26T00:00:00+00:00,1.3117915885176967,10110.246810706278,10110.246810706278,0.0,10110.246810706278,0.0,110.24681070627744,0.0,0,0
1761523200,2025-10-27T00:00:00+00:00,1.3117915885176967,10110.246810706278,10110.246810706278,0.0,10110.246810706278,0.0,110.24681070627744,0.0,0,0
1761609600,2025-10-28T00:00:00+00:00,1.3117915885176967,10110.246810706278,10110.246810706278,0.0,10110.246810706278,0.0,110.24681070627744,0.0,0,0
1761696000,2025-10-29T00:00:00+00:00,1.3117915885176967,10110.246810706278,10110.246810706278,0.0,10110.246810706278,0.0,110.24681070627744,0.0,0,0
1761782400,2025-10-30T00:00:00+00:00,1.3117915885176967,10110.246810706278,10110.246810706278,0.0,10110.246810706278,0.0,110.24681070627744,0.0,0,0
1761868800,2025-10-31T00:00:00+00:00,1.3117915885176967,10110.246810706278,10110.246810706278,0.0,10110.246810706278,0.0,110.24681070627744,0.0,0,0
1761955200,2025-11-01T00:00:00+00:00,1.3117915885176967,10110.246810706278,10110.246810706278,0.0,10110.246810706278,0.0,110.24681070627744,0.0,0,0
1762041600,2025-11-02T00:00:00+00:00,1.3117915885176967,10110.246810706278,10110.246810706278,0.0,10110.246810706278,0.0,110.24681070627744,0.0,0,0
1762128000,2025-11-03T00:00:00+00:00,1.3117915885176967,10110.246810706278,10110.246810706278,0.0,10110.246810706278,0.0,110.24681070627744,0.0,0,0
1762214400,2025-11-04T00:00:00+00:00,1.3117915885176967,10110.246810706278,10110.246810706278,0.0,10110.246810706278,0.0,110.24681070627744,0.0,0,0
1762300800,2025-11-05T00:00:00+00:00,1.3117915885176967,10110.246810706278,10110.246810706278,0.0,10110.246810706278,0.0,110.24681070627744,0.0,0,0
1762387200,2025-11-06T00:00:00+00:00,1.3117915885176967,10110.246810706278,10110.246810706278,0.0,10110.246810706278,0.0,110.24681070627744,0.0,0,0
1762473600,2025-11-07T00:00:00+00:00,1.3117915885176967,10110.246810706278,10110.246810706278,0.0,10110.246810706278,0.0,110.24681070627744,0.0,0,0
1762560000,2025-11-08T00:00:00+00:00,1.3117915885176967,10110.246810706278,10110.246810706278,0.0,10110.246810706278,0.0,110.24681070627744,0.0,0,0
1762646400,2025-11-09T00:00:00+00:00,1.3117915885176967,10110.246810706278,10110.246810706278,0.0,10110.246810706278,0.0,110.24681070627744,0.0,0,0
1762732800,2025-11-10T00:00:00+00:00,1.3117915885176967,10110.246810706278,10110.246810706278,0.0,10110.246810706278,0.0,110.24681070627744,0.0,0,0
1762819200,2025-11-11T00:00:00+00:00,1.3117915885176967,10110.246810706278,10110.246810706278,0.0,10110.246810706278,0.0,110.24681070627744,0.0,0,0
1762905600,2025-11-12T00:00:00+00:00,1.3117915885176967,10110.246810706278,10110.246810706278,0.0,10110.246810706278,0.0,110.24681070627744,0.0,0,0
1762992000,2025-11-13T00:00:00+00:00,1.3117915885176967,10110.246810706278,10110.246810706278,0.0,10110.246810706278,0.0,110.24681070627744,0.0,0,0
1763078400,2025-11-14T00:00:00+00:00,1.3117915885176967,10110.246810706278,10110.246810706278,0.0,10110.246810706278,0.0,110.24681070627744,0.0,0,0
1763164800,2025-11-15T00:00:00+00:00,1.3117915885176967,10110.246810706278,10110.246810706278,0.0,10110.246810706278,0.0,110.24681070627744,0.0,0,0
1763251200,2025-11-16T00:00:00+00:00,1.3117915885176967,10110.246810706278,10110.246810706278,0.0,10110.246810706278,0.0,110.24681070627744,0.0,0,0
1763337600,2025-11-17T00:00:00+00:00,1.3117915885176967,10110.246810706278,10110.246810706278,0.0,10110.246810706278,0.0,110.24681070627744,0.0,0,0
1763424000,2025-11-18T00:00:00+00:00,1.3117915885176967,10110.246810706278,10110.246810706278,0.0,10110.246810706278,0.0,110.24681070627744,0.0,0,0
1763510400,2025-11-19T00:00:00+00:00,1.3117915885176967,10110.246810706278,10110.246810706278,0.0,10110.246810706278,0.0,110.24681070627744,0.0,0,0
1763596800,2025-11-20T00:00:00+00:00,1.3117915885176967,10110.246810706278,10110.246810706278,0.0,10110.246810706278,0.0,110.24681070627744,0.0,0,0
1763683200,2025-11-21T00:00:00+00:00,1.3117915885176967,10110.246810706278,10110.246810706278,0.0,10110.246810706278,0.0,110.24681070627744,0.0,0,0
1763769600,2025-11-22T00:00:00+00:00,1.3117915885176967,10110.246810706278,10110.246810706278,0.0,10110.246810706278,0.0,110.24681070627744,0.0,0,0
1763856000,2025-11-23T00:00:00+00:00,1.3117915885176967,10110.246810706278,10110.246810706278,0.0,10110.246810706278,0.0,110.24681070627744,0.0,0,0
1763942400,2025-11-24T00:00:00+00:00,1.3117915885176967,10110.246810706278,10110.246810706278,0.0,10110.246810706278,0.0,110.24681070627744,0.0,0,0
1764028800,2025-11-25T00:00:00+00:00,1.3117915885176967,10110.246810706278,10110.246810706278,0.0,10110.246810706278,0.0,110.24681070627744,0.0,0,0
1764115200,2025-11-26T00:00:00+00:00,1.3117915885176967,10110.246810706278,10110.246810706278,0.0,10110.246810706278,0.0,110.24681070627744,0.0,0,0
1764201600,2025-11-27T00:00:00+00:00,1.3117915885176967,10110.246810706278,10110.246810706278,0.0,10110.246810706278,0.0,110.24681070627744,0.0,0,0
1764288000,2025-11-28T00:00:00+00:00,1.3117915885176967,10110.246810706278,10110.246810706278,0.0,10110.246810706278,0.0,110.24681070627744,0.0,0,0
1764374400,2025-11-29T00:00:00+00:00,1.3117915885176967,10110.246810706278,10110.246810706278,0.0,10110.246810706278,0.0,110.24681070627744,0.0,0,0
1764460800,2025-11-30T00:00:00+00:00,1.3117915885176967,10110.246810706278,10110.246810706278,0.0,10110.246810706278,0.0,110.24681070627744,0.0,0,0
1764547200,2025-12-01T00:00:00+00:00,1.3117915885176967,10110.246810706278,10110.246810706278,0.0,10110.246810706278,0.0,110.24681070627744,0.0,0,0
1764633600,2025-12-02T00:00:00+00:00,1.3117915885176967,10110.246810706278,10110.246810706278,0.0,10110.246810706278,0.0,110.24681070627744,0.0,0,0
1764720000,2025-12-03T00:00:00+00:00,1.3117915885176967,10110.246810706278,10110.246810706278,0.0,10110.246810706278,0.0,110.24681070627744,0.0,0,0
1764806400,2025-12-04T00:00:00+00:00,1.3117915885176967,10110.246810706278,10110.246810706278,0.0,10110.246810706278,0.0,110.24681070627744,0.0,0,0
1764892800,2025-12-05T00:00:00+00:00,1.3117915885176967,10110.246810706278,10110.246810706278,0.0,10110.246810706278,0.0,110.24681070627744,0.0,0,0
1764979200,2025-12-06T00:00:00+00:00,1.3117915885176967,10110.246810706278,10110.246810706278,0.0,10110.246810706278,0.0,110.24681070627744,0.0,0,0
1765065600,2025-12-07T00:00:00+00:00,1.3117915885176967,10110.246810706278,10110.246810706278,0.0,10110.246810706278,0.0,110.24681070627744,0.0,0,0
1765152000,2025-12-08T00:00:00+00:00,1.3117915885176967,10110.246810706278,10110.246810706278,0.0,10110.246810706278,0.0,110.24681070627744,0.0,0,0
1765238400,2025-12-09T00:00:00+00:00,1.3117915885176967,10110.246810706278,10110.246810706278,0.0,10110.246810706278,0.0,110.24681070627744,0.0,0,0
1765324800,2025-12-10T00:00:00+00:00,1.3117915885176967,10110.246810706278,10110.246810706278,0.0,10110.246810706278,0.0,110.24681070627744,0.0,0,0
1765411200,2025-12-11T00:00:00+00:00,1.3117915885176967,10110.246810706278,10110.246810706278,0.0,10110.246810706278,0.0,110.24681070627744,0.0,0,0
1765497600,2025-12-12T00:00:00+00:00,1.3117915885176967,10110.246810706278,10110.246810706278,0.0,10110.246810706278,0.0,110.24681070627744,0.0,0,0
1765584000,2025-12-13T00:00:00+00:00,1.3117915885176967,10110.246810706278,10110.246810706278,0.0,10110.246810706278,0.0,110.24681070627744,0.0,0,0
1765670400,2025-12-14T00:00:00+00:00,1.3117915885176967,10110.246810706278,10110.246810706278,0.0,10110.246810706278,0.0,110.24681070627744,0.0,0,0
1765756800,2025-12-15T00:00:00+00:00,1.3117915885176967,10110.246810706278,10110.246810706278,0.0,10110.246810706278,0.0,110.24681070627744,0.0,0,0
1765843200,2025-12-16T00:00:00+00:00,1.3117915885176967,10110.246810706278,10110.246810706278,0.0,10110.246810706278,0.0,110.24681070627744,0.0,0,0
1765929600,2025-12-17T00:00:00+00:00,1.3117915885176967,10110.246810706278,10110.246810706278,0.0,10110.246810706278,0.0,110.24681070627744,0.0,0,0
1766016000,2025-12-18T00:00:00+00:00,1.3117915885176967,10110.246810706278,10110.246810706278,0.0,10110.246810706278,0.0,110.24681070627744,0.0,0,0
1766102400,2025-12-19T00:00:00+00:00,1.3117915885176967,10110.246810706278,10110.246810706278,0.0,10110.246810706278,0.0,110.24681070627744,0.0,0,0
1766188800,2025-12-20T00:00:00+00:00,1.3117915885176967,10110.246810706278,10110.246810706278,0.0,10110.246810706278,0.0,110.24681070627744,0.0,0,0
1766275200,2025-12-21T00:00:00+00:00,1.3117915885176967,10110.246810706278,10110.246810706278,0.0,10110.246810706278,0.0,110.24681070627744,0.0,0,0
1766361600,2025-12-22T00:00:00+00:00,1.3117915885176967,10110.246810706278,10110.246810706278,0.0,10110.246810706278,0.0,110.24681070627744,0.0,0,0
1766448000,2025-12-23T00:00:00+00:00,1.3117915885176967,10110.246810706278,10110.246810706278,0.0,10110.246810706278,0.0,110.24681070627744,0.0,0,0
1766534400,2025-12-24T00:00:00+00:00,1.3117915885176967,10110.246810706278,10110.246810706278,0.0,10110.246810706278,0.0,110.24681070627744,0.0,0,0
1766620800,2025-12-25T00:00:00+00:00,1.3117915885176967,10110.246810706278,10110.246810706278,0.0,10110.246810706278,0.0,110.24681070627744,0.0,0,0
1766707200,2025-12-26T00:00:00+00:00,1.3117915885176967,10110.246810706278,10110.246810706278,0.0,10110.246810706278,0.0,110.24681070627744,0.0,0,0
1766793600,2025-12-27T00:00:00+00:00,1.3117915885176967,10110.246810706278,10110.246810706278,0.0,10110.246810706278,0.0,110.24681070627744,0.0,0,0
1766880000,2025-12-28T00:00:00+00:00,1.3117915885176967,10110.246810706278,10110.246810706278,0.0,10110.246810706278,0.0,110.24681070627744,0.0,0,0
1766966400,2025-12-29T00:00:00+00:00,1.3117915885176967,10110.246810706278,10110.246810706278,0.0,10110.246810706278,0.0,110.24681070627744,0.0,0,0
1767052800,2025-12-30T00:00:00+00:00,1.3117915885176967,10110.246810706278,10110.246810706278,0.0,10110.246810706278,0.0,110.24681070627744,0.0,0,0
1767139200,2025-12-31T00:00:00+00:00,1.3117915885176967,10110.246810706278,10110.246810706278,0.0,10110.246810706278,0.0,110.24681070627744,0.0,0,0
1767225600,2026-01-01T00:00:00+00:00,1.3117915885176967,10110.246810706278,10110.246810706278,0.0,10110.246810706278,0.0,110.24681070627744,0.0,0,0
1767312000,2026-01-02T00:00:00+00:00,1.3117915885176967,10110.246810706278,10110.246810706278,0.0,10110.246810706278,0.0,110.24681070627744,0.0,0,0
1767398400,2026-01-03T00:00:00+00:00,1.3117915885176967,10110.246810706278,10110.246810706278,0.0,10110.246810706278,0.0,110.24681070627744,0.0,0,0
1767484800,2026-01-04T00:00:00+00:00,1.3117915885176967,10110.246810706278,10110.246810706278,0.0,10110.246810706278,0.0,110.24681070627744,0.0,0,0
1767571200,2026-01-05T00:00:00+00:00,1.3117915885176967,10110.246810706278,10110.246810706278,0.0,10110.246810706278,0.0,110.24681070627744,0.0,0,0
1767657600,2026-01-06T00:00:00+00:00,1.3117915885176967,10110.246810706278,10110.246810706278,0.0,10110.246810706278,0.0,110.24681070627744,0.0,0,0
1767744000,2026-01-07T00:00:00+00:00,1.3117915885176967,10110.246810706278,10110.246810706278,0.0,10110.246810706278,0.0,110.24681070627744,0.0,0,0
1767830400,2026-01-08T00:00:00+00:00,1.3117915885176967,10110.246810706278,10110.246810706278,0.0,10110.246810706278,0.0,110.24681070627744,0.0,0,0
1767916800,2026-01-09T00:00:00+00:00,1.3117915885176967,10110.246810706278,10110.246810706278,0.0,10110.246810706278,0.0,110.24681070627744,0.0,0,0
1768003200,2026-01-10T00:00:00+00:00,1.3117915885176967,10110.246810706278,10110.246810706278,0.0,10110.246810706278,0.0,110.24681070627744,0.0,0,0
1768089600,2026-01-11T00:00:00+00:00,1.3117915885176967,10110.246810706278,10110.246810706278,0.0,10110.246810706278,0.0,110.24681070627744,0.0,0,0
1768176000,2026-01-12T00:00:00+00:00,1.3117915885176967,10110.246810706278,10110.246810706278,0.0,10110.246810706278,0.0,110.24681070627744,0.0,0,0
1768262400,2026-01-13T00:00:00+00:00,1.3117915885176967,10110.246810706278,10110.246810706278,0.0,10110.246810706278,0.0,110.24681070627744,0.0,0,0
1768348800,2026-01-14T00:00:00+00:00,1.3117915885176967,10110.246810706278,10110.246810706278,0.0,10110.246810706278,0.0,110.24681070627744,0.0,0,0
1768435200,2026-01-15T00:00:00+00:00,1.3117915885176967,10110.246810706278,10110.246810706278,0.0,10110.246810706278,0.0,110.24681070627744,0.0,0,0
1768521600,2026-01-16T00:00:00+00:00,1.3117915885176967,10110.246810706278,10110.246810706278,0.0,10110.246810706278,0.0,110.24681070627744,0.0,0,0
1768608000,2026-01-17T00:00:00+00:00,1.3117915885176967,10110.246810706278,10110.246810706278,0.0,10110.246810706278,0.0,110.24681070627744,0.0,0,0
1768694400,2026-01-18T00:00:00+00:00,1.3117915885176967,10110.246810706278,10110.246810706278,0.0,10110.246810706278,0.0,110.24681070627744,0.0,0,0
1768780800,2026-01-19T00:00:00+00:00,1.3117915885176967,10110.246810706278,10110.246810706278,0.0,10110.246810706278,0.0,110.24681070627744,0.0,0,0
1768867200,2026-01-20T00:00:00+00:00,1.3117915885176967,10110.246810706278,10110.246810706278,0.0,10110.246810706278,0.0,110.24681070627744,0.0,0,0
1768953600,2026-01-21T00:00:00+00:00,1.3117915885176967,10110.246810706278,10110.246810706278,0.0,10110.246810706278,0.0,110.24681070627744,0.0,0,0
1769040000,2026-01-22T00:00:00+00:00,1.3117915885176967,10110.246810706278,10110.246810706278,0.0,10110.246810706278,0.0,110.24681070627744,0.0,0,0
1769126400,2026-01-23T00:00:00+00:00,1.3117915885176967,10110.246810706278,10110.246810706278,0.0,10110.246810706278,0.0,110.24681070627744,0.0,0,0
1769212800,2026-01-24T00:00:00+00:00,1.3117915885176967,10110.246810706278,10110.246810706278,0.0,10110.246810706278,0.0,110.24681070627744,0.0,0,0
1769299200,2026-01-25T00:00:00+00:00,1.3117915885176967,10110.246810706278,10110.246810706278,0.0,10110.246810706278,0.0,110.24681070627744,0.0,0,0
1769385600,2026-01-26T00:00:00+00:00,1.3117915885176967,10110.246810706278,10110.246810706278,0.0,10110.246810706278,0.0,110.24681070627744,0.0,0,0
1769472000,2026-01-27T00:00:00+00:00,1.3117915885176967,10110.246810706278,10110.246810706278,0.0,10110.246810706278,0.0,110.24681070627744,0.0,0,0
1769558400,2026-01-28T00:00:00+00:00,1.3117915885176967,10110.246810706278,10110.246810706278,0.0,10110.246810706278,0.0,110.24681070627744,0.0,0,0
1769644800,2026-01-29T00:00:00+00:00,1.3117915885176967,10110.246810706278,10110.246810706278,0.0,10110.246810706278,0.0,110.24681070627744,0.0,0,0
1769731200,2026-01-30T00:00:00+00:00,1.3117915885176967,10110.246810706278,10110.246810706278,0.0,10110.246810706278,0.0,110.24681070627744,0.0,0,0
1769817600,2026-01-31T00:00:00+00:00,1.3117915885176967,10110.246810706278,10110.246810706278,0.0,10110.246810706278,0.0,110.24681070627744,0.0,0,0
1769904000,2026-02-01T00:00:00+00:00,1.3117915885176967,10110.246810706278,10110.246810706278,0.0,10110.246810706278,0.0,110.24681070627744,0.0,0,0
1769990400,2026-02-02T00:00:00+00:00,1.3117915885176967,10110.246810706278,10110.246810706278,0.0,10110.246810706278,0.0,110.24681070627744,0.0,0,0
1770076800,2026-02-03T00:00:00+00:00,1.3117915885176967,10110.246810706278,10110.246810706278,0.0,10110.246810706278,0.0,110.24681070627744,0.0,0,0
1770163200,2026-02-04T00:00:00+00:00,1.3117915885176967,10110.246810706278,10110.246810706278,0.0,10110.246810706278,0.0,110.24681070627744,0.0,0,0
1770249600,2026-02-05T00:00:00+00:00,1.3117915885176967,10110.246810706278,10110.246810706278,0.0,10110.246810706278,0.0,110.24681070627744,0.0,0,0
1770336000,2026-02-06T00:00:00+00:00,1.3117915885176967,10110.246810706278,10110.246810706278,0.0,10110.246810706278,0.0,110.24681070627744,0.0,0,0
1770422400,2026-02-07T00:00:00+00:00,1.3117915885176967,10110.246810706278,10110.246810706278,0.0,10110.246810706278,0.0,110.24681070627744,0.0,0,0
1770508800,2026-02-08T00:00:00+00:00,1.3117915885176967,10110.246810706278,10110.246810706278,0.0,10110.246810706278,0.0,110.24681070627744,0.0,0,0
1770595200,2026-02-09T00:00:00+00:00,1.3117915885176967,10110.246810706278,10110.246810706278,0.0,10110.246810706278,0.0,110.24681070627744,0.0,0,0
1770681600,2026-02-10T00:00:00+00:00,1.3117915885176967,10110.246810706278,10110.246810706278,0.0,10110.246810706278,0.0,110.24681070627744,0.0,0,0
1770768000,2026-02-11T00:00:00+00:00,1.3117915885176967,10110.246810706278,10110.246810706278,0.0,10110.246810706278,0.0,110.24681070627744,0.0,0,0
1770854400,2026-02-12T00:00:00+00:00,1.3117915885176967,10110.246810706278,10110.246810706278,0.0,10110.246810706278,0.0,110.24681070627744,0.0,0,0
1770940800,2026-02-13T00:00:00+00:00,1.3117915885176967,10110.246810706278,10110.246810706278,0.0,10110.246810706278,0.0,110.24681070627744,0.0,0,0
1771027200,2026-02-14T00:00:00+00:00,1.3117915885176967,10110.246810706278,10110.246810706278,0.0,10110.246810706278,0.0,110.24681070627744,0.0,0,0
1771113600,2026-02-15T00:00:00+00:00,1.3117915885176967,10110.246810706278,10110.246810706278,0.0,10110.246810706278,0.0,110.24681070627744,0.0,0,0
1771200000,2026-02-16T00:00:00+00:00,1.3117915885176967,10110.246810706278,10110.246810706278,0.0,10110.246810706278,0.0,110.24681070627744,0.0,0,0
1771286400,2026-02-17T00:00:00+00:00,1.3117915885176967,10110.246810706278,10110.246810706278,0.0,10110.246810706278,0.0,110.24681070627744,0.0,0,0
1771372800,2026-02-18T00:00:00+00:00,1.3117915885176967,10110.246810706278,10110.246810706278,0.0,10110.246810706278,0.0,110.24681070627744,0.0,0,0
1771459200,2026-02-19T00:00:00+00:00,1.3117915885176967,10110.246810706278,10110.246810706278,0.0,10110.246810706278,0.0,110.24681070627744,0.0,0,0
1771545600,2026-02-20T00:00:00+00:00,1.3117915885176967,10110.246810706278,10110.246810706278,0.0,10110.246810706278,0.0,110.24681070627744,0.0,0,0
1771632000,2026-02-21T00:00:00+00:00,1.3117915885176967,10110.246810706278,10110.246810706278,0.0,10110.246810706278,0.0,110.24681070627744,0.0,0,0
1771718400,2026-02-22T00:00:00+00:00,1.3117915885176967,10110.246810706278,10110.246810706278,0.0,10110.246810706278,0.0,110.24681070627744,0.0,0,0
1771804800,2026-02-23T00:00:00+00:00,1.3117915885176967,10110.246810706278,10110.246810706278,0.0,10110.246810706278,0.0,110.24681070627744,0.0,0,0
1771891200,2026-02-24T00:00:00+00:00,1.3117915885176967,10110.246810706278,10110.246810706278,0.0,10110.246810706278,0.0,110.24681070627744,0.0,0,0
1771977600,2026-02-25T00:00:00+00:00,1.3117915885176967,10110.246810706278,10110.246810706278,0.0,10110.246810706278,0.0,110.24681070627744,0.0,0,0
1772064000,2026-02-26T00:00:00+00:00,1.3117915885176967,10110.246810706278,10110.246810706278,0.0,10110.246810706278,0.0,110.24681070627744,0.0,0,0
1772150400,2026-02-27T00:00:00+00:00,1.3117915885176967,10110.246810706278,10110.246810706278,0.0,10110.246810706278,0.0,110.24681070627744,0.0,0,0
1772236800,2026-02-28T00:00:00+00:00,1.3117915885176967,10110.246810706278,10110.246810706278,0.0,10110.246810706278,0.0,110.24681070627744,0.0,0,0
1772323200,2026-03-01T00:00:00+00:00,1.3117915885176967,10110.246810706278,10110.246810706278,0.0,10110.246810706278,0.0,110.24681070627744,0.0,0,0
1772409600,2026-03-02T00:00:00+00:00,1.3117915885176967,10110.246810706278,10110.246810706278,0.0,10110.246810706278,0.0,110.24681070627744,0.0,0,0
1772496000,2026-03-03T00:00:00+00:00,1.3117915885176967,10110.246810706278,10110.246810706278,0.0,10110.246810706278,0.0,110.24681070627744,0.0,0,0
1772582400,2026-03-04T00:00:00+00:00,1.3117915885176967,10110.246810706278,10110.246810706278,0.0,10110.246810706278,0.0,110.24681070627744,0.0,0,0
1772668800,2026-03-05T00:00:00+00:00,1.3117915885176967,10110.246810706278,10110.246810706278,0.0,10110.246810706278,0.0,110.24681070627744,0.0,0,0
1772755200,2026-03-06T00:00:00+00:00,1.3117915885176967,10110.246810706278,10110.246810706278,0.0,10110.246810706278,0.0,110.24681070627744,0.0,0,0
1772841600,2026-03-07T00:00:00+00:00,1.3117915885176967,10110.246810706278,10110.246810706278,0.0,10110.246810706278,0.0,110.24681070627744,0.0,0,0
1772928000,2026-03-08T00:00:00+00:00,1.3117915885176967,10110.246810706278,10110.246810706278,0.0,10110.246810706278,0.0,110.24681070627744,0.0,0,0
1773014400,2026-03-09T00:00:00+00:00,1.3117915885176967,10110.246810706278,10110.246810706278,0.0,10110.246810706278,0.0,110.24681070627744,0.0,0,0
1773100800,2026-03-10T00:00:00+00:00,1.3117915885176967,10110.246810706278,10110.246810706278,0.0,10110.246810706278,0.0,110.24681070627744,0.0,0,0
1773187200,2026-03-11T00:00:00+00:00,1.3117915885176967,10110.246810706278,10110.246810706278,0.0,10110.246810706278,0.0,110.24681070627744,0.0,0,0
1773273600,2026-03-12T00:00:00+00:00,1.3117915885176967,10110.246810706278,10110.246810706278,0.0,10110.246810706278,0.0,110.24681070627744,0.0,0,0
1773360000,2026-03-13T00:00:00+00:00,1.3117915885176967,10110.246810706278,10110.246810706278,0.0,10110.246810706278,0.0,110.24681070627744,0.0,0,0
1773446400,2026-03-14T00:00:00+00:00,1.3117915885176967,10110.246810706278,10110.246810706278,0.0,10110.246810706278,0.0,110.24681070627744,0.0,0,0
1773532800,2026-03-15T00:00:00+00:00,1.3117915885176967,10110.246810706278,10110.246810706278,0.0,10110.246810706278,0.0,110.24681070627744,0.0,0,0
1773619200,2026-03-16T00:00:00+00:00,1.3117915885176967,10110.246810706278,10110.246810706278,0.0,10110.246810706278,0.0,110.24681070627744,0.0,0,0
1773705600,2026-03-17T00:00:00+00:00,1.3117915885176967,10110.246810706278,10110.246810706278,0.0,10110.246810706278,0.0,110.24681070627744,0.0,0,0
1773792000,2026-03-18T00:00:00+00:00,1.3117915885176967,10110.246810706278,10110.246810706278,0.0,10110.246810706278,0.0,110.24681070627744,0.0,0,0
1773878400,2026-03-19T00:00:00+00:00,1.3117915885176967,10110.246810706278,10110.246810706278,0.0,10110.246810706278,0.0,110.24681070627744,0.0,0,0
1773964800,2026-03-20T00:00:00+00:00,1.3117915885176967,10110.246810706278,10110.246810706278,0.0,10110.246810706278,0.0,110.24681070627744,0.0,0,0
1774051200,2026-03-21T00:00:00+00:00,1.3117915885176967,10110.246810706278,10110.246810706278,0.0,10110.246810706278,0.0,110.24681070627744,0.0,0,0
1774137600,2026-03-22T00:00:00+00:00,1.3117915885176967,10110.246810706278,10110.246810706278,0.0,10110.246810706278,0.0,110.24681070627744,0.0,0,0
1774224000,2026-03-23T00:00:00+00:00,1.3117915885176967,10110.246810706278,10110.246810706278,0.0,10110.246810706278,0.0,110.24681070627744,0.0,0,0
1774310400,2026-03-24T00:00:00+00:00,1.3117915885176967,10110.246810706278,10110.246810706278,0.0,10110.246810706278,0.0,110.24681070627744,0.0,0,0
1774396800,2026-03-25T00:00:00+00:00,1.3117915885176967,10110.246810706278,10110.246810706278,0.0,10110.246810706278,0.0,110.24681070627744,0.0,0,0
1774483200,2026-03-26T00:00:00+00:00,1.3117915885176967,10110.246810706278,10110.246810706278,0.0,10110.246810706278,0.0,110.24681070627744,0.0,0,0
1774569600,2026-03-27T00:00:00+00:00,1.3117915885176967,10110.246810706278,10110.246810706278,0.0,10110.246810706278,0.0,110.24681070627744,0.0,0,0
1774656000,2026-03-28T00:00:00+00:00,1.3117915885176967,10110.246810706278,10110.246810706278,0.0,10110.246810706278,0.0,110.24681070627744,0.0,0,0
1774742400,2026-03-29T00:00:00+00:00,1.3117915885176967,10110.246810706278,10110.246810706278,0.0,10110.246810706278,0.0,110.24681070627744,0.0,0,0
1774828800,2026-03-30T00:00:00+00:00,1.3117915885176967,10110.246810706278,10110.246810706278,0.0,10110.246810706278,0.0,110.24681070627744,0.0,0,0
1774915200,2026-03-31T00:00:00+00:00,1.3117915885176967,10110.246810706278,10110.246810706278,0.0,10110.246810706278,0.0,110.24681070627744,0.0,0,0
1775001600,2026-04-01T00:00:00+00:00,1.3117915885176967,10110.246810706278,10110.246810706278,0.0,10110.246810706278,0.0,110.24681070627744,0.0,0,0
1775088000,2026-04-02T00:00:00+00:00,1.3117915885176967,10110.246810706278,10110.246810706278,0.0,10110.246810706278,0.0,110.24681070627744,0.0,0,0
1775174400,2026-04-03T00:00:00+00:00,1.3117915885176967,10110.246810706278,10110.246810706278,0.0,10110.246810706278,0.0,110.24681070627744,0.0,0,0
1775260800,2026-04-04T00:00:00+00:00,1.3117915885176967,10110.246810706278,10110.246810706278,0.0,10110.246810706278,0.0,110.24681070627744,0.0,0,0
1775347200,2026-04-05T00:00:00+00:00,1.3117915885176967,10110.246810706278,10110.246810706278,0.0,10110.246810706278,0.0,110.24681070627744,0.0,0,0
1775433600,2026-04-06T00:00:00+00:00,1.3117915885176967,10110.246810706278,10110.246810706278,0.0,10110.246810706278,0.0,110.24681070627744,0.0,0,0
1775520000,2026-04-07T00:00:00+00:00,1.3117915885176967,10110.246810706278,10110.246810706278,0.0,10110.246810706278,0.0,110.24681070627744,0.0,0,0
1775606400,2026-04-08T00:00:00+00:00,1.3117915885176967,10110.246810706278,10110.246810706278,0.0,10110.246810706278,0.0,110.24681070627744,0.0,0,0
1775692800,2026-04-09T00:00:00+00:00,1.3117915885176967,10110.246810706278,10110.246810706278,0.0,10110.246810706278,0.0,110.24681070627744,0.0,0,0
1775779200,2026-04-10T00:00:00+00:00,1.3117915885176967,10110.246810706278,10110.246810706278,0.0,10110.246810706278,0.0,110.24681070627744,0.0,0,0
1775865600,2026-04-11T00:00:00+00:00,1.3117915885176967,10110.246810706278,10110.246810706278,0.0,10110.246810706278,0.0,110.24681070627744,0.0,0,0
1775952000,2026-04-12T00:00:00+00:00,1.3117915885176967,10110.246810706278,10110.246810706278,0.0,10110.246810706278,0.0,110.24681070627744,0.0,0,0
1776038400,2026-04-13T00:00:00+00:00,1.3117915885176967,10110.246810706278,10110.246810706278,0.0,10110.246810706278,0.0,110.24681070627744,0.0,0,0
1776124800,2026-04-14T00:00:00+00:00,1.3117915885176967,10110.246810706278,10110.246810706278,0.0,10110.246810706278,0.0,110.24681070627744,0.0,0,0
1776211200,2026-04-15T00:00:00+00:00,1.3117915885176967,10110.246810706278,10110.246810706278,0.0,10110.246810706278,0.0,110.24681070627744,0.0,0,0
1776297600,2026-04-16T00:00:00+00:00,1.3117915885176967,10110.246810706278,10110.246810706278,0.0,10110.246810706278,0.0,110.24681070627744,0.0,0,0
1776384000,2026-04-17T00:00:00+00:00,1.3117915885176967,10110.246810706278,10110.246810706278,0.0,10110.246810706278,0.0,110.24681070627744,0.0,0,0
1776470400,2026-04-18T00:00:00+00:00,1.3117915885176967,10110.246810706278,10110.246810706278,0.0,10110.246810706278,0.0,110.24681070627744,0.0,0,0
1776556800,2026-04-19T00:00:00+00:00,1.3117915885176967,10110.246810706278,10110.246810706278,0.0,10110.246810706278,0.0,110.24681070627744,0.0,0,0
1776643200,2026-04-20T00:00:00+00:00,1.3117915885176967,10110.246810706278,10110.246810706278,0.0,10110.246810706278,0.0,110.24681070627744,0.0,0,0
1776729600,2026-04-21T00:00:00+00:00,1.3117915885176967,10110.246810706278,10110.246810706278,0.0,10110.246810706278,0.0,110.24681070627744,0.0,0,0
1776816000,2026-04-22T00:00:00+00:00,1.3117915885176967,10110.246810706278,10110.246810706278,0.0,10110.246810706278,0.0,110.24681070627744,0.0,0,0
1776902400,2026-04-23T00:00:00+00:00,1.3117915885176967,10110.246810706278,10110.246810706278,0.0,10110.246810706278,0.0,110.24681070627744,0.0,0,0
1776988800,2026-04-24T00:00:00+00:00,1.3117915885176967,10110.246810706278,10110.246810706278,0.0,10110.246810706278,0.0,110.24681070627744,0.0,0,0
1777075200,2026-04-25T00:00:00+00:00,1.3117915885176967,10110.246810706278,10110.246810706278,0.0,10110.246810706278,0.0,110.24681070627744,0.0,0,0
1777161600,2026-04-26T00:00:00+00:00,1.3117915885176967,10110.246810706278,10110.246810706278,0.0,10110.246810706278,0.0,110.24681070627744,0.0,0,0
1777248000,2026-04-27T00:00:00+00:00,1.3117915885176967,10110.246810706278,10110.246810706278,0.0,10110.246810706278,0.0,110.24681070627744,0.0,0,0
1777334400,2026-04-28T00:00:00+00:00,1.3117915885176967,10110.246810706278,10110.246810706278,0.0,10110.246810706278,0.0,110.24681070627744,0.0,0,0
1777420800,2026-04-29T00:00:00+00:00,1.3117915885176967,10110.246810706278,10110.246810706278,0.0,10110.246810706278,0.0,110.24681070627744,0.0,0,0
1777507200,2026-04-30T00:00:00+00:00,1.3117915885176967,10110.246810706278,10110.246810706278,0.0,10110.246810706278,0.0,110.24681070627744,0.0,0,0
1777593600,2026-05-01T00:00:00+00:00,1.3117915885176967,10110.246810706278,10110.246810706278,0.0,10110.246810706278,0.0,110.24681070627744,0.0,0,0
1777680000,2026-05-02T00:00:00+00:00,1.3117915885176967,10110.246810706278,10110.246810706278,0.0,10110.246810706278,0.0,110.24681070627744,0.0,0,0
1777766400,2026-05-03T00:00:00+00:00,1.3117915885176967,10110.246810706278,10110.246810706278,0.0,10110.246810706278,0.0,110.24681070627744,0.0,0,0
1777852800,2026-05-04T00:00:00+00:00,1.3117915885176967,10110.246810706278,10110.246810706278,0.0,10110.246810706278,0.0,110.24681070627744,0.0,0,0
1777939200,2026-05-05T00:00:00+00:00,1.3117915885176967,10110.246810706278,10110.246810706278,0.0,10110.246810706278,0.0,110.24681070627744,0.0,0,0
1778025600,2026-05-06T00:00:00+00:00,1.3117915885176967,10110.246810706278,10110.246810706278,0.0,10110.246810706278,0.0,110.24681070627744,0.0,0,0
1778112000,2026-05-07T00:00:00+00:00,1.3117915885176967,10110.246810706278,10110.246810706278,0.0,10110.246810706278,0.0,110.24681070627744,0.0,0,0
1778198400,2026-05-08T00:00:00+00:00,1.3117915885176967,10110.246810706278,10110.246810706278,0.0,10110.246810706278,0.0,110.24681070627744,0.0,0,0
1778284800,2026-05-09T00:00:00+00:00,1.3117915885176967,10110.246810706278,10110.246810706278,0.0,10110.246810706278,0.0,110.24681070627744,0.0,0,0
1778371200,2026-05-10T00:00:00+00:00,1.3117915885176967,10110.246810706278,10110.246810706278,0.0,10110.246810706278,0.0,110.24681070627744,0.0,0,0
1778457600,2026-05-11T00:00:00+00:00,1.3117915885176967,10110.246810706278,10110.246810706278,0.0,10110.246810706278,0.0,110.24681070627744,0.0,0,0
1778544000,2026-05-12T00:00:00+00:00,1.3117915885176967,10110.246810706278,10110.246810706278,0.0,10110.246810706278,0.0,110.24681070627744,0.0,0,0
1778630400,2026-05-13T00:00:00+00:00,1.3117915885176967,10110.246810706278,10110.246810706278,0.0,10110.246810706278,0.0,110.24681070627744,0.0,0,0
1778716800,2026-05-14T00:00:00+00:00,1.3117915885176967,10110.246810706278,10110.246810706278,0.0,10110.246810706278,0.0,110.24681070627744,0.0,0,0
1778803200,2026-05-15T00:00:00+00:00,1.3117915885176967,10110.246810706278,10110.246810706278,0.0,10110.246810706278,0.0,110.24681070627744,0.0,0,0
1778889600,2026-05-16T00:00:00+00:00,1.3117915885176967,10110.246810706278,10110.246810706278,0.0,10110.246810706278,0.0,110.24681070627744,0.0,0,0
1778976000,2026-05-17T00:00:00+00:00,1.3117915885176967,10110.246810706278,10110.246810706278,0.0,10110.246810706278,0.0,110.24681070627744,0.0,0,0
1779062400,2026-05-18T00:00:00+00:00,1.3117915885176967,10110.246810706278,10110.246810706278,0.0,10110.246810706278,0.0,110.24681070627744,0.0,0,0
1779148800,2026-05-19T00:00:00+00:00,1.3117915885176967,10110.246810706278,10110.246810706278,0.0,10110.246810706278,0.0,110.24681070627744,0.0,0,0
1779235200,2026-05-20T00:00:00+00:00,1.3117915885176967,10110.246810706278,10110.246810706278,0.0,10110.246810706278,0.0,110.24681070627744,0.0,0,0
1779321600,2026-05-21T00:00:00+00:00,1.3117915885176967,10110.246810706278,10110.246810706278,0.0,10110.246810706278,0.0,110.24681070627744,0.0,0,0
1779408000,2026-05-22T00:00:00+00:00,1.3117915885176967,10110.246810706278,10110.246810706278,0.0,10110.246810706278,0.0,110.24681070627744,0.0,0,0
1779494400,2026-05-23T00:00:00+00:00,1.3117915885176967,10110.246810706278,10110.246810706278,0.0,10110.246810706278,0.0,110.24681070627744,0.0,0,0
1779580800,2026-05-24T00:00:00+00:00,1.3117915885176967,10110.246810706278,10110.246810706278,0.0,10110.246810706278,0.0,110.24681070627744,0.0,0,0
1779667200,2026-05-25T00:00:00+00:00,1.3117915885176967,10110.246810706278,10110.246810706278,0.0,10110.246810706278,0.0,110.24681070627744,0.0,0,0
