time,utc,drawdown_pct,equity,cash,reserved_pending,available_cash,unrealized,realized_net,invested_value,open_count,pending_count
1701043200,2023-11-27T00:00:00+00:00,0,10000.0,10000.0,194.6864888888889,9805.313511111111,0.0,0.0,0.0,0,1
1701129600,2023-11-28T00:00:00+00:00,0.08812598936788207,9991.26229950698,9805.35220950698,0.0,9805.35220950698,-8.543052702526598,-0.1946477904930196,185.91009,1,0
1701216000,2023-11-29T00:00:00+00:00,0.011476720117975514,10001.79697950698,9805.35220950698,0.0,9805.35220950698,1.991627297473393,-0.1946477904930196,196.44477,1,0
1701302400,2023-11-30T00:00:00+00:00,0.06542452523269349,10005.61242450698,9805.35220950698,0.0,9805.35220950698,5.807072297473402,-0.1946477904930196,200.26021500000002,1,0
1701388800,2023-12-01T00:00:00+00:00,0.06576176505347364,10005.57865950698,9805.35220950698,0.0,9805.35220950698,5.773307297473385,-0.1946477904930196,200.22645,1,0
1701475200,2023-12-02T00:00:00+00:00,0.06507784826988994,10007.09808450698,9805.35220950698,0.0,9805.35220950698,7.292732297473394,-0.1946477904930196,201.745875,1,0
1701561600,2023-12-03T00:00:00+00:00,0,10020.30019950698,9805.35220950698,0.0,9805.35220950698,20.494847297473385,-0.1946477904930196,214.94799,1,0
1701648000,2023-12-04T00:00:00+00:00,0.07611378179132045,10018.004179506981,9805.35220950698,0.0,9805.35220950698,18.198827297473382,-0.1946477904930196,212.65197,1,0
1701734400,2023-12-05T00:00:00+00:00,0.12124319223397739,10013.47966950698,9805.35220950698,0.0,9805.35220950698,13.674317297473396,-0.1946477904930196,208.12746,1,0
1701820800,2023-12-06T00:00:00+00:00,0.14178717758472903,10011.420004506981,9805.35220950698,0.0,9805.35220950698,11.614652297473398,-0.1946477904930196,206.06779500000002,1,0
1701907200,2023-12-07T00:00:00+00:00,0.13872199238735838,10014.18873450698,9805.35220950698,0.0,9805.35220950698,14.3833822974734,-0.1946477904930196,208.836525,1,0
1701993600,2023-12-08T00:00:00+00:00,0.03128501822295959,10034.076319506981,9805.35220950698,0.0,9805.35220950698,34.270967297473376,-0.1946477904930196,228.72411,1,0
1702080000,2023-12-09T00:00:00+00:00,0,10058.38711950698,9805.35220950698,0.0,9805.35220950698,58.581767297473384,-0.1946477904930196,253.03491,1,0
1702166400,2023-12-10T00:00:00+00:00,0.08050632927735224,10057.390959191194,9935.334099191195,0.0,9935.334099191195,24.833168156254867,32.557791034939605,122.05685999999999,1,0
1702252800,2023-12-11T00:00:00+00:00,0.03740189881009659,10061.729633191195,9935.334099191195,0.0,9935.334099191195,29.171842156254883,32.557791034939605,126.395534,1,0
1702339200,2023-12-12T00:00:00+00:00,0.12281599191126258,10053.132282502309,9766.268163702309,0.0,9766.268163702309,20.743557402858258,32.38872509945072,286.8641188,2,0
1702425600,2023-12-13T00:00:00+00:00,0.17822394628631555,10047.555198002308,9766.268163702309,0.0,9766.268163702309,15.166472902858239,32.38872509945072,281.28703429999996,2,0
1702512000,2023-12-14T00:00:00+00:00,0.1163838964823749,10053.779704702309,9766.268163702309,0.0,9766.268163702309,21.390979602858256,32.38872509945072,287.51154099999997,2,0
1702598400,2023-12-15T00:00:00+00:00,0.009722369717046764,10069.15845670231,9766.268163702309,0.0,9766.268163702309,36.76973160285825,32.38872509945072,302.890293,2,0
1702684800,2023-12-16T00:00:00+00:00,0.19836034813114356,10051.398687802308,9766.268163702309,0.0,9766.268163702309,19.009962702858267,32.38872509945072,285.1305241,2,0
1702771200,2023-12-17T00:00:00+00:00,0.17366569047257974,10053.885779702308,9766.268163702309,0.0,9766.268163702309,21.497054602858256,32.38872509945072,287.617616,2,0
1702857600,2023-12-18T00:00:00+00:00,0.2561703894178091,10045.576421002308,9766.268163702309,0.0,9766.268163702309,13.18769590285826,32.38872509945072,279.3082573,2,0
1702944000,2023-12-19T00:00:00+00:00,0.12188278372663452,10059.10103110231,9766.268163702309,0.0,9766.268163702309,26.71230600285825,32.38872509945072,292.8328674,2,0
1703030400,2023-12-20T00:00:00+00:00,0.21062395602948758,10050.163573702308,9766.268163702309,0.0,9766.268163702309,17.77484860285825,32.38872509945072,283.89540999999997,2,0
1703116800,2023-12-21T00:00:00+00:00,0.05737085063037828,10067.455193002308,9766.268163702309,0.0,9766.268163702309,35.06646790285824,32.38872509945072,301.18702929999995,2,0
1703203200,2023-12-22T00:00:00+00:00,0,10097.688437138084,9923.301736638085,0.0,9923.301736638085,5.489830946603376,92.19860619148211,174.3867005,1,0
1703289600,2023-12-23T00:00:00+00:00,0.007219737665675741,10099.671010538084,9923.301736638085,0.0,9923.301736638085,7.47240434660337,92.19860619148211,176.3692739,1,0
1703376000,2023-12-24T00:00:00+00:00,0.01838150713019404,10101.984012838084,9923.301736638085,0.0,9923.301736638085,9.785406646603384,92.19860619148211,178.6822762,1,0
1703462400,2023-12-25T00:00:00+00:00,0.0670972315378271,10097.198490838085,9923.301736638085,0.0,9923.301736638085,4.999884646603384,92.19860619148211,173.8967542,1,0
1703548800,2023-12-26T00:00:00+00:00,0.03067302013158857,10100.878785138084,9923.301736638085,0.0,9923.301736638085,8.68017894660339,92.19860619148211,177.57704850000002,1,0
1703635200,2023-12-27T00:00:00+00:00,0.08626786912008244,10095.261493838085,9923.301736638085,0.0,9923.301736638085,3.062887646603385,92.19860619148211,171.9597572,1,0
1703721600,2023-12-28T00:00:00+00:00,0,10113.685753538084,9923.301736638085,0.0,9923.301736638085,21.487147346603376,92.19860619148211,190.3840169,1,0
1703808000,2023-12-29T00:00:00+00:00,0.16928838513395883,10105.664307138084,9923.301736638085,0.0,9923.301736638085,13.465700946603368,92.19860619148211,182.36257049999998,1,0
1703894400,2023-12-30T00:00:00+00:00,0.22162821165476743,10100.366050638084,9923.301736638085,0.0,9923.301736638085,8.167444446603369,92.19860619148211,177.064314,1,0
1703980800,2023-12-31T00:00:00+00:00,0.26361263163809934,10096.116051338086,9923.301736638085,0.0,9923.301736638085,3.917445146603377,92.19860619148211,172.81431469999998,1,0
1704067200,2024-01-01T00:00:00+00:00,0.28905091291487883,10093.540984738085,9923.301736638085,0.0,9923.301736638085,1.3423785466033873,92.19860619148211,170.2392481,1,0
1704153600,2024-01-02T00:00:00+00:00,0.220727741521054,10100.457203438085,9923.301736638085,0.0,9923.301736638085,8.25859724660338,92.19860619148211,177.1554668,1,0
1704240000,2024-01-03T00:00:00+00:00,0.2637251904048066,10096.104657238086,9923.301736638085,0.0,9923.301736638085,3.906051046603383,92.19860619148211,172.8029206,1,0
1704326400,2024-01-04T00:00:00+00:00,0.5477838477802699,10067.349964533429,9724.588124533428,0.0,9724.588124533428,0.3269045732732047,67.02305996015508,342.76184,1,0
1704412800,2024-01-05T00:00:00+00:00,0.44458158226712285,10077.796924533428,9724.588124533428,0.0,9724.588124533428,10.773864573273167,67.02305996015508,353.2088,1,0
1704499200,2024-01-06T00:00:00+00:00,0.4450549690287686,10077.749004533427,9724.588124533428,0.0,9724.588124533428,10.725944573273184,67.02305996015508,353.16088,1,0
1704585600,2024-01-07T00:00:00+00:00,0.459026596005474,10076.334684533427,9724.588124533428,0.0,9724.588124533428,9.311624573273177,67.02305996015508,351.74656,1,0
1704672000,2024-01-08T00:00:00+00:00,0.4621324557270823,10076.020284533428,9724.588124533428,0.0,9724.588124533428,8.997224573273154,67.02305996015508,351.43215999999995,1,0
1704758400,2024-01-09T00:00:00+00:00,0.22330369756122792,10100.196444533427,9724.588124533428,0.0,9724.588124533428,33.17338457327319,67.02305996015508,375.60832,1,0
1704844800,2024-01-10T00:00:00+00:00,0.28977067619399,10093.468124533429,9724.588124533428,0.0,9724.588124533428,26.44506457327318,67.02305996015508,368.88,1,0
1704931200,2024-01-11T00:00:00+00:00,0.24677941334508846,10097.820044533428,9724.588124533428,0.0,9724.588124533428,30.796984573273164,67.02305996015508,373.23192,1,0
1705017600,2024-01-12T00:00:00+00:00,0.271660273807095,10095.301404533428,9724.588124533428,0.0,9724.588124533428,28.27834457327321,67.02305996015508,370.71328000000005,1,0
1705104000,2024-01-13T00:00:00+00:00,0.5527231921212628,10066.849964533429,9724.588124533428,0.0,9724.588124533428,-0.17309542672679526,67.02305996015508,342.26184,1,0
1705190400,2024-01-14T00:00:00+00:00,0.547565726334176,10067.372044533427,9724.588124533428,0.0,9724.588124533428,0.34898457327316285,67.02305996015508,342.78391999999997,1,0
1705276800,2024-01-15T00:00:00+00:00,0.6357342082635387,10058.446924533428,9724.588124533428,0.0,9724.588124533428,-8.576135426726832,67.02305996015508,333.8588,1,0
1705363200,2024-01-16T00:00:00+00:00,0.574189977774775,10064.676924533427,9724.588124533428,0.0,9724.588124533428,-2.3461354267268324,67.02305996015508,340.0888,1,0
1705449600,2024-01-17T00:00:00+00:00,0.524650329772347,10069.691724533428,9724.588124533428,0.0,9724.588124533428,2.6686645732731558,67.02305996015508,345.1036,1,0
1705536000,2024-01-18T00:00:00+00:00,0.5532471577689546,10066.796924533428,9724.588124533428,0.0,9724.588124533428,-0.2261354267268325,67.02305996015508,342.2088,1,0
1705622400,2024-01-19T00:00:00+00:00,0.6677293051667421,10055.208124533428,9724.588124533428,0.0,9724.588124533428,-11.814935426726821,67.02305996015508,330.62,1,0
1705708800,2024-01-20T00:00:00+00:00,0.6415286518968388,10057.860364533428,9724.588124533428,0.0,9724.588124533428,-9.162695426726831,67.02305996015508,333.27224,1,0
1705795200,2024-01-21T00:00:00+00:00,0.6386037697518776,10058.156444533428,9724.588124533428,0.0,9724.588124533428,-8.866615426726813,67.02305996015508,333.56832,1,0
1705881600,2024-01-22T00:00:00+00:00,0.6477482742910157,10057.230764533428,9724.588124533428,0.0,9724.588124533428,-9.792295426726808,67.02305996015508,332.64264000000003,1,0
1705968000,2024-01-23T00:00:00+00:00,0.7909737520663151,10042.7323343889,10042.7323343889,0.0,10042.7323343889,0.0,42.732334388900284,0.0,0,0
1706054400,2024-01-24T00:00:00+00:00,0.7909737520663151,10042.7323343889,10042.7323343889,0.0,10042.7323343889,0.0,42.732334388900284,0.0,0,0
1706140800,2024-01-25T00:00:00+00:00,0.7909737520663151,10042.7323343889,10042.7323343889,0.0,10042.7323343889,0.0,42.732334388900284,0.0,0,0
1706227200,2024-01-26T00:00:00+00:00,0.7909737520663151,10042.7323343889,10042.7323343889,0.0,10042.7323343889,0.0,42.732334388900284,0.0,0,0
1706313600,2024-01-27T00:00:00+00:00,0.7909737520663151,10042.7323343889,10042.7323343889,0.0,10042.7323343889,0.0,42.732334388900284,0.0,0,0
1706400000,2024-01-28T00:00:00+00:00,0.7909737520663151,10042.7323343889,10042.7323343889,0.0,10042.7323343889,0.0,42.732334388900284,0.0,0,0
1706486400,2024-01-29T00:00:00+00:00,0.7909737520663151,10042.7323343889,10042.7323343889,0.0,10042.7323343889,0.0,42.732334388900284,0.0,0,0
1706572800,2024-01-30T00:00:00+00:00,0.7909737520663151,10042.7323343889,10042.7323343889,0.0,10042.7323343889,0.0,42.732334388900284,0.0,0,0
1706659200,2024-01-31T00:00:00+00:00,0.7909737520663151,10042.7323343889,10042.7323343889,0.0,10042.7323343889,0.0,42.732334388900284,0.0,0,0
1706745600,2024-02-01T00:00:00+00:00,0.7909737520663151,10042.7323343889,10042.7323343889,0.0,10042.7323343889,0.0,42.732334388900284,0.0,0,0
1706832000,2024-02-02T00:00:00+00:00,0.7909737520663151,10042.7323343889,10042.7323343889,0.0,10042.7323343889,0.0,42.732334388900284,0.0,0,0
1706918400,2024-02-03T00:00:00+00:00,0.7909737520663151,10042.7323343889,10042.7323343889,0.0,10042.7323343889,0.0,42.732334388900284,0.0,0,0
1707004800,2024-02-04T00:00:00+00:00,0.7909737520663151,10042.7323343889,10042.7323343889,0.0,10042.7323343889,0.0,42.732334388900284,0.0,0,0
1707091200,2024-02-05T00:00:00+00:00,0.7909737520663151,10042.7323343889,10042.7323343889,0.0,10042.7323343889,0.0,42.732334388900284,0.0,0,0
1707177600,2024-02-06T00:00:00+00:00,0.7909737520663151,10042.7323343889,10042.7323343889,0.0,10042.7323343889,0.0,42.732334388900284,0.0,0,0
1707264000,2024-02-07T00:00:00+00:00,0.7909737520663151,10042.7323343889,10042.7323343889,0.0,10042.7323343889,0.0,42.732334388900284,0.0,0,0
1707350400,2024-02-08T00:00:00+00:00,0.7909737520663151,10042.7323343889,10042.7323343889,0.0,10042.7323343889,0.0,42.732334388900284,0.0,0,0
1707436800,2024-02-09T00:00:00+00:00,0.7909737520663151,10042.7323343889,10042.7323343889,0.0,10042.7323343889,0.0,42.732334388900284,0.0,0,0
1707523200,2024-02-10T00:00:00+00:00,0.7909737520663151,10042.7323343889,10042.7323343889,0.0,10042.7323343889,0.0,42.732334388900284,0.0,0,0
1707609600,2024-02-11T00:00:00+00:00,0.7909737520663151,10042.7323343889,10042.7323343889,0.0,10042.7323343889,0.0,42.732334388900284,0.0,0,0
1707696000,2024-02-12T00:00:00+00:00,0.7909737520663151,10042.7323343889,10042.7323343889,0.0,10042.7323343889,0.0,42.732334388900284,0.0,0,0
1707782400,2024-02-13T00:00:00+00:00,0.7909737520663151,10042.7323343889,10042.7323343889,0.0,10042.7323343889,0.0,42.732334388900284,0.0,0,0
1707868800,2024-02-14T00:00:00+00:00,0.7909737520663151,10042.7323343889,10042.7323343889,0.0,10042.7323343889,0.0,42.732334388900284,0.0,0,0
1707955200,2024-02-15T00:00:00+00:00,0.7909737520663151,10042.7323343889,10042.7323343889,0.0,10042.7323343889,0.0,42.732334388900284,0.0,0,0
1708041600,2024-02-16T00:00:00+00:00,0.7909737520663151,10042.7323343889,10042.7323343889,0.0,10042.7323343889,0.0,42.732334388900284,0.0,0,0
1708128000,2024-02-17T00:00:00+00:00,0.7909737520663151,10042.7323343889,10042.7323343889,0.0,10042.7323343889,0.0,42.732334388900284,0.0,0,0
1708214400,2024-02-18T00:00:00+00:00,0.7909737520663151,10042.7323343889,10042.7323343889,0.0,10042.7323343889,0.0,42.732334388900284,0.0,0,0
1708300800,2024-02-19T00:00:00+00:00,0.7909737520663151,10042.7323343889,10042.7323343889,0.0,10042.7323343889,0.0,42.732334388900284,0.0,0,0
1708387200,2024-02-20T00:00:00+00:00,0.7909737520663151,10042.7323343889,10042.7323343889,0.0,10042.7323343889,0.0,42.732334388900284,0.0,0,0
1708473600,2024-02-21T00:00:00+00:00,0.7909737520663151,10042.7323343889,10042.7323343889,0.0,10042.7323343889,0.0,42.732334388900284,0.0,0,0
1708560000,2024-02-22T00:00:00+00:00,0.7909737520663151,10042.7323343889,10042.7323343889,0.0,10042.7323343889,0.0,42.732334388900284,0.0,0,0
1708646400,2024-02-23T00:00:00+00:00,0.7909737520663151,10042.7323343889,10042.7323343889,0.0,10042.7323343889,0.0,42.732334388900284,0.0,0,0
1708732800,2024-02-24T00:00:00+00:00,0.7976940015439138,10042.052056905326,9909.906976905326,0.0,9909.906976905326,-0.5474521260916027,42.59950903141671,132.14508,1,0
1708819200,2024-02-25T00:00:00+00:00,0.7541678669750196,10046.458120905325,9909.906976905326,0.0,9909.906976905326,3.858611873908416,42.59950903141671,136.55114400000002,1,0
1708905600,2024-02-26T00:00:00+00:00,0.7404112792935291,10047.850672905326,9909.906976905326,0.0,9909.906976905326,5.251163873908417,42.59950903141671,137.94369600000002,1,0
1708992000,2024-02-27T00:00:00+00:00,0.7141354689601309,10050.510520905325,9909.906976905326,0.0,9909.906976905326,7.911011873908396,42.59950903141671,140.603544,1,0
1709078400,2024-02-28T00:00:00+00:00,0.7185026396526517,10050.068440905326,9909.906976905326,0.0,9909.906976905326,7.468931873908405,42.59950903141671,140.161464,1,0
1709164800,2024-02-29T00:00:00+00:00,0.6888786651216616,10053.067216905325,9909.906976905326,0.0,9909.906976905326,10.467707873908406,42.59950903141671,143.16024000000002,1,0
1709251200,2024-03-01T00:00:00+00:00,0.7002333089222379,10051.917808905326,9909.906976905326,0.0,9909.906976905326,9.318299873908414,42.59950903141671,142.01083200000002,1,0
1709337600,2024-03-02T00:00:00+00:00,0.6436784484539437,10057.642744905326,9909.906976905326,0.0,9909.906976905326,15.043235873908396,42.59950903141671,147.735768,1,0
1709424000,2024-03-03T00:00:00+00:00,0.5456354664066021,10067.567440905326,9909.906976905326,0.0,9909.906976905326,24.967931873908405,42.59950903141671,157.66046400000002,1,0
1709510400,2024-03-04T00:00:00+00:00,0.610487951190708,10061.002552905326,9909.906976905326,0.0,9909.906976905326,18.40304387390842,42.59950903141671,151.09557600000002,1,0
1709596800,2024-03-05T00:00:00+00:00,0.6171114934077182,10060.332064905326,9909.906976905326,0.0,9909.906976905326,17.73255587390841,42.59950903141671,150.42508800000002,1,0
1709683200,2024-03-06T00:00:00+00:00,0.7221419485631153,10049.700040905325,9909.906976905326,0.0,9909.906976905326,7.1005318739084,42.59950903141671,139.793064,1,0
1709769600,2024-03-07T00:00:00+00:00,0.641203718394856,10057.893256905325,9909.906976905326,0.0,9909.906976905326,15.293747873908414,42.59950903141671,147.98628000000002,1,0
1709856000,2024-03-08T00:00:00+00:00,0.6407670013255928,10057.937464905326,9909.906976905326,0.0,9909.906976905326,15.337955873908415,42.59950903141671,148.03048800000002,1,0
1709942400,2024-03-09T00:00:00+00:00,0.6692991831834694,10055.049208905326,9909.906976905326,0.0,9909.906976905326,12.44969987390842,42.59950903141671,145.142232,1,0
1710028800,2024-03-10T00:00:00+00:00,0.6494285565324609,10057.060672905325,9909.906976905326,0.0,9909.906976905326,14.461163873908417,42.59950903141671,147.15369600000002,1,0
1710115200,2024-03-11T00:00:00+00:00,0.5251097641516989,10069.645216905326,9909.906976905326,0.0,9909.906976905326,27.045707873908405,42.59950903141671,159.73824000000002,1,0
1710201600,2024-03-12T00:00:00+00:00,0.5544425939698727,10066.675912905326,9909.906976905326,0.0,9909.906976905326,24.076403873908415,42.59950903141671,156.76893600000002,1,0
1710288000,2024-03-13T00:00:00+00:00,0.5961490740835629,10062.454048905325,9909.906976905326,0.0,9909.906976905326,19.85453987390841,42.59950903141671,152.54707200000001,1,0
1710374400,2024-03-14T00:00:00+00:00,0.5927281237077531,10062.800344905325,9909.906976905326,0.0,9909.906976905326,20.200835873908417,42.59950903141671,152.893368,1,0
1710460800,2024-03-15T00:00:00+00:00,0.5833387067188056,10063.750816905325,9909.906976905326,0.0,9909.906976905326,21.1513078739084,42.59950903141671,153.84384,1,0
1710547200,2024-03-16T00:00:00+00:00,0.6743214294798738,10054.540816905326,9909.906976905326,0.0,9909.906976905326,11.9413078739084,42.59950903141671,144.63384,1,0
1710633600,2024-03-17T00:00:00+00:00,0.784592489466307,10043.378296905326,9909.906976905326,0.0,9909.906976905326,0.7787878739083953,42.59950903141671,133.47132,1,0
1710720000,2024-03-18T00:00:00+00:00,0.7444873052732337,10047.438064905326,9909.906976905326,0.0,9909.906976905326,4.83855587390841,42.59950903141671,137.531088,1,0
1710806400,2024-03-19T00:00:00+00:00,0.7710542603194592,10044.748744905326,9909.906976905326,0.0,9909.906976905326,2.149235873908395,42.59950903141671,134.841768,1,0
1710892800,2024-03-20T00:00:00+00:00,0.9060202032543208,10031.086411038992,9848.526281038992,0.0,9848.526281038992,-11.4517172965595,42.538128335550375,182.56013000000002,2,0
1710979200,2024-03-21T00:00:00+00:00,0.883780012325619,10033.337741316183,9968.915981316184,0.0,9968.915981316184,3.1024448295320903,30.235296486651116,64.42175999999999,1,0
1711065600,2024-03-22T00:00:00+00:00,0.887208905167125,10032.990641316184,9968.915981316184,0.0,9968.915981316184,2.7553448295320906,30.235296486651116,64.07466,1,0
1711152000,2024-03-23T00:00:00+00:00,0.887208905167125,10032.990641316184,9968.915981316184,0.0,9968.915981316184,2.7553448295320906,30.235296486651116,64.07466,1,0
1711238400,2024-03-24T00:00:00+00:00,0.8893805373000885,10032.770811316184,9968.915981316184,0.0,9968.915981316184,2.535514829532093,30.235296486651116,63.85482999999999,1,0
1711324800,2024-03-25T00:00:00+00:00,0.8713217016681041,10034.598871316184,9968.915981316184,0.0,9968.915981316184,4.363574829532101,30.235296486651116,65.68289,1,0
1711411200,2024-03-26T00:00:00+00:00,0.8492624910543367,10036.831881316184,9968.915981316184,0.0,9968.915981316184,6.5965848295320955,30.235296486651116,67.9159,1,0
1711497600,2024-03-27T00:00:00+00:00,0.8568060553056922,10036.068261316183,9968.915981316184,0.0,9968.915981316184,5.832964829532093,30.235296486651116,67.15227999999999,1,0
1711584000,2024-03-28T00:00:00+00:00,0.8637781374167597,10035.362491316184,9968.915981316184,0.0,9968.915981316184,5.12719482953209,30.235296486651116,66.44650999999999,1,0
1711670400,2024-03-29T00:00:00+00:00,0.853377162464164,10036.415361316183,9968.915981316184,0.0,9968.915981316184,6.180064829532093,30.235296486651116,67.49938,1,0
1711756800,2024-03-30T00:00:00+00:00,0.8201169019014576,10039.782231316183,9968.915981316184,0.0,9968.915981316184,9.546934829532095,30.235296486651116,70.86625,1,0
1711843200,2024-03-31T00:00:00+00:00,0.8336038804114265,10038.416971316183,9968.915981316184,0.0,9968.915981316184,8.181674829532101,30.235296486651116,69.50099,1,0
1711929600,2024-04-01T00:00:00+00:00,0.8267460947283922,10039.111171316183,9968.915981316184,0.0,9968.915981316184,8.875874829532101,30.235296486651116,70.19519,1,0
1712016000,2024-04-02T00:00:00+00:00,0.8620636909960067,10035.536041316183,9968.915981316184,0.0,9968.915981316184,5.30074482953209,30.235296486651116,66.62006,1,0
1712102400,2024-04-03T00:00:00+00:00,0.8899520194403543,10032.712961316183,9968.915981316184,0.0,9968.915981316184,2.477664829532093,30.235296486651116,63.79698,1,0
1712188800,2024-04-04T00:00:00+00:00,0.8784080802072491,10033.881531316183,9968.915981316184,0.0,9968.915981316184,3.6462348295320957,30.235296486651116,64.96555,1,0
1712275200,2024-04-05T00:00:00+00:00,0.8509769374751119,10036.658331316183,9968.915981316184,0.0,9968.915981316184,6.423034829532096,30.235296486651116,67.74235,1,0
1712361600,2024-04-06T00:00:00+00:00,0.8597777624349878,10035.767441316184,9968.915981316184,0.0,9968.915981316184,5.532144829532091,30.235296486651116,66.85145999999999,1,0
1712448000,2024-04-07T00:00:00+00:00,0.8510912339031451,10036.646761316184,9968.915981316184,0.0,9968.915981316184,6.411464829532093,30.235296486651116,67.73078,1,0
1712534400,2024-04-08T00:00:00+00:00,0.8528056803239203,10036.473211316183,9968.915981316184,0.0,9968.915981316184,6.237914829532093,30.235296486651116,67.55722999999999,1,0
1712620800,2024-04-09T00:00:00+00:00,0.8499482696226468,10036.762461316184,9968.915981316184,0.0,9968.915981316184,6.527164829532093,30.235296486651116,67.84648,1,0
1712707200,2024-04-10T00:00:00+00:00,0.8566917588776368,10036.079831316183,9968.915981316184,0.0,9968.915981316184,5.844534829532096,30.235296486651116,67.16385,1,0
1712793600,2024-04-11T00:00:00+00:00,0.823317201886864,10039.458271316184,9968.915981316184,0.0,9968.915981316184,9.2229748295321,30.235296486651116,70.54229000000001,1,0
1712880000,2024-04-12T00:00:00+00:00,0.8291463197174442,10038.868201316183,9968.915981316184,0.0,9968.915981316184,8.632904829532098,30.235296486651116,69.95222,1,0
1712966400,2024-04-13T00:00:00+00:00,0.8394329982420068,10037.826901316183,9968.915981316184,0.0,9968.915981316184,7.591604829532098,30.235296486651116,68.91092,1,0
1713052800,2024-04-14T00:00:00+00:00,0.8880089801634794,10032.909651316184,9968.915981316184,0.0,9968.915981316184,2.6743548295320982,30.235296486651116,63.99367,1,0
1713139200,2024-04-15T00:00:00+00:00,0.8728075552327574,10034.448461316184,9968.915981316184,0.0,9968.915981316184,4.213164829532093,30.235296486651116,65.53247999999999,1,0
1713225600,2024-04-16T00:00:00+00:00,0.8884661658756898,10032.863371316183,9968.915981316184,0.0,9968.915981316184,2.628074829532101,30.235296486651116,63.947390000000006,1,0
1713312000,2024-04-17T00:00:00+00:00,0.9057249265113199,10031.116301316184,9968.915981316184,0.0,9968.915981316184,0.8810048295320984,30.235296486651116,62.20032,1,0
1713398400,2024-04-18T00:00:00+00:00,0.9097253014930917,10030.711351316184,9968.915981316184,0.0,9968.915981316184,0.4760548295320984,30.235296486651116,61.79537,1,0
1713484800,2024-04-19T00:00:00+00:00,0.8891519444439888,10032.793951316184,9968.915981316184,0.0,9968.915981316184,2.5586548295320983,30.235296486651116,63.87797,1,0
1713571200,2024-04-20T00:00:00+00:00,0.8869803123110365,10033.013781316184,9968.915981316184,0.0,9968.915981316184,2.7784848295320956,30.235296486651116,64.09779999999999,1,0
1713657600,2024-04-21T00:00:00+00:00,0.8676642159704984,10034.969111316183,9968.915981316184,0.0,9968.915981316184,4.733814829532093,30.235296486651116,66.05313,1,0
1713744000,2024-04-22T00:00:00+00:00,0.8577204267300909,10035.975701316183,9968.915981316184,0.0,9968.915981316184,5.740404829532098,30.235296486651116,67.05972,1,0
1713830400,2024-04-23T00:00:00+00:00,0.8292606161454996,10038.856631316183,9968.915981316184,0.0,9968.915981316184,8.621334829532096,30.235296486651116,69.94065,1,0
1713916800,2024-04-24T00:00:00+00:00,0.8273175768686358,10039.053321316183,9968.915981316184,0.0,9968.915981316184,8.818024829532101,30.235296486651116,70.13734000000001,1,0
1714003200,2024-04-25T00:00:00+00:00,0.824345869739318,10039.354141316184,9968.915981316184,0.0,9968.915981316184,9.11884482953209,30.235296486651116,70.43816,1,0
1714089600,2024-04-26T00:00:00+00:00,0.8193168269050921,10039.863221316184,9968.915981316184,0.0,9968.915981316184,9.6279248295321,30.235296486651116,70.94724000000001,1,0
1714176000,2024-04-27T00:00:00+00:00,0.8366898839687775,10038.104581316184,9968.915981316184,0.0,9968.915981316184,7.869284829532096,30.235296486651116,69.1886,1,0
1714262400,2024-04-28T00:00:00+00:00,0.8387472196736856,10037.896321316184,9968.915981316184,0.0,9968.915981316184,7.661024829532101,30.235296486651116,68.98034,1,0
1714348800,2024-04-29T00:00:00+00:00,0.8341753625516701,10038.359121316184,9968.915981316184,0.0,9968.915981316184,8.1238248295321,30.235296486651116,69.44314,1,0
1714435200,2024-04-30T00:00:00+00:00,0.8426332982274243,10037.502941316183,9968.915981316184,0.0,9968.915981316184,7.26764482953209,30.235296486651116,68.58695999999999,1,0
1714521600,2024-05-01T00:00:00+00:00,0.8590919838666888,10035.836861316184,9968.915981316184,0.0,9968.915981316184,5.601564829532093,30.235296486651116,66.92088,1,0
1714608000,2024-05-02T00:00:00+00:00,0.8780651909230941,10033.916241316183,9968.915981316184,0.0,9968.915981316184,3.6809448295320903,30.235296486651116,65.00026,1,0
1714694400,2024-05-03T00:00:00+00:00,0.8795510444877475,10033.765831316183,9968.915981316184,0.0,9968.915981316184,3.5305348295320957,30.235296486651116,64.84985,1,0
1714780800,2024-05-04T00:00:00+00:00,0.8492624910543367,10036.831881316184,9968.915981316184,0.0,9968.915981316184,6.5965848295320955,30.235296486651116,67.9159,1,0
1714867200,2024-05-05T00:00:00+00:00,0.8507483446190012,10036.681471316184,9968.915981316184,0.0,9968.915981316184,6.446174829532101,30.235296486651116,67.76549,1,0
1714953600,2024-05-06T00:00:00+00:00,0.8435476696518118,10037.410381316184,9968.915981316184,0.0,9968.915981316184,7.1750848295320955,30.235296486651116,68.4944,1,0
1715040000,2024-05-07T00:00:00+00:00,0.8478909339177387,10036.970721316184,9968.915981316184,0.0,9968.915981316184,6.735424829532101,30.235296486651116,68.05474000000001,1,0
1715126400,2024-05-08T00:00:00+00:00,0.8612636159996523,10035.617031316184,9968.915981316184,0.0,9968.915981316184,5.381734829532095,30.235296486651116,66.70105,1,0
1715212800,2024-05-09T00:00:00+00:00,0.8474337482055283,10037.017001316184,9968.915981316184,0.0,9968.915981316184,6.7817048295320985,30.235296486651116,68.10102,1,0
1715299200,2024-05-10T00:00:00+00:00,0.8380614411053866,10037.965741316184,9968.915981316184,0.0,9968.915981316184,7.7304448295320904,30.235296486651116,69.04975999999999,1,0
1715385600,2024-05-11T00:00:00+00:00,0.8508626410470566,10036.669901316183,9968.915981316184,0.0,9968.915981316184,6.434604829532098,30.235296486651116,67.75392000000001,1,0
1715472000,2024-05-12T00:00:00+00:00,0.8433190767957233,10037.433521316183,9968.915981316184,0.0,9968.915981316184,7.1982248295321005,30.235296486651116,68.51754,1,0
1715558400,2024-05-13T00:00:00+00:00,0.8403473696664054,10037.734341316183,9968.915981316184,0.0,9968.915981316184,7.499044829532091,30.235296486651116,68.81836,1,0
1715644800,2024-05-14T00:00:00+00:00,0.8438905589359669,10037.375671316184,9968.915981316184,0.0,9968.915981316184,7.140374829532101,30.235296486651116,68.45969000000001,1,0
1715731200,2024-05-15T00:00:00+00:00,0.8720074802364031,10034.529451316184,9968.915981316184,0.0,9968.915981316184,4.294154829532098,30.235296486651116,65.61347,1,0
1715817600,2024-05-16T00:00:00+00:00,0.856120276737371,10036.137681316184,9968.915981316184,0.0,9968.915981316184,5.902384829532096,30.235296486651116,67.2217,1,0
1715904000,2024-05-17T00:00:00+00:00,0.86960725524734,10034.772421316184,9968.915981316184,0.0,9968.915981316184,4.537124829532101,30.235296486651116,65.85644,1,0
1715990400,2024-05-18T00:00:00+00:00,0.8562345731654264,10036.126111316184,9968.915981316184,0.0,9968.915981316184,5.890814829532093,30.235296486651116,67.21012999999999,1,0
1716076800,2024-05-19T00:00:00+00:00,0.8569203517337254,10036.056691316184,9968.915981316184,0.0,9968.915981316184,5.821394829532091,30.235296486651116,67.14071,1,0
1716163200,2024-05-20T00:00:00+00:00,0.8635495445606711,10035.385631316183,9968.915981316184,0.0,9968.915981316184,5.150334829532095,30.235296486651116,66.46965,1,0
1716249600,2024-05-21T00:00:00+00:00,0.8348611411199691,10038.289701316184,9968.915981316184,0.0,9968.915981316184,8.054404829532098,30.235296486651116,69.37372,1,0
1716336000,2024-05-22T00:00:00+00:00,0.8132591162184233,10040.476431316183,9968.915981316184,0.0,9968.915981316184,10.241134829532095,30.235296486651116,71.56045,1,0
1716422400,2024-05-23T00:00:00+00:00,0.8174880840562837,10040.048341316184,9968.915981316184,0.0,9968.915981316184,9.81304482953209,30.235296486651116,71.13235999999999,1,0
1716508800,2024-05-24T00:00:00+00:00,0.8352040304041242,10038.254991316184,9968.915981316184,0.0,9968.915981316184,8.01969482953209,30.235296486651116,69.33900999999999,1,0
1716595200,2024-05-25T00:00:00+00:00,0.8340610661236147,10038.370691316184,9968.915981316184,0.0,9968.915981316184,8.13539482953209,30.235296486651116,69.45470999999999,1,0
1716681600,2024-05-26T00:00:00+00:00,0.8316608411345627,10038.613661316183,9968.915981316184,0.0,9968.915981316184,8.378364829532092,30.235296486651116,69.69767999999999,1,0
1716768000,2024-05-27T00:00:00+00:00,0.8341753625516701,10038.359121316184,9968.915981316184,0.0,9968.915981316184,8.1238248295321,30.235296486651116,69.44314,1,0
1716854400,2024-05-28T00:00:00+00:00,0.8299463947138097,10038.787211316183,9968.915981316184,0.0,9968.915981316184,8.551914829532093,30.235296486651116,69.87123,1,0
1716940800,2024-05-29T00:00:00+00:00,0.8324609161309171,10038.532671316183,9968.915981316184,0.0,9968.915981316184,8.297374829532101,30.235296486651116,69.61669,1,0
1717027200,2024-05-30T00:00:00+00:00,0.8393187018139514,10037.838471316183,9968.915981316184,0.0,9968.915981316184,7.603174829532101,30.235296486651116,68.92249000000001,1,0
1717113600,2024-05-31T00:00:00+00:00,0.8400044803822504,10037.769051316183,9968.915981316184,0.0,9968.915981316184,7.533754829532098,30.235296486651116,68.85307,1,0
1717200000,2024-06-01T00:00:00+00:00,0.8416046303749702,10037.607071316183,9968.915981316184,0.0,9968.915981316184,7.371774829532101,30.235296486651116,68.69109,1,0
1717286400,2024-06-02T00:00:00+00:00,0.8322323232748063,10038.555811316184,9968.915981316184,0.0,9968.915981316184,8.320514829532092,30.235296486651116,69.63982999999999,1,0
1717372800,2024-06-03T00:00:00+00:00,0.8310893589943191,10038.671511316183,9968.915981316184,0.0,9968.915981316184,8.436214829532092,30.235296486651116,69.75553,1,0
1717459200,2024-06-04T00:00:00+00:00,0.8042296984024255,10041.390461316183,9968.915981316184,0.0,9968.915981316184,11.155164829532092,30.235296486651116,72.47448,1,0
1717545600,2024-06-05T00:00:00+00:00,0.7364519165684369,10048.251471316184,9968.915981316184,0.0,9968.915981316184,18.0161748295321,30.235296486651116,79.33549000000001,1,0
1717632000,2024-06-06T00:00:00+00:00,0.7214790844938035,10049.767141316184,9968.915981316184,0.0,9968.915981316184,19.53184482953209,30.235296486651116,80.85116,1,0
1717718400,2024-06-07T00:00:00+00:00,0.7073063274155467,10051.201821316183,9968.915981316184,0.0,9968.915981316184,20.9665248295321,30.235296486651116,82.28584000000001,1,0
1717804800,2024-06-08T00:00:00+00:00,0.7267981345111751,10049.228704466052,9811.96032546605,0.0,9811.96032546605,19.15036363524952,30.078340830800983,237.268379,2,0
1717891200,2024-06-09T00:00:00+00:00,0.7656184668182187,10045.298999466051,9811.96032546605,0.0,9811.96032546605,15.220658635249519,30.078340830800983,233.33867400000003,2,0
1717977600,2024-06-10T00:00:00+00:00,0.7342013522323998,10048.479291466052,9811.96032546605,0.0,9811.96032546605,18.400950635249508,30.078340830800983,236.51896599999998,2,0
1718064000,2024-06-11T00:00:00+00:00,0.833654986326815,10038.411797966051,9811.96032546605,0.0,9811.96032546605,8.333457135249503,30.078340830800983,226.4514725,2,0
1718150400,2024-06-12T00:00:00+00:00,0.9539627221103575,10026.233285244729,9956.524035244729,0.0,9956.524035244729,8.389934829532095,17.843350415196525,69.70925,1,0
1718236800,2024-06-13T00:00:00+00:00,0.9346466257698194,10028.188615244728,9956.524035244729,0.0,9956.524035244729,10.345264829532093,17.843350415196525,71.66458,1,0
1718323200,2024-06-14T00:00:00+00:00,0.9570487256677307,10025.920895244728,9956.524035244729,0.0,9956.524035244729,8.07754482953209,17.843350415196525,69.39685999999999,1,0
1718409600,2024-06-15T00:00:00+00:00,0.9530483506859588,10026.325845244728,9956.524035244729,0.0,9956.524035244729,8.48249482953209,17.843350415196525,69.80180999999999,1,0
1718496000,2024-06-16T00:00:00+00:00,0.9474478257114782,10026.892775244729,9956.524035244729,0.0,9956.524035244729,9.0494248295321,17.843350415196525,70.36874,1,0
1718582400,2024-06-17T00:00:00+00:00,0.9444761185821715,10027.193595244727,9956.524035244729,0.0,9956.524035244729,9.350244829532091,17.843350415196525,70.66955999999999,1,0
1718668800,2024-06-18T00:00:00+00:00,0.9519053864054494,10026.441545244728,9956.524035244729,0.0,9956.524035244729,8.59819482953209,17.843350415196525,69.91751,1,0
1718755200,2024-06-19T00:00:00+00:00,0.9698499256093784,10024.625055244729,9956.524035244729,0.0,9956.524035244729,6.7817048295320985,17.843350415196525,68.10102,1,0
1718841600,2024-06-20T00:00:00+00:00,0.9576202078079743,10025.863045244729,9956.524035244729,0.0,9956.524035244729,8.01969482953209,17.843350415196525,69.33900999999999,1,0
1718928000,2024-06-21T00:00:00+00:00,0.9708785934618547,10024.520925244728,9956.524035244729,0.0,9956.524035244729,6.677574829532101,17.843350415196525,67.99689000000001,1,0
1719014400,2024-06-22T00:00:00+00:00,0.9727073363106631,10024.335805244727,9956.524035244729,0.0,9956.524035244729,6.4924548295320985,17.843350415196525,67.81177,1,0
1719100800,2024-06-23T00:00:00+00:00,0.966992514908116,10024.914305244729,9956.524035244729,0.0,9956.524035244729,7.0709548295320985,17.843350415196525,68.39027,1,0
1719187200,2024-06-24T00:00:00+00:00,0.982536829122993,10023.340785244729,9956.524035244729,0.0,9956.524035244729,5.497434829532096,17.843350415196525,66.81675,1,0
1719273600,2024-06-25T00:00:00+00:00,0.993280693359766,10022.253205244728,9956.524035244729,0.0,9956.524035244729,4.409854829532098,17.843350415196525,65.72917,1,0
1719360000,2024-06-26T00:00:00+00:00,0.9817367541266608,10023.421775244728,9956.524035244729,0.0,9956.524035244729,5.578424829532101,17.843350415196525,66.89774,1,0
1719446400,2024-06-27T00:00:00+00:00,0.9876801683852743,10022.820135244729,9956.524035244729,0.0,9956.524035244729,4.976784829532096,17.843350415196525,66.2961,1,0
1719532800,2024-06-28T00:00:00+00:00,0.977736379144889,10023.826725244728,9956.524035244729,0.0,9956.524035244729,5.983374829532101,17.843350415196525,67.30269,1,0
1719619200,2024-06-29T00:00:00+00:00,0.9940807683560982,10022.17221524473,9956.524035244729,0.0,9956.524035244729,4.328864829532093,17.843350415196525,65.64818,1,0
1719705600,2024-06-30T00:00:00+00:00,0.9911090612268025,10022.473035244728,9956.524035244729,0.0,9956.524035244729,4.629684829532096,17.843350415196525,65.949,1,0
1719792000,2024-07-01T00:00:00+00:00,0.9771648970046232,10023.884575244729,9956.524035244729,0.0,9956.524035244729,6.0412248295321005,17.843350415196525,67.36054,1,0
1719878400,2024-07-02T00:00:00+00:00,0.9832226076913031,10023.27136524473,9956.524035244729,0.0,9956.524035244729,5.428014829532093,17.843350415196525,66.74732999999999,1,0
1719964800,2024-07-03T00:00:00+00:00,0.9795651219936974,10023.641605244728,9956.524035244729,0.0,9956.524035244729,5.798254829532098,17.843350415196525,67.11757,1,0
1720051200,2024-07-04T00:00:00+00:00,1.0063104861575245,10020.934225244728,9956.524035244729,0.0,9956.524035244729,3.090874829532101,17.843350415196525,64.41019,1,0
1720137600,2024-07-05T00:00:00+00:00,1.0555722466473294,10015.947555244727,9956.524035244729,0.0,9956.524035244729,-1.8957951704679015,17.843350415196525,59.42352,1,0
1720224000,2024-07-06T00:00:00+00:00,1.073745378707347,10014.107925244729,9956.524035244729,0.0,9956.524035244729,-3.7354251704679053,17.843350415196525,57.58389,1,0
1720310400,2024-07-07T00:00:00+00:00,1.0413994895690504,10017.382235244728,9956.524035244729,0.0,9956.524035244729,-0.46111517046790423,17.843350415196525,60.8582,1,0
1720396800,2024-07-08T00:00:00+00:00,1.0817461286708907,10013.298025244729,9956.524035244729,0.0,9956.524035244729,-4.545325170467906,17.843350415196525,56.77399,1,0
1720483200,2024-07-09T00:00:00+00:00,1.0590011394888355,10015.600455244728,9956.524035244729,0.0,9956.524035244729,-2.2428951704679014,17.843350415196525,59.07642,1,0
1720569600,2024-07-10T00:00:00+00:00,1.051800464521646,10016.329365244728,9956.524035244729,0.0,9956.524035244729,-1.5139851704679068,17.843350415196525,59.80533,1,0
1720656000,2024-07-11T00:00:00+00:00,1.0428853431337148,10017.231825244728,9956.524035244729,0.0,9956.524035244729,-0.611525170467899,17.843350415196525,60.70779,1,0
1720742400,2024-07-12T00:00:00+00:00,1.0427710467056595,10017.243395244728,9956.524035244729,0.0,9956.524035244729,-0.5999551704679095,17.843350415196525,60.719359999999995,1,0
1720828800,2024-07-13T00:00:00+00:00,1.032484368181097,10018.284695244729,9956.524035244729,0.0,9956.524035244729,0.4413448295320905,17.843350415196525,61.760659999999994,1,0
1720915200,2024-07-14T00:00:00+00:00,1.0340845181738167,10018.122715244728,9956.524035244729,0.0,9956.524035244729,0.27936482953209313,17.843350415196525,61.598679999999995,1,0
1721001600,2024-07-15T00:00:00+00:00,1.0199117610955377,10019.557395244728,9956.524035244729,0.0,9956.524035244729,1.7140448295320905,17.843350415196525,63.033359999999995,1,0
1721088000,2024-07-16T00:00:00+00:00,0.9736217077350617,10024.243245244728,9956.524035244729,0.0,9956.524035244729,6.399894829532091,17.843350415196525,67.71920999999999,1,0
1721174400,2024-07-17T00:00:00+00:00,0.9840226826876575,10023.190375244729,9956.524035244729,0.0,9956.524035244729,5.347024829532101,17.843350415196525,66.66634,1,0
1721260800,2024-07-18T00:00:00+00:00,0.9923663219353451,10022.345765244729,9956.524035244729,0.0,9956.524035244729,4.502414829532093,17.843350415196525,65.82173,1,0
1721347200,2024-07-19T00:00:00+00:00,0.9889374290938391,10022.692865244728,9956.524035244729,0.0,9956.524035244729,4.849514829532093,17.843350415196525,66.16883,1,0
1721433600,2024-07-20T00:00:00+00:00,0.9643636970629754,10025.180415244728,9956.524035244729,0.0,9956.524035244729,7.337064829532093,17.843350415196525,68.65638,1,0
1721520000,2024-07-21T00:00:00+00:00,0.9647065863471194,10025.145705244728,9956.524035244729,0.0,9956.524035244729,7.302354829532098,17.843350415196525,68.62167,1,0
1721606400,2024-07-22T00:00:00+00:00,0.9539627221103575,10026.233285244729,9956.524035244729,0.0,9956.524035244729,8.389934829532095,17.843350415196525,69.70925,1,0
1721692800,2024-07-23T00:00:00+00:00,0.9714500756020983,10024.463075244728,9956.524035244729,0.0,9956.524035244729,6.6197248295321005,17.843350415196525,67.93904,1,0
1721779200,2024-07-24T00:00:00+00:00,0.9775077862887782,10023.849865244729,9956.524035244729,0.0,9956.524035244729,6.006514829532093,17.843350415196525,67.32583,1,0
1721865600,2024-07-25T00:00:00+00:00,0.9855085362523108,10023.039965244729,9956.524035244729,0.0,9956.524035244729,5.196614829532093,17.843350415196525,66.51593,1,0
1721952000,2024-07-26T00:00:00+00:00,0.9904232826585035,10022.542455244728,9956.524035244729,0.0,9956.524035244729,4.699104829532098,17.843350415196525,66.01842,1,0
1722038400,2024-07-27T00:00:00+00:00,0.9786507505692876,10023.734165244729,9956.524035244729,0.0,9956.524035244729,5.890814829532093,17.843350415196525,67.21012999999999,1,0
1722124800,2024-07-28T00:00:00+00:00,0.9778506755729222,10023.815155244729,9956.524035244729,0.0,9956.524035244729,5.971804829532099,17.843350415196525,67.29112,1,0
1722211200,2024-07-29T00:00:00+00:00,0.9752218577277705,10024.081265244728,9956.524035244729,0.0,9956.524035244729,6.237914829532093,17.843350415196525,67.55722999999999,1,0
1722297600,2024-07-30T00:00:00+00:00,0.9861943148206209,10022.970545244729,9956.524035244729,0.0,9956.524035244729,5.12719482953209,17.843350415196525,66.44650999999999,1,0
1722384000,2024-07-31T00:00:00+00:00,0.9703071113215889,10024.578775244729,9956.524035244729,0.0,9956.524035244729,6.735424829532101,17.843350415196525,68.05474000000001,1,0
1722470400,2024-08-01T00:00:00+00:00,0.9836797934035024,10023.225085244729,9956.524035244729,0.0,9956.524035244729,5.381734829532095,17.843350415196525,66.70105,1,0
1722556800,2024-08-02T00:00:00+00:00,0.9852799433962223,10023.063105244728,9956.524035244729,0.0,9956.524035244729,5.219754829532098,17.843350415196525,66.53907,1,0
1722643200,2024-08-03T00:00:00+00:00,1.0220833932285012,10019.337565244728,9956.524035244729,0.0,9956.524035244729,1.4942148295320932,17.843350415196525,62.81352999999999,1,0
1722729600,2024-08-04T00:00:00+00:00,1.0372848181592231,10017.798755244728,9956.524035244729,0.0,9956.524035244729,-0.04459517046790162,17.843350415196525,61.27472,1,0
1722816000,2024-08-05T00:00:00+00:00,1.0746597501317678,10014.015365244728,9956.524035244729,0.0,9956.524035244729,-3.827985170467907,17.843350415196525,57.49133,1,0
1722902400,2024-08-06T00:00:00+00:00,1.1597223615500307,10005.404646336925,10005.404646336925,0.0,10005.404646336925,0.0,5.404646336925792,0.0,0,0
1722988800,2024-08-07T00:00:00+00:00,1.1597223615500307,10005.404646336925,10005.404646336925,0.0,10005.404646336925,0.0,5.404646336925792,0.0,0,0
1723075200,2024-08-08T00:00:00+00:00,1.1597223615500307,10005.404646336925,10005.404646336925,0.0,10005.404646336925,0.0,5.404646336925792,0.0,0,0
1723161600,2024-08-09T00:00:00+00:00,1.1597223615500307,10005.404646336925,10005.404646336925,0.0,10005.404646336925,0.0,5.404646336925792,0.0,0,0
1723248000,2024-08-10T00:00:00+00:00,1.1597223615500307,10005.404646336925,10005.404646336925,0.0,10005.404646336925,0.0,5.404646336925792,0.0,0,0
1723334400,2024-08-11T00:00:00+00:00,1.1597223615500307,10005.404646336925,10005.404646336925,0.0,10005.404646336925,0.0,5.404646336925792,0.0,0,0
1723420800,2024-08-12T00:00:00+00:00,1.1597223615500307,10005.404646336925,10005.404646336925,0.0,10005.404646336925,0.0,5.404646336925792,0.0,0,0
1723507200,2024-08-13T00:00:00+00:00,1.1597223615500307,10005.404646336925,10005.404646336925,0.0,10005.404646336925,0.0,5.404646336925792,0.0,0,0
1723593600,2024-08-14T00:00:00+00:00,1.1597223615500307,10005.404646336925,10005.404646336925,0.0,10005.404646336925,0.0,5.404646336925792,0.0,0,0
1723680000,2024-08-15T00:00:00+00:00,1.1597223615500307,10005.404646336925,10005.404646336925,0.0,10005.404646336925,0.0,5.404646336925792,0.0,0,0
1723766400,2024-08-16T00:00:00+00:00,1.1597223615500307,10005.404646336925,10005.404646336925,0.0,10005.404646336925,0.0,5.404646336925792,0.0,0,0
1723852800,2024-08-17T00:00:00+00:00,1.1597223615500307,10005.404646336925,10005.404646336925,0.0,10005.404646336925,0.0,5.404646336925792,0.0,0,0
1723939200,2024-08-18T00:00:00+00:00,1.1597223615500307,10005.404646336925,10005.404646336925,0.0,10005.404646336925,0.0,5.404646336925792,0.0,0,0
1724025600,2024-08-19T00:00:00+00:00,1.1597223615500307,10005.404646336925,10005.404646336925,0.0,10005.404646336925,0.0,5.404646336925792,0.0,0,0
1724112000,2024-08-20T00:00:00+00:00,1.1597223615500307,10005.404646336925,10005.404646336925,0.0,10005.404646336925,0.0,5.404646336925792,0.0,0,0
1724198400,2024-08-21T00:00:00+00:00,1.1597223615500307,10005.404646336925,10005.404646336925,0.0,10005.404646336925,0.0,5.404646336925792,0.0,0,0
1724284800,2024-08-22T00:00:00+00:00,1.1597223615500307,10005.404646336925,10005.404646336925,0.0,10005.404646336925,0.0,5.404646336925792,0.0,0,0
1724371200,2024-08-23T00:00:00+00:00,1.1597223615500307,10005.404646336925,10005.404646336925,0.0,10005.404646336925,0.0,5.404646336925792,0.0,0,0
1724457600,2024-08-24T00:00:00+00:00,1.1597223615500307,10005.404646336925,10005.404646336925,0.0,10005.404646336925,0.0,5.404646336925792,0.0,0,0
1724544000,2024-08-25T00:00:00+00:00,1.1597223615500307,10005.404646336925,10005.404646336925,0.0,10005.404646336925,0.0,5.404646336925792,0.0,0,0
1724630400,2024-08-26T00:00:00+00:00,1.1597223615500307,10005.404646336925,10005.404646336925,0.0,10005.404646336925,0.0,5.404646336925792,0.0,0,0
1724716800,2024-08-27T00:00:00+00:00,1.1597223615500307,10005.404646336925,10005.404646336925,0.0,10005.404646336925,0.0,5.404646336925792,0.0,0,0
1724803200,2024-08-28T00:00:00+00:00,1.1597223615500307,10005.404646336925,10005.404646336925,0.0,10005.404646336925,0.0,5.404646336925792,0.0,0,0
1724889600,2024-08-29T00:00:00+00:00,1.1597223615500307,10005.404646336925,10005.404646336925,0.0,10005.404646336925,0.0,5.404646336925792,0.0,0,0
1724976000,2024-08-30T00:00:00+00:00,1.1597223615500307,10005.404646336925,10005.404646336925,0.0,10005.404646336925,0.0,5.404646336925792,0.0,0,0
1725062400,2024-08-31T00:00:00+00:00,1.1597223615500307,10005.404646336925,10005.404646336925,0.0,10005.404646336925,0.0,5.404646336925792,0.0,0,0
1725148800,2024-09-01T00:00:00+00:00,1.1597223615500307,10005.404646336925,10005.404646336925,0.0,10005.404646336925,0.0,5.404646336925792,0.0,0,0
1725235200,2024-09-02T00:00:00+00:00,1.1597223615500307,10005.404646336925,10005.404646336925,0.0,10005.404646336925,0.0,5.404646336925792,0.0,0,0
1725321600,2024-09-03T00:00:00+00:00,1.1597223615500307,10005.404646336925,10005.404646336925,0.0,10005.404646336925,0.0,5.404646336925792,0.0,0,0
1725408000,2024-09-04T00:00:00+00:00,1.1597223615500307,10005.404646336925,10005.404646336925,0.0,10005.404646336925,0.0,5.404646336925792,0.0,0,0
1725494400,2024-09-05T00:00:00+00:00,1.1597223615500307,10005.404646336925,10005.404646336925,0.0,10005.404646336925,0.0,5.404646336925792,0.0,0,0
1725580800,2024-09-06T00:00:00+00:00,1.1597223615500307,10005.404646336925,10005.404646336925,0.0,10005.404646336925,0.0,5.404646336925792,0.0,0,0
1725667200,2024-09-07T00:00:00+00:00,1.1597223615500307,10005.404646336925,10005.404646336925,0.0,10005.404646336925,0.0,5.404646336925792,0.0,0,0
1725753600,2024-09-08T00:00:00+00:00,1.1597223615500307,10005.404646336925,10005.404646336925,0.0,10005.404646336925,0.0,5.404646336925792,0.0,0,0
1725840000,2024-09-09T00:00:00+00:00,1.1597223615500307,10005.404646336925,10005.404646336925,0.0,10005.404646336925,0.0,5.404646336925792,0.0,0,0
1725926400,2024-09-10T00:00:00+00:00,1.1597223615500307,10005.404646336925,10005.404646336925,0.0,10005.404646336925,0.0,5.404646336925792,0.0,0,0
1726012800,2024-09-11T00:00:00+00:00,1.1597223615500307,10005.404646336925,10005.404646336925,0.0,10005.404646336925,0.0,5.404646336925792,0.0,0,0
1726099200,2024-09-12T00:00:00+00:00,1.1597223615500307,10005.404646336925,10005.404646336925,0.0,10005.404646336925,0.0,5.404646336925792,0.0,0,0
1726185600,2024-09-13T00:00:00+00:00,1.1597223615500307,10005.404646336925,10005.404646336925,0.0,10005.404646336925,0.0,5.404646336925792,0.0,0,0
1726272000,2024-09-14T00:00:00+00:00,1.1597223615500307,10005.404646336925,10005.404646336925,0.0,10005.404646336925,0.0,5.404646336925792,0.0,0,0
1726358400,2024-09-15T00:00:00+00:00,1.1597223615500307,10005.404646336925,10005.404646336925,0.0,10005.404646336925,0.0,5.404646336925792,0.0,0,0
1726444800,2024-09-16T00:00:00+00:00,1.1597223615500307,10005.404646336925,10005.404646336925,0.0,10005.404646336925,0.0,5.404646336925792,0.0,0,0
1726531200,2024-09-17T00:00:00+00:00,1.1597223615500307,10005.404646336925,10005.404646336925,0.0,10005.404646336925,0.0,5.404646336925792,0.0,0,0
1726617600,2024-09-18T00:00:00+00:00,1.1597223615500307,10005.404646336925,10005.404646336925,0.0,10005.404646336925,0.0,5.404646336925792,0.0,0,0
1726704000,2024-09-19T00:00:00+00:00,1.1597223615500307,10005.404646336925,10005.404646336925,0.0,10005.404646336925,0.0,5.404646336925792,0.0,0,0
1726790400,2024-09-20T00:00:00+00:00,1.1597223615500307,10005.404646336925,10005.404646336925,0.0,10005.404646336925,0.0,5.404646336925792,0.0,0,0
1726876800,2024-09-21T00:00:00+00:00,1.1597223615500307,10005.404646336925,10005.404646336925,0.0,10005.404646336925,0.0,5.404646336925792,0.0,0,0
1726963200,2024-09-22T00:00:00+00:00,1.1597223615500307,10005.404646336925,10005.404646336925,0.0,10005.404646336925,0.0,5.404646336925792,0.0,0,0
1727049600,2024-09-23T00:00:00+00:00,1.1597223615500307,10005.404646336925,10005.404646336925,0.0,10005.404646336925,0.0,5.404646336925792,0.0,0,0
1727136000,2024-09-24T00:00:00+00:00,1.1597223615500307,10005.404646336925,10005.404646336925,0.0,10005.404646336925,0.0,5.404646336925792,0.0,0,0
1727222400,2024-09-25T00:00:00+00:00,1.1597223615500307,10005.404646336925,10005.404646336925,0.0,10005.404646336925,0.0,5.404646336925792,0.0,0,0
1727308800,2024-09-26T00:00:00+00:00,1.1597223615500307,10005.404646336925,10005.404646336925,0.0,10005.404646336925,0.0,5.404646336925792,0.0,0,0
1727395200,2024-09-27T00:00:00+00:00,1.1597223615500307,10005.404646336925,10005.404646336925,0.0,10005.404646336925,0.0,5.404646336925792,0.0,0,0
1727481600,2024-09-28T00:00:00+00:00,1.1597223615500307,10005.404646336925,10005.404646336925,0.0,10005.404646336925,0.0,5.404646336925792,0.0,0,0
1727568000,2024-09-29T00:00:00+00:00,1.1597223615500307,10005.404646336925,10005.404646336925,0.0,10005.404646336925,0.0,5.404646336925792,0.0,0,0
1727654400,2024-09-30T00:00:00+00:00,1.1597223615500307,10005.404646336925,10005.404646336925,0.0,10005.404646336925,0.0,5.404646336925792,0.0,0,0
1727740800,2024-10-01T00:00:00+00:00,1.1597223615500307,10005.404646336925,10005.404646336925,0.0,10005.404646336925,0.0,5.404646336925792,0.0,0,0
1727827200,2024-10-02T00:00:00+00:00,1.1597223615500307,10005.404646336925,10005.404646336925,0.0,10005.404646336925,0.0,5.404646336925792,0.0,0,0
1727913600,2024-10-03T00:00:00+00:00,1.1734235019752348,10004.017707152356,9665.052907152356,0.0,9665.052907152356,-1.0465874453863167,5.064294597741221,338.96479999999997,2,0
1728000000,2024-10-04T00:00:00+00:00,1.1657029116227235,10004.799247152356,9665.052907152356,0.0,9665.052907152356,-0.2650474453863323,5.064294597741221,339.74634,2,0
1728086400,2024-10-05T00:00:00+00:00,1.0702747789547495,10014.459247152356,9665.052907152356,0.0,9665.052907152356,9.394952554613667,5.064294597741221,349.40634,2,0
1728172800,2024-10-06T00:00:00+00:00,1.017202413092766,10019.831657152356,9665.052907152356,0.0,9665.052907152356,14.767362554613676,5.064294597741221,354.77875,2,0
1728259200,2024-10-07T00:00:00+00:00,0.9926979306695505,10022.312197152356,9665.052907152356,0.0,9665.052907152356,17.24790255461366,5.064294597741221,357.25928999999996,2,0
1728345600,2024-10-08T00:00:00+00:00,1.0286005428809197,10018.677847152356,9665.052907152356,0.0,9665.052907152356,13.613552554613667,5.064294597741221,353.62494,2,0
1728432000,2024-10-09T00:00:00+00:00,1.0219324280205888,10019.352847152355,9665.052907152356,0.0,9665.052907152356,14.28855255461367,5.064294597741221,354.29994,2,0
1728518400,2024-10-10T00:00:00+00:00,1.0973901000097208,10011.714417152356,9665.052907152356,0.0,9665.052907152356,6.650122554613686,5.064294597741221,346.66151,2,0
1728604800,2024-10-11T00:00:00+00:00,1.1159174818458961,10009.838927152356,9665.052907152356,0.0,9665.052907152356,4.77463255461368,5.064294597741221,344.78602,2,0
1728691200,2024-10-12T00:00:00+00:00,1.0332050984624974,10018.211737152355,9665.052907152356,0.0,9665.052907152356,13.14744255461369,5.064294597741221,353.15882999999997,2,0
1728777600,2024-10-13T00:00:00+00:00,1.0088057252868543,10020.681637152355,9665.052907152356,0.0,9665.052907152356,15.617342554613685,5.064294597741221,355.62873,2,0
1728864000,2024-10-14T00:00:00+00:00,1.06083104893544,10015.415217152355,9665.052907152356,0.0,9665.052907152356,10.350922554613696,5.064294597741221,350.36231,2,0
1728950400,2024-10-15T00:00:00+00:00,0.9281575926904262,10028.845487152355,9665.052907152356,0.0,9665.052907152356,23.78119255461368,5.064294597741221,363.79258000000004,2,0
1729036800,2024-10-16T00:00:00+00:00,0.8856716247676033,10033.146257152355,9665.052907152356,0.0,9665.052907152356,28.08196255461367,5.064294597741221,368.09335,2,0
1729123200,2024-10-17T00:00:00+00:00,0.894279222576877,10032.274927152355,9665.052907152356,0.0,9665.052907152356,27.210632554613678,5.064294597741221,367.22202,2,0
1729209600,2024-10-18T00:00:00+00:00,0.9512244295497574,10026.510477152355,9665.052907152356,0.0,9665.052907152356,21.446182554613664,5.064294597741221,361.45757,2,0
1729296000,2024-10-19T00:00:00+00:00,0.8655960548412001,10035.178467152355,9665.052907152356,0.0,9665.052907152356,30.114172554613702,5.064294597741221,370.12556,2,0
1729382400,2024-10-20T00:00:00+00:00,0.8792286452223297,10033.798467152355,9665.052907152356,0.0,9665.052907152356,28.734172554613693,5.064294597741221,368.74556,2,0
1729468800,2024-10-21T00:00:00+00:00,0.7714604498003652,10044.707627152355,9665.052907152356,0.0,9665.052907152356,39.64333255461368,5.064294597741221,379.65472,2,0
1729555200,2024-10-22T00:00:00+00:00,0.8339819789604408,10038.378697152355,9665.052907152356,0.0,9665.052907152356,33.31440255461368,5.064294597741221,373.32579,2,0
1729641600,2024-10-23T00:00:00+00:00,0.8135103724047688,10040.450997152355,9665.052907152356,0.0,9665.052907152356,35.38670255461368,5.064294597741221,375.39809,2,0
1729728000,2024-10-24T00:00:00+00:00,0.9028658353676278,10031.405721424027,9372.070887424028,0.0,9372.070887424028,26.63440884601431,4.7713125780128935,659.334834,3,0
1729814400,2024-10-25T00:00:00+00:00,0.8146527610375598,10040.335355424028,9372.070887424028,0.0,9372.070887424028,35.5640428460143,4.7713125780128935,668.2644680000001,3,0
1729900800,2024-10-26T00:00:00+00:00,1.0597241589422102,10015.527265424029,9372.070887424028,0.0,9372.070887424028,10.755952846014278,4.7713125780128935,643.4563780000001,3,0
1729987200,2024-10-27T00:00:00+00:00,1.0011468345400565,10021.456931424029,9372.070887424028,0.0,9372.070887424028,16.68561884601431,4.7713125780128935,649.3860440000001,3,0
1730073600,2024-10-28T00:00:00+00:00,0.9552130462082142,10026.106717424029,9372.070887424028,0.0,9372.070887424028,21.335404846014335,4.7713125780128935,654.03583,3,0
1730160000,2024-10-29T00:00:00+00:00,0.8188278505073532,10039.912719424028,9372.070887424028,0.0,9372.070887424028,35.1414068460143,4.7713125780128935,667.8418320000001,3,0
1730246400,2024-10-30T00:00:00+00:00,0.6298186233516412,10059.045747424028,9372.070887424028,0.0,9372.070887424028,54.274434846014316,4.7713125780128935,686.97486,3,0
1730332800,2024-10-31T00:00:00+00:00,0.5575473619116367,10066.361623424029,9372.070887424028,0.0,9372.070887424028,61.59031084601432,4.7713125780128935,694.2907360000002,3,0
1730419200,2024-11-01T00:00:00+00:00,0.9247895103726589,10029.186431424028,9372.070887424028,0.0,9372.070887424028,24.415118846014323,4.7713125780128935,657.115544,3,0
1730505600,2024-11-02T00:00:00+00:00,0.9677221728403129,10024.840443424027,9372.070887424028,0.0,9372.070887424028,20.069130846014275,4.7713125780128935,652.769556,3,0
1730592000,2024-11-03T00:00:00+00:00,1.011442522428696,10020.414719424029,9372.070887424028,0.0,9372.070887424028,15.643406846014297,4.7713125780128935,648.343832,3,0
1730678400,2024-11-04T00:00:00+00:00,1.1519774391268278,10006.188649424028,9372.070887424028,0.0,9372.070887424028,1.4173368460143099,4.7713125780128935,634.1177620000001,3,0
1730764800,2024-11-05T00:00:00+00:00,1.3101066757577384,9990.181541424028,9372.070887424028,0.0,9372.070887424028,-14.589771153985705,4.7713125780128935,618.1106540000001,3,0
1730851200,2024-11-06T00:00:00+00:00,1.16425155175518,10004.946165424028,9372.070887424028,0.0,9372.070887424028,0.17485284601433015,4.7713125780128935,632.875278,3,0
1730937600,2024-11-07T00:00:00+00:00,0.5277235217512222,10069.380631424028,9372.070887424028,0.0,9372.070887424028,64.60931884601429,4.7713125780128935,697.3097439999999,3,0
1731024000,2024-11-08T00:00:00+00:00,0.2524120164835275,10097.249867324716,9541.379080324716,0.0,9541.379080324716,69.51488070031397,27.73498662440295,555.8707870000001,3,0
1731110400,2024-11-09T00:00:00+00:00,0.05783519990140151,10116.946491324716,9541.379080324716,0.0,9541.379080324716,89.211504700314,27.73498662440295,575.567411,3,0
1731196800,2024-11-10T00:00:00+00:00,0,10137.025975324716,9541.379080324716,0.0,9541.379080324716,109.29098870031397,27.73498662440295,595.646895,3,0
1731283200,2024-11-11T00:00:00+00:00,0.06062432060355283,10148.822569811626,9832.307710811627,0.0,9832.307710811627,55.00298794919446,93.81958186243226,316.514859,2,0
1731369600,2024-11-12T00:00:00+00:00,0,10164.584759811627,9832.307710811627,0.0,9832.307710811627,70.76517794919445,93.81958186243226,332.277049,2,0
1731456000,2024-11-13T00:00:00+00:00,0.18553805483850772,10145.967219811626,9832.307710811627,0.0,9832.307710811627,52.147637949194454,93.81958186243226,313.659509,2,0
1731542400,2024-11-14T00:00:00+00:00,0.23461655934858827,10140.978474811625,9832.307710811627,0.0,9832.307710811627,47.15889294919443,93.81958186243226,308.670764,2,0
1731628800,2024-11-15T00:00:00+00:00,0.26344857041585845,10138.047750811626,9832.307710811627,0.0,9832.307710811627,44.22816894919443,93.81958186243226,305.74003999999996,2,0
1731715200,2024-11-16T00:00:00+00:00,0.21331012655141368,10143.144236811626,9832.307710811627,0.0,9832.307710811627,49.324654949194446,93.81958186243226,310.836526,2,0
1731801600,2024-11-17T00:00:00+00:00,0.15369439384581574,10149.204072811626,9832.307710811627,0.0,9832.307710811627,55.384490949194465,93.81958186243226,316.896362,2,0
1731888000,2024-11-18T00:00:00+00:00,0.21916222820800302,10142.549380811626,9832.307710811627,0.0,9832.307710811627,48.72979894919443,93.81958186243226,310.24167,2,0
1731974400,2024-11-19T00:00:00+00:00,0.11346545474398839,10153.293274811625,9832.307710811627,0.0,9832.307710811627,59.47369294919443,93.81958186243226,320.985564,2,0
1732060800,2024-11-20T00:00:00+00:00,0.170594947359759,10147.486160811626,9832.307710811627,0.0,9832.307710811627,53.666578949194445,93.81958186243226,315.17845,2,0
1732147200,2024-11-21T00:00:00+00:00,0.23882242371108253,10140.550955981977,9934.839433981977,0.0,9934.839433981977,22.69916734377521,117.85178863820111,205.711522,1,0
1732233600,2024-11-22T00:00:00+00:00,0.18376486014315407,10146.147461981976,9934.839433981977,0.0,9934.839433981977,28.295673343775217,117.85178863820111,211.308028,1,0
1732320000,2024-11-23T00:00:00+00:00,0.14652495375901964,10149.932833981977,9934.839433981977,0.0,9934.839433981977,32.08104534377521,117.85178863820111,215.0934,1,0
1732406400,2024-11-24T00:00:00+00:00,0.05384851332037588,10159.35323367572,10048.84687567572,0.0,10048.84687567572,19.0001806718876,140.35305300383175,110.50635799999999,1,0
1732492800,2024-11-25T00:00:00+00:00,0.03842102966125083,10160.921410675719,10048.84687567572,0.0,10048.84687567572,20.5683576718876,140.35305300383175,112.074535,1,0
1732579200,2024-11-26T00:00:00+00:00,0.07761653256554979,10156.937255675719,10048.84687567572,0.0,10048.84687567572,16.584202671887613,140.35305300383175,108.09038000000001,1,0
1732665600,2024-11-27T00:00:00+00:00,0.11554173345674768,10153.08222467572,10048.84687567572,0.0,10048.84687567572,12.729171671887604,140.35305300383175,104.235349,1,0
1732752000,2024-11-28T00:00:00+00:00,0.06434521942865201,10158.28626167572,10048.84687567572,0.0,10048.84687567572,17.933208671887602,140.35305300383175,109.439386,1,0
1732838400,2024-11-29T00:00:00+00:00,0.048148868761588304,10159.93259267572,10048.84687567572,0.0,10048.84687567572,19.579539671887613,140.35305300383175,111.085717,1,0
1732924800,2024-11-30T00:00:00+00:00,0.04674485074710466,10160.07530867572,10048.84687567572,0.0,10048.84687567572,19.7222556718876,140.35305300383175,111.228433,1,0
1733011200,2024-12-01T00:00:00+00:00,0.048817448768490035,10159.864632675719,10048.84687567572,0.0,10048.84687567572,19.511579671887596,140.35305300383175,111.01775699999999,1,0
1733097600,2024-12-02T00:00:00+00:00,0.04453853672434782,10160.29957667572,10048.84687567572,0.0,10048.84687567572,19.946523671887608,140.35305300383175,111.452701,1,0
1733184000,2024-12-03T00:00:00+00:00,0.043052689317291115,10160.45061049178,9979.80334849178,0.0,9979.80334849178,20.166601015132358,140.2840094766478,180.647262,2,0
1733270400,2024-12-04T00:00:00+00:00,0.010216267655849265,10177.76546849178,9979.80334849178,0.0,9979.80334849178,37.481459015132344,140.2840094766478,197.96211999999997,2,0
1733356800,2024-12-05T00:00:00+00:00,0.09758410194427025,10177.10470049178,9979.80334849178,0.0,9979.80334849178,36.82069101513235,140.2840094766478,197.30135199999998,2,0
1733443200,2024-12-06T00:00:00+00:00,0.11445743363599492,10175.385806491779,9979.80334849178,0.0,9979.80334849178,35.101797015132355,140.2840094766478,195.582458,2,0
1733529600,2024-12-07T00:00:00+00:00,0.0894141670130355,10177.936975491779,9979.80334849178,0.0,9979.80334849178,37.65296601513236,140.2840094766478,198.133627,2,0
1733616000,2024-12-08T00:00:00+00:00,0.052993607686735444,10181.647154491779,9979.80334849178,0.0,9979.80334849178,41.363145015132346,140.2840094766478,201.84380599999997,2,0
1733702400,2024-12-09T00:00:00+00:00,0.06930699293242748,10179.98530249178,9979.80334849178,0.0,9979.80334849178,39.70129301513235,140.2840094766478,200.181954,2,0
1733788800,2024-12-10T00:00:00+00:00,0.1879035293019915,10167.903819207328,9730.513032207327,0.0,9730.513032207327,2.5306826968807377,165.3731365104472,437.390787,2,0
1733875200,2024-12-11T00:00:00+00:00,0.22269935849661415,10164.359152207327,9730.513032207327,0.0,9730.513032207327,-1.0139843031192668,165.3731365104472,433.84612,2,0
1733961600,2024-12-12T00:00:00+00:00,0.01995550668324464,10185.861615207328,9730.513032207327,0.0,9730.513032207327,20.488478696880733,165.3731365104472,455.34858299999996,2,0
1734048000,2024-12-13T00:00:00+00:00,0.08186150076496812,10181.499726207327,9730.513032207327,0.0,9730.513032207327,16.12658969688071,165.3731365104472,450.986694,2,0
1734134400,2024-12-14T00:00:00+00:00,0.035567462723629095,10186.217015207327,9730.513032207327,0.0,9730.513032207327,20.84387869688073,165.3731365104472,455.703983,2,0
1734220800,2024-12-15T00:00:00+00:00,0.05064004292690827,10184.681143207328,9730.513032207327,0.0,9730.513032207327,19.308006696880735,165.3731365104472,454.168111,2,0
1734307200,2024-12-16T00:00:00+00:00,0,10197.605423207327,9730.513032207327,0.0,9730.513032207327,32.232286696880756,165.3731365104472,467.092391,2,0
1734393600,2024-12-17T00:00:00+00:00,0.05488408408986789,10201.138553207327,9730.513032207327,0.0,9730.513032207327,35.76541669688075,165.3731365104472,470.62552100000005,2,0
1734480000,2024-12-18T00:00:00+00:00,0.07572788922161067,10203.600249207328,9730.513032207327,0.0,9730.513032207327,38.22711269688075,165.3731365104472,473.087217,2,0
1734566400,2024-12-19T00:00:00+00:00,0.3472893767673568,10175.870201207328,9730.513032207327,0.0,9730.513032207327,10.497064696880717,165.3731365104472,445.357169,2,0
1734652800,2024-12-20T00:00:00+00:00,0.5477632903097551,10155.399142164606,9395.655852164607,0.0,9395.655852164607,-9.639137165798418,165.0382793304045,759.74329,4,0
1734739200,2024-12-21T00:00:00+00:00,0.5140165070800395,10158.845138602697,9452.065223602698,0.0,9452.065223602698,6.371971490956841,152.47316711174088,706.7799150000001,3,0
1734825600,2024-12-22T00:00:00+00:00,0.6762750180535515,10142.276381602698,9452.065223602698,0.0,9452.065223602698,-10.196785509043153,152.47316711174088,690.2111580000001,3,0
1734912000,2024-12-23T00:00:00+00:00,0.7927325550984299,10130.384514602698,9452.065223602698,0.0,9452.065223602698,-22.088652509043172,152.47316711174088,678.319291,3,0
1734998400,2024-12-24T00:00:00+00:00,0.5989161174962399,10150.175756602697,9452.065223602698,0.0,9452.065223602698,-2.2974105090431527,152.47316711174088,698.1105329999999,3,0
1735084800,2024-12-25T00:00:00+00:00,0.3727091685346018,10173.274501602697,9452.065223602698,0.0,9452.065223602698,20.80133449095683,152.47316711174088,721.2092779999999,3,0
1735171200,2024-12-26T00:00:00+00:00,0.3882780858163626,10171.684707602697,9452.065223602698,0.0,9452.065223602698,19.211540490956857,152.47316711174088,719.619484,3,0
1735257600,2024-12-27T00:00:00+00:00,0.7084539213904395,10138.990486602697,9452.065223602698,0.0,9452.065223602698,-13.48268050904314,152.47316711174088,686.925263,3,0
1735344000,2024-12-28T00:00:00+00:00,0.8175909744747911,10127.846138602697,9452.065223602698,0.0,9452.065223602698,-24.627028509043164,152.47316711174088,675.780915,3,0
1735430400,2024-12-29T00:00:00+00:00,0.7163165480818523,10138.187607602698,9452.065223602698,0.0,9452.065223602698,-14.285559509043182,152.47316711174088,686.122384,3,0
1735516800,2024-12-30T00:00:00+00:00,0.8530099248998502,10124.229391602697,9452.065223602698,0.0,9452.065223602698,-28.243775509043175,152.47316711174088,672.164168,3,0
1735603200,2024-12-31T00:00:00+00:00,0.9028826884459273,10119.136717602698,9452.065223602698,0.0,9452.065223602698,-33.33644950904316,152.47316711174088,667.071494,3,0
1735689600,2025-01-01T00:00:00+00:00,0.9157912478882979,10117.818581602698,9452.065223602698,0.0,9452.065223602698,-34.65458550904315,152.47316711174088,665.7533579999999,3,0
1735776000,2025-01-02T00:00:00+00:00,0.7822955142924304,10131.450275602698,9452.065223602698,0.0,9452.065223602698,-21.022891509043188,152.47316711174088,679.385052,3,0
1735862400,2025-01-03T00:00:00+00:00,0.6174925950809262,10148.278850602697,9452.065223602698,0.0,9452.065223602698,-4.194316509043192,152.47316711174088,696.213627,3,0
1735948800,2025-01-04T00:00:00+00:00,0.41042106149959956,10169.423614602698,9452.065223602698,0.0,9452.065223602698,16.95044749095682,152.47316711174088,717.358391,3,0
1736035200,2025-01-05T00:00:00+00:00,0.3730517878550943,10173.239515602698,9452.065223602698,0.0,9452.065223602698,20.76634849095684,152.47316711174088,721.174292,3,0
1736121600,2025-01-06T00:00:00+00:00,0.38174688176079163,10172.351630602698,9452.065223602698,0.0,9452.065223602698,19.878463490956808,152.47316711174088,720.2864069999999,3,0
1736208000,2025-01-07T00:00:00+00:00,0.1936004775977107,10191.563886602697,9452.065223602698,0.0,9452.065223602698,39.09071949095683,152.47316711174088,739.498663,3,0
1736294400,2025-01-08T00:00:00+00:00,0.6978640014267068,10140.071858602698,9452.065223602698,0.0,9452.065223602698,-12.401308509043178,152.47316711174088,688.006635,3,0
1736380800,2025-01-09T00:00:00+00:00,0.8467200017800547,10124.871676602697,9452.065223602698,0.0,9452.065223602698,-27.601490509043167,152.47316711174088,672.806453,3,0
1736467200,2025-01-10T00:00:00+00:00,1.0645237042166689,10102.631015094583,9545.224673094583,0.0,9545.224673094583,-24.63148068771259,127.26249578229621,557.406342,2,0
1736553600,2025-01-11T00:00:00+00:00,0.9536984876113319,10113.947747094582,9545.224673094583,0.0,9545.224673094583,-13.314748687712598,127.26249578229621,568.723074,2,0
1736640000,2025-01-12T00:00:00+00:00,0.9827820499522022,10110.97792767353,9363.93775867353,0.0,9363.93775867353,-16.103281194346486,127.08120886787516,747.040169,3,0
1736726400,2025-01-13T00:00:00+00:00,1.026419750992269,10106.52193667353,9363.93775867353,0.0,9363.93775867353,-20.559272194346505,127.08120886787516,742.5841780000001,3,0
1736812800,2025-01-14T00:00:00+00:00,1.4187317980617675,10066.461646849175,9896.239696849174,0.0,9896.239696849174,-10.8836775066339,77.34532435580896,170.22195000000002,1,0
1736899200,2025-01-15T00:00:00+00:00,1.33516690074309,10074.994736849176,9896.239696849174,0.0,9896.239696849174,-2.3505875066339086,77.34532435580896,178.75504,1,0
1736985600,2025-01-16T00:00:00+00:00,1.1818210066944057,10090.653396849175,9896.239696849174,0.0,9896.239696849174,13.308072493366103,77.34532435580896,194.41370000000003,1,0
1737072000,2025-01-17T00:00:00+00:00,1.101702084522893,10098.834606849176,9896.239696849174,0.0,9896.239696849174,21.4892824933661,77.34532435580896,202.59491000000003,1,0
1737158400,2025-01-18T00:00:00+00:00,0.9242343644440876,10116.956426849174,9896.239696849174,0.0,9896.239696849174,39.61110249336609,77.34532435580896,220.71673,1,0
1737244800,2025-01-19T00:00:00+00:00,1.007799261762743,10108.423336849175,9896.239696849174,0.0,9896.239696849174,31.0780124933661,77.34532435580896,212.18364000000003,1,0
1737331200,2025-01-20T00:00:00+00:00,0.988846398453358,10110.358676849175,9896.239696849174,0.0,9896.239696849174,33.01335249336609,77.34532435580896,214.11898000000002,1,0
1737417600,2025-01-21T00:00:00+00:00,0.9242343644440876,10116.956426849174,9896.239696849174,0.0,9896.239696849174,39.61110249336609,77.34532435580896,220.71673,1,0
1737504000,2025-01-22T00:00:00+00:00,0.7881183461311947,10130.855686849174,9896.239696849174,0.0,9896.239696849174,53.51036249336611,77.34532435580896,234.61599000000004,1,0
1737590400,2025-01-23T00:00:00+00:00,0.9061429949214772,10118.803796849175,9896.239696849174,0.0,9896.239696849174,41.458472493366095,77.34532435580896,222.56410000000002,1,0
1737676800,2025-01-24T00:00:00+00:00,0.8759907123838118,10121.882746849175,9896.239696849174,0.0,9896.239696849174,44.53742249336608,77.34532435580896,225.64305000000002,1,0
1737763200,2025-01-25T00:00:00+00:00,0.9164809203629609,10117.748156849175,9896.239696849174,0.0,9896.239696849174,40.40283249336609,77.34532435580896,221.50846,1,0
1737849600,2025-01-26T00:00:00+00:00,0.9380182650327251,10115.548906849175,9896.239696849174,0.0,9896.239696849174,38.20358249336609,77.34532435580896,219.30921,1,0
1737936000,2025-01-27T00:00:00+00:00,0.9423257339666757,10115.109056849175,9896.239696849174,0.0,9896.239696849174,37.763732493366085,77.34532435580896,218.86936,1,0
1738022400,2025-01-28T00:00:00+00:00,1.0000458176816385,10109.215066849174,9896.239696849174,0.0,9896.239696849174,31.869742493366097,77.34532435580896,212.97537000000003,1,0
1738108800,2025-01-29T00:00:00+00:00,1.1378848235681027,10095.139866849175,9896.239696849174,0.0,9896.239696849174,17.794542493366084,77.34532435580896,198.90017,1,0
1738195200,2025-01-30T00:00:00+00:00,1.0474279759551175,10104.376716849174,9896.239696849174,0.0,9896.239696849174,27.03139249336609,77.34532435580896,208.13702,1,0
1738281600,2025-01-31T00:00:00+00:00,0.9785084730118632,10111.414316849176,9896.239696849174,0.0,9896.239696849174,34.068992493366096,77.34532435580896,215.17462000000003,1,0
1738368000,2025-02-01T00:00:00+00:00,0.9173424141497577,10117.660186849174,9896.239696849174,0.0,9896.239696849174,40.31486249336611,77.34532435580896,221.42049000000003,1,0
1738454400,2025-02-02T00:00:00+00:00,1.1060095534568548,10098.394756849175,9896.239696849174,0.0,9896.239696849174,21.049432493366094,77.34532435580896,202.15506000000002,1,0
1738540800,2025-02-03T00:00:00+00:00,1.323105987728035,10076.226316849175,9896.239696849174,0.0,9896.239696849174,-1.1190075066339036,77.34532435580896,179.98662000000002,1,0
1738627200,2025-02-04T00:00:00+00:00,1.5566912303116132,10052.3741497121,10052.3741497121,0.0,10052.3741497121,0.0,52.37414971209852,0.0,0,0
1738713600,2025-02-05T00:00:00+00:00,1.5566912303116132,10052.3741497121,10052.3741497121,0.0,10052.3741497121,0.0,52.37414971209852,0.0,0,0
1738800000,2025-02-06T00:00:00+00:00,1.5566912303116132,10052.3741497121,10052.3741497121,0.0,10052.3741497121,0.0,52.37414971209852,0.0,0,0
1738886400,2025-02-07T00:00:00+00:00,1.5566912303116132,10052.3741497121,10052.3741497121,0.0,10052.3741497121,0.0,52.37414971209852,0.0,0,0
1738972800,2025-02-08T00:00:00+00:00,1.5566912303116132,10052.3741497121,10052.3741497121,0.0,10052.3741497121,0.0,52.37414971209852,0.0,0,0
1739059200,2025-02-09T00:00:00+00:00,1.5566912303116132,10052.3741497121,10052.3741497121,0.0,10052.3741497121,0.0,52.37414971209852,0.0,0,0
1739145600,2025-02-10T00:00:00+00:00,1.5566912303116132,10052.3741497121,10052.3741497121,0.0,10052.3741497121,0.0,52.37414971209852,0.0,0,0
1739232000,2025-02-11T00:00:00+00:00,1.5566912303116132,10052.3741497121,10052.3741497121,0.0,10052.3741497121,0.0,52.37414971209852,0.0,0,0
1739318400,2025-02-12T00:00:00+00:00,1.5566912303116132,10052.3741497121,10052.3741497121,0.0,10052.3741497121,0.0,52.37414971209852,0.0,0,0
1739404800,2025-02-13T00:00:00+00:00,1.5566912303116132,10052.3741497121,10052.3741497121,0.0,10052.3741497121,0.0,52.37414971209852,0.0,0,0
1739491200,2025-02-14T00:00:00+00:00,1.5566912303116132,10052.3741497121,10052.3741497121,0.0,10052.3741497121,0.0,52.37414971209852,0.0,0,0
1739577600,2025-02-15T00:00:00+00:00,1.5566912303116132,10052.3741497121,10052.3741497121,0.0,10052.3741497121,0.0,52.37414971209852,0.0,0,0
1739664000,2025-02-16T00:00:00+00:00,1.5566912303116132,10052.3741497121,10052.3741497121,0.0,10052.3741497121,0.0,52.37414971209852,0.0,0,0
1739750400,2025-02-17T00:00:00+00:00,1.5566912303116132,10052.3741497121,10052.3741497121,0.0,10052.3741497121,0.0,52.37414971209852,0.0,0,0
1739836800,2025-02-18T00:00:00+00:00,1.5566912303116132,10052.3741497121,10052.3741497121,0.0,10052.3741497121,0.0,52.37414971209852,0.0,0,0
1739923200,2025-02-19T00:00:00+00:00,1.5566912303116132,10052.3741497121,10052.3741497121,0.0,10052.3741497121,0.0,52.37414971209852,0.0,0,0
1740009600,2025-02-20T00:00:00+00:00,1.5566912303116132,10052.3741497121,10052.3741497121,0.0,10052.3741497121,0.0,52.37414971209852,0.0,0,0
1740096000,2025-02-21T00:00:00+00:00,1.5566912303116132,10052.3741497121,10052.3741497121,0.0,10052.3741497121,0.0,52.37414971209852,0.0,0,0
1740182400,2025-02-22T00:00:00+00:00,1.5566912303116132,10052.3741497121,10052.3741497121,0.0,10052.3741497121,0.0,52.37414971209852,0.0,0,0
1740268800,2025-02-23T00:00:00+00:00,1.5566912303116132,10052.3741497121,10052.3741497121,0.0,10052.3741497121,0.0,52.37414971209852,0.0,0,0
1740355200,2025-02-24T00:00:00+00:00,1.5566912303116132,10052.3741497121,10052.3741497121,0.0,10052.3741497121,0.0,52.37414971209852,0.0,0,0
1740441600,2025-02-25T00:00:00+00:00,1.5566912303116132,10052.3741497121,10052.3741497121,0.0,10052.3741497121,0.0,52.37414971209852,0.0,0,0
1740528000,2025-02-26T00:00:00+00:00,1.5566912303116132,10052.3741497121,10052.3741497121,0.0,10052.3741497121,0.0,52.37414971209852,0.0,0,0
1740614400,2025-02-27T00:00:00+00:00,1.5566912303116132,10052.3741497121,10052.3741497121,0.0,10052.3741497121,0.0,52.37414971209852,0.0,0,0
1740700800,2025-02-28T00:00:00+00:00,1.5566912303116132,10052.3741497121,10052.3741497121,0.0,10052.3741497121,0.0,52.37414971209852,0.0,0,0
1740787200,2025-03-01T00:00:00+00:00,1.5566912303116132,10052.3741497121,10052.3741497121,0.0,10052.3741497121,0.0,52.37414971209852,0.0,0,0
1740873600,2025-03-02T00:00:00+00:00,1.5566912303116132,10052.3741497121,10052.3741497121,0.0,10052.3741497121,0.0,52.37414971209852,0.0,0,0
1740960000,2025-03-03T00:00:00+00:00,1.5566912303116132,10052.3741497121,10052.3741497121,0.0,10052.3741497121,0.0,52.37414971209852,0.0,0,0
1741046400,2025-03-04T00:00:00+00:00,1.5566912303116132,10052.3741497121,10052.3741497121,0.0,10052.3741497121,0.0,52.37414971209852,0.0,0,0
1741132800,2025-03-05T00:00:00+00:00,1.5566912303116132,10052.3741497121,10052.3741497121,0.0,10052.3741497121,0.0,52.37414971209852,0.0,0,0
1741219200,2025-03-06T00:00:00+00:00,1.5566912303116132,10052.3741497121,10052.3741497121,0.0,10052.3741497121,0.0,52.37414971209852,0.0,0,0
1741305600,2025-03-07T00:00:00+00:00,1.5566912303116132,10052.3741497121,10052.3741497121,0.0,10052.3741497121,0.0,52.37414971209852,0.0,0,0
1741392000,2025-03-08T00:00:00+00:00,1.5566912303116132,10052.3741497121,10052.3741497121,0.0,10052.3741497121,0.0,52.37414971209852,0.0,0,0
1741478400,2025-03-09T00:00:00+00:00,1.5566912303116132,10052.3741497121,10052.3741497121,0.0,10052.3741497121,0.0,52.37414971209852,0.0,0,0
1741564800,2025-03-10T00:00:00+00:00,1.5566912303116132,10052.3741497121,10052.3741497121,0.0,10052.3741497121,0.0,52.37414971209852,0.0,0,0
1741651200,2025-03-11T00:00:00+00:00,1.5566912303116132,10052.3741497121,10052.3741497121,0.0,10052.3741497121,0.0,52.37414971209852,0.0,0,0
1741737600,2025-03-12T00:00:00+00:00,1.5566912303116132,10052.3741497121,10052.3741497121,0.0,10052.3741497121,0.0,52.37414971209852,0.0,0,0
1741824000,2025-03-13T00:00:00+00:00,1.5566912303116132,10052.3741497121,10052.3741497121,0.0,10052.3741497121,0.0,52.37414971209852,0.0,0,0
1741910400,2025-03-14T00:00:00+00:00,1.5566912303116132,10052.3741497121,10052.3741497121,0.0,10052.3741497121,0.0,52.37414971209852,0.0,0,0
1741996800,2025-03-15T00:00:00+00:00,1.5566912303116132,10052.3741497121,10052.3741497121,0.0,10052.3741497121,0.0,52.37414971209852,0.0,0,0
1742083200,2025-03-16T00:00:00+00:00,1.5566912303116132,10052.3741497121,10052.3741497121,0.0,10052.3741497121,0.0,52.37414971209852,0.0,0,0
1742169600,2025-03-17T00:00:00+00:00,1.5566912303116132,10052.3741497121,10052.3741497121,0.0,10052.3741497121,0.0,52.37414971209852,0.0,0,0
1742256000,2025-03-18T00:00:00+00:00,1.5566912303116132,10052.3741497121,10052.3741497121,0.0,10052.3741497121,0.0,52.37414971209852,0.0,0,0
1742342400,2025-03-19T00:00:00+00:00,1.5566912303116132,10052.3741497121,10052.3741497121,0.0,10052.3741497121,0.0,52.37414971209852,0.0,0,0
1742428800,2025-03-20T00:00:00+00:00,1.5566912303116132,10052.3741497121,10052.3741497121,0.0,10052.3741497121,0.0,52.37414971209852,0.0,0,0
1742515200,2025-03-21T00:00:00+00:00,1.5566912303116132,10052.3741497121,10052.3741497121,0.0,10052.3741497121,0.0,52.37414971209852,0.0,0,0
1742601600,2025-03-22T00:00:00+00:00,1.5566912303116132,10052.3741497121,10052.3741497121,0.0,10052.3741497121,0.0,52.37414971209852,0.0,0,0
1742688000,2025-03-23T00:00:00+00:00,1.5566912303116132,10052.3741497121,10052.3741497121,0.0,10052.3741497121,0.0,52.37414971209852,0.0,0,0
1742774400,2025-03-24T00:00:00+00:00,1.5566912303116132,10052.3741497121,10052.3741497121,0.0,10052.3741497121,0.0,52.37414971209852,0.0,0,0
1742860800,2025-03-25T00:00:00+00:00,1.5566912303116132,10052.3741497121,10052.3741497121,0.0,10052.3741497121,0.0,52.37414971209852,0.0,0,0
1742947200,2025-03-26T00:00:00+00:00,1.5566912303116132,10052.3741497121,10052.3741497121,0.0,10052.3741497121,0.0,52.37414971209852,0.0,0,0
1743033600,2025-03-27T00:00:00+00:00,1.5566912303116132,10052.3741497121,10052.3741497121,0.0,10052.3741497121,0.0,52.37414971209852,0.0,0,0
1743120000,2025-03-28T00:00:00+00:00,1.5566912303116132,10052.3741497121,10052.3741497121,0.0,10052.3741497121,0.0,52.37414971209852,0.0,0,0
1743206400,2025-03-29T00:00:00+00:00,1.5566912303116132,10052.3741497121,10052.3741497121,0.0,10052.3741497121,0.0,52.37414971209852,0.0,0,0
1743292800,2025-03-30T00:00:00+00:00,1.5566912303116132,10052.3741497121,10052.3741497121,0.0,10052.3741497121,0.0,52.37414971209852,0.0,0,0
1743379200,2025-03-31T00:00:00+00:00,1.5566912303116132,10052.3741497121,10052.3741497121,0.0,10052.3741497121,0.0,52.37414971209852,0.0,0,0
1743465600,2025-04-01T00:00:00+00:00,1.5566912303116132,10052.3741497121,10052.3741497121,0.0,10052.3741497121,0.0,52.37414971209852,0.0,0,0
1743552000,2025-04-02T00:00:00+00:00,1.5566912303116132,10052.3741497121,10052.3741497121,0.0,10052.3741497121,0.0,52.37414971209852,0.0,0,0
1743638400,2025-04-03T00:00:00+00:00,1.5566912303116132,10052.3741497121,10052.3741497121,0.0,10052.3741497121,0.0,52.37414971209852,0.0,0,0
1743724800,2025-04-04T00:00:00+00:00,1.5566912303116132,10052.3741497121,10052.3741497121,0.0,10052.3741497121,0.0,52.37414971209852,0.0,0,0
1743811200,2025-04-05T00:00:00+00:00,1.5566912303116132,10052.3741497121,10052.3741497121,0.0,10052.3741497121,0.0,52.37414971209852,0.0,0,0
1743897600,2025-04-06T00:00:00+00:00,1.5566912303116132,10052.3741497121,10052.3741497121,0.0,10052.3741497121,0.0,52.37414971209852,0.0,0,0
1743984000,2025-04-07T00:00:00+00:00,1.5566912303116132,10052.3741497121,10052.3741497121,0.0,10052.3741497121,0.0,52.37414971209852,0.0,0,0
1744070400,2025-04-08T00:00:00+00:00,1.5566912303116132,10052.3741497121,10052.3741497121,0.0,10052.3741497121,0.0,52.37414971209852,0.0,0,0
1744156800,2025-04-09T00:00:00+00:00,1.5566912303116132,10052.3741497121,10052.3741497121,0.0,10052.3741497121,0.0,52.37414971209852,0.0,0,0
1744243200,2025-04-10T00:00:00+00:00,1.5566912303116132,10052.3741497121,10052.3741497121,0.0,10052.3741497121,0.0,52.37414971209852,0.0,0,0
1744329600,2025-04-11T00:00:00+00:00,1.5566912303116132,10052.3741497121,10052.3741497121,0.0,10052.3741497121,0.0,52.37414971209852,0.0,0,0
1744416000,2025-04-12T00:00:00+00:00,1.5566912303116132,10052.3741497121,10052.3741497121,0.0,10052.3741497121,0.0,52.37414971209852,0.0,0,0
1744502400,2025-04-13T00:00:00+00:00,1.5566912303116132,10052.3741497121,10052.3741497121,0.0,10052.3741497121,0.0,52.37414971209852,0.0,0,0
1744588800,2025-04-14T00:00:00+00:00,1.5566912303116132,10052.3741497121,10052.3741497121,0.0,10052.3741497121,0.0,52.37414971209852,0.0,0,0
1744675200,2025-04-15T00:00:00+00:00,1.5566912303116132,10052.3741497121,10052.3741497121,0.0,10052.3741497121,0.0,52.37414971209852,0.0,0,0
1744761600,2025-04-16T00:00:00+00:00,1.5566912303116132,10052.3741497121,10052.3741497121,0.0,10052.3741497121,0.0,52.37414971209852,0.0,0,0
1744848000,2025-04-17T00:00:00+00:00,1.5566912303116132,10052.3741497121,10052.3741497121,0.0,10052.3741497121,0.0,52.37414971209852,0.0,0,0
1744934400,2025-04-18T00:00:00+00:00,1.5566912303116132,10052.3741497121,10052.3741497121,0.0,10052.3741497121,0.0,52.37414971209852,0.0,0,0
1745020800,2025-04-19T00:00:00+00:00,1.5566912303116132,10052.3741497121,10052.3741497121,0.0,10052.3741497121,0.0,52.37414971209852,0.0,0,0
1745107200,2025-04-20T00:00:00+00:00,1.5566912303116132,10052.3741497121,10052.3741497121,0.0,10052.3741497121,0.0,52.37414971209852,0.0,0,0
1745193600,2025-04-21T00:00:00+00:00,1.5566912303116132,10052.3741497121,10052.3741497121,0.0,10052.3741497121,0.0,52.37414971209852,0.0,0,0
1745280000,2025-04-22T00:00:00+00:00,1.5566912303116132,10052.3741497121,10052.3741497121,0.0,10052.3741497121,0.0,52.37414971209852,0.0,0,0
1745366400,2025-04-23T00:00:00+00:00,1.5566912303116132,10052.3741497121,10052.3741497121,0.0,10052.3741497121,0.0,52.37414971209852,0.0,0,0
1745452800,2025-04-24T00:00:00+00:00,1.5566912303116132,10052.3741497121,10052.3741497121,0.0,10052.3741497121,0.0,52.37414971209852,0.0,0,0
1745539200,2025-04-25T00:00:00+00:00,1.5566912303116132,10052.3741497121,10052.3741497121,0.0,10052.3741497121,0.0,52.37414971209852,0.0,0,0
1745625600,2025-04-26T00:00:00+00:00,1.5566912303116132,10052.3741497121,10052.3741497121,0.0,10052.3741497121,0.0,52.37414971209852,0.0,0,0
1745712000,2025-04-27T00:00:00+00:00,1.5566912303116132,10052.3741497121,10052.3741497121,0.0,10052.3741497121,0.0,52.37414971209852,0.0,0,0
1745798400,2025-04-28T00:00:00+00:00,1.5566912303116132,10052.3741497121,10052.3741497121,0.0,10052.3741497121,0.0,52.37414971209852,0.0,0,0
1745884800,2025-04-29T00:00:00+00:00,1.5566912303116132,10052.3741497121,10052.3741497121,0.0,10052.3741497121,0.0,52.37414971209852,0.0,0,0
1745971200,2025-04-30T00:00:00+00:00,1.5566912303116132,10052.3741497121,10052.3741497121,0.0,10052.3741497121,0.0,52.37414971209852,0.0,0,0
1746057600,2025-05-01T00:00:00+00:00,1.5566912303116132,10052.3741497121,10052.3741497121,0.0,10052.3741497121,0.0,52.37414971209852,0.0,0,0
1746144000,2025-05-02T00:00:00+00:00,1.5566912303116132,10052.3741497121,10052.3741497121,0.0,10052.3741497121,0.0,52.37414971209852,0.0,0,0
1746230400,2025-05-03T00:00:00+00:00,1.5566912303116132,10052.3741497121,10052.3741497121,0.0,10052.3741497121,0.0,52.37414971209852,0.0,0,0
1746316800,2025-05-04T00:00:00+00:00,1.5566912303116132,10052.3741497121,10052.3741497121,0.0,10052.3741497121,0.0,52.37414971209852,0.0,0,0
1746403200,2025-05-05T00:00:00+00:00,1.5566912303116132,10052.3741497121,10052.3741497121,0.0,10052.3741497121,0.0,52.37414971209852,0.0,0,0
1746489600,2025-05-06T00:00:00+00:00,1.5566912303116132,10052.3741497121,10052.3741497121,0.0,10052.3741497121,0.0,52.37414971209852,0.0,0,0
1746576000,2025-05-07T00:00:00+00:00,1.5566912303116132,10052.3741497121,10052.3741497121,0.0,10052.3741497121,0.0,52.37414971209852,0.0,0,0
1746662400,2025-05-08T00:00:00+00:00,1.5566912303116132,10052.3741497121,10052.3741497121,0.0,10052.3741497121,0.0,52.37414971209852,0.0,0,0
1746748800,2025-05-09T00:00:00+00:00,1.5566912303116132,10052.3741497121,10052.3741497121,0.0,10052.3741497121,0.0,52.37414971209852,0.0,0,0
1746835200,2025-05-10T00:00:00+00:00,1.5566912303116132,10052.3741497121,10052.3741497121,0.0,10052.3741497121,0.0,52.37414971209852,0.0,0,0
1746921600,2025-05-11T00:00:00+00:00,1.5566912303116132,10052.3741497121,10052.3741497121,0.0,10052.3741497121,0.0,52.37414971209852,0.0,0,0
1747008000,2025-05-12T00:00:00+00:00,1.5566912303116132,10052.3741497121,10052.3741497121,0.0,10052.3741497121,0.0,52.37414971209852,0.0,0,0
1747094400,2025-05-13T00:00:00+00:00,1.5566912303116132,10052.3741497121,10052.3741497121,0.0,10052.3741497121,0.0,52.37414971209852,0.0,0,0
1747180800,2025-05-14T00:00:00+00:00,1.5566912303116132,10052.3741497121,10052.3741497121,0.0,10052.3741497121,0.0,52.37414971209852,0.0,0,0
1747267200,2025-05-15T00:00:00+00:00,1.5566912303116132,10052.3741497121,10052.3741497121,0.0,10052.3741497121,0.0,52.37414971209852,0.0,0,0
1747353600,2025-05-16T00:00:00+00:00,1.5566912303116132,10052.3741497121,10052.3741497121,0.0,10052.3741497121,0.0,52.37414971209852,0.0,0,0
1747440000,2025-05-17T00:00:00+00:00,1.5566912303116132,10052.3741497121,10052.3741497121,0.0,10052.3741497121,0.0,52.37414971209852,0.0,0,0
1747526400,2025-05-18T00:00:00+00:00,1.5566912303116132,10052.3741497121,10052.3741497121,0.0,10052.3741497121,0.0,52.37414971209852,0.0,0,0
1747612800,2025-05-19T00:00:00+00:00,1.5566912303116132,10052.3741497121,10052.3741497121,0.0,10052.3741497121,0.0,52.37414971209852,0.0,0,0
1747699200,2025-05-20T00:00:00+00:00,1.5566912303116132,10052.3741497121,10052.3741497121,0.0,10052.3741497121,0.0,52.37414971209852,0.0,0,0
1747785600,2025-05-21T00:00:00+00:00,1.5566912303116132,10052.3741497121,10052.3741497121,0.0,10052.3741497121,0.0,52.37414971209852,0.0,0,0
1747872000,2025-05-22T00:00:00+00:00,1.5566912303116132,10052.3741497121,10052.3741497121,0.0,10052.3741497121,0.0,52.37414971209852,0.0,0,0
1747958400,2025-05-23T00:00:00+00:00,1.5566912303116132,10052.3741497121,10052.3741497121,0.0,10052.3741497121,0.0,52.37414971209852,0.0,0,0
1748044800,2025-05-24T00:00:00+00:00,1.5566912303116132,10052.3741497121,10052.3741497121,0.0,10052.3741497121,0.0,52.37414971209852,0.0,0,0
1748131200,2025-05-25T00:00:00+00:00,1.5566912303116132,10052.3741497121,10052.3741497121,0.0,10052.3741497121,0.0,52.37414971209852,0.0,0,0
1748217600,2025-05-26T00:00:00+00:00,1.5566912303116132,10052.3741497121,10052.3741497121,0.0,10052.3741497121,0.0,52.37414971209852,0.0,0,0
1748304000,2025-05-27T00:00:00+00:00,1.5566912303116132,10052.3741497121,10052.3741497121,0.0,10052.3741497121,0.0,52.37414971209852,0.0,0,0
1748390400,2025-05-28T00:00:00+00:00,1.5566912303116132,10052.3741497121,10052.3741497121,0.0,10052.3741497121,0.0,52.37414971209852,0.0,0,0
1748476800,2025-05-29T00:00:00+00:00,1.5566912303116132,10052.3741497121,10052.3741497121,0.0,10052.3741497121,0.0,52.37414971209852,0.0,0,0
1748563200,2025-05-30T00:00:00+00:00,1.5566912303116132,10052.3741497121,10052.3741497121,0.0,10052.3741497121,0.0,52.37414971209852,0.0,0,0
1748649600,2025-05-31T00:00:00+00:00,1.645168947057618,10043.339395356941,9801.582255356941,0.0,9801.582255356941,-8.783962460801622,52.12335781774336,241.75714000000002,1,0
1748736000,2025-06-01T00:00:00+00:00,1.6332460963297657,10044.556877356941,9801.582255356941,0.0,9801.582255356941,-7.566480460801616,52.12335781774336,242.97462200000004,1,0
1748822400,2025-06-02T00:00:00+00:00,1.6179167168225206,10046.122211356942,9801.582255356941,0.0,9801.582255356941,-6.0011464608016185,52.12335781774336,244.53995600000002,1,0
1748908800,2025-06-03T00:00:00+00:00,1.6162134524328242,10046.296137356941,9801.582255356941,0.0,9801.582255356941,-5.827220460801621,52.12335781774336,244.71388200000004,1,0
1748995200,2025-06-04T00:00:00+00:00,1.609400394874061,10046.991841356941,9801.582255356941,0.0,9801.582255356941,-5.131516460801636,52.12335781774336,245.40958600000002,1,0
1749081600,2025-06-05T00:00:00+00:00,1.6570917977854704,10042.121913356941,9801.582255356941,0.0,9801.582255356941,-10.001444460801626,52.12335781774336,240.53965800000003,1,0
1749168000,2025-06-06T00:00:00+00:00,1.7661178168059122,10030.988903415035,9685.576175415034,0.0,9685.576175415034,3.9055611925848144,27.083342222450284,345.412728,1,0
1749254400,2025-06-07T00:00:00+00:00,1.7160180701634387,10036.104755415034,9685.576175415034,0.0,9685.576175415034,9.021413192584811,27.083342222450284,350.52858000000003,1,0
1749340800,2025-06-08T00:00:00+00:00,1.672648140234112,10040.533403415035,9685.576175415034,0.0,9685.576175415034,13.450061192584814,27.083342222450284,354.95722800000004,1,0
1749427200,2025-06-09T00:00:00+00:00,1.6663456134709986,10041.176975415034,9685.576175415034,0.0,9685.576175415034,14.093633192584786,27.083342222450284,355.6008,1,0
1749513600,2025-06-10T00:00:00+00:00,1.5938131444512726,10048.583507415035,9685.576175415034,0.0,9685.576175415034,21.50016519258481,27.083342222450284,363.007332,1,0
1749600000,2025-06-11T00:00:00+00:00,1.5514580281533186,10052.908529415034,9685.576175415034,0.0,9685.576175415034,25.82518719258478,27.083342222450284,367.332354,1,0
1749686400,2025-06-12T00:00:00+00:00,1.5839320643565413,10049.592497415035,9685.576175415034,0.0,9685.576175415034,22.50915519258476,27.083342222450284,364.01632199999995,1,0
1749772800,2025-06-13T00:00:00+00:00,1.6516575214382878,10042.676825415034,9685.576175415034,0.0,9685.576175415034,15.593483192584786,27.083342222450284,357.10065,1,0
1749859200,2025-06-14T00:00:00+00:00,1.6324600371281361,10044.637144480195,9382.606915480195,0.0,9382.606915480195,17.856771517678876,26.780372962515443,662.030229,2,0
1749945600,2025-06-15T00:00:00+00:00,1.7404946974185265,10033.605365480194,9382.606915480195,0.0,9382.606915480195,6.824992517678891,26.780372962515443,650.99845,2,0
1750032000,2025-06-16T00:00:00+00:00,1.7072265925134444,10037.002482480195,9382.606915480195,0.0,9382.606915480195,10.222109517678902,26.780372962515443,654.395567,2,0
1750118400,2025-06-17T00:00:00+00:00,1.6975852852262219,10037.986988480194,9382.606915480195,0.0,9382.606915480195,11.20661551767887,26.780372962515443,655.380073,2,0
1750204800,2025-06-18T00:00:00+00:00,1.7513700943105115,10032.494842480195,9382.606915480195,0.0,9382.606915480195,5.714469517678857,26.780372962515443,649.887927,2,0
1750291200,2025-06-19T00:00:00+00:00,1.7516430165606556,10032.466973480194,9382.606915480195,0.0,9382.606915480195,5.686600517678848,26.780372962515443,649.860058,2,0
1750377600,2025-06-20T00:00:00+00:00,1.7567713969208976,10031.943297480195,9382.606915480195,0.0,9382.606915480195,5.162924517678831,26.780372962515443,649.336382,2,0
1750464000,2025-06-21T00:00:00+00:00,1.9055846702378365,10016.747478480194,9382.606915480195,0.0,9382.606915480195,-10.032894482321163,26.780372962515443,634.1405629999999,2,0
1750550400,2025-06-22T00:00:00+00:00,2.033097757104163,10003.726692464521,9660.68645446452,0.0,9660.68645446452,1.5330711925848017,2.193621271935285,343.040238,1,0
1750636800,2025-06-23T00:00:00+00:00,2.103386953886155,9996.54922846452,9660.68645446452,0.0,9660.68645446452,-5.644392807415243,2.193621271935285,335.86277399999994,1,0
1750723200,2025-06-24T00:00:00+00:00,1.971568004298041,10010.009700464521,9660.68645446452,0.0,9660.68645446452,7.816079192584792,2.193621271935285,349.323246,1,0
1750809600,2025-06-25T00:00:00+00:00,1.955330986196424,10011.66771646452,9660.68645446452,0.0,9660.68645446452,9.474095192584771,2.193621271935285,350.98126199999996,1,0
1750896000,2025-06-26T00:00:00+00:00,1.9417645302825748,10013.05303246452,9660.68645446452,0.0,9660.68645446452,10.859411192584814,2.193621271935285,352.366578,1,0
1750982400,2025-06-27T00:00:00+00:00,1.961900569178321,10010.996874464521,9660.68645446452,0.0,9660.68645446452,8.803253192584762,2.193621271935285,350.31041999999997,1,0
1751068800,2025-06-28T00:00:00+00:00,1.9436873350577644,10012.85668846452,9660.68645446452,0.0,9660.68645446452,10.663067192584807,2.193621271935285,352.170234,1,0
1751155200,2025-06-29T00:00:00+00:00,1.9282514856124866,10014.43289446452,9660.68645446452,0.0,9660.68645446452,12.239273192584799,2.193621271935285,353.74644,1,0
1751241600,2025-06-30T00:00:00+00:00,1.8946024020466523,10017.86891446452,9660.68645446452,0.0,9660.68645446452,15.675293192584775,2.193621271935285,357.18246,1,0
1751328000,2025-07-01T00:00:00+00:00,1.8839201532955818,10018.95971446452,9660.68645446452,0.0,9660.68645446452,16.766093192584773,2.193621271935285,358.27326,1,0
1751414400,2025-07-02T00:00:00+00:00,1.940375837944952,10013.19483646452,9660.68645446452,0.0,9660.68645446452,11.001215192584809,2.193621271935285,352.50838200000004,1,0
1751500800,2025-07-03T00:00:00+00:00,1.8689115938003376,10020.49228846452,9660.68645446452,0.0,9660.68645446452,18.298667192584805,2.193621271935285,359.805834,1,0
1751587200,2025-07-04T00:00:00+00:00,1.8481880312232635,10022.60844046452,9660.68645446452,0.0,9660.68645446452,20.414819192584805,2.193621271935285,361.921986,1,0
1751673600,2025-07-05T00:00:00+00:00,1.9015458637348215,10017.159894464521,9660.68645446452,0.0,9660.68645446452,14.966273192584799,2.193621271935285,356.47344,1,0
1751760000,2025-07-06T00:00:00+00:00,1.887872585333461,10018.556118464521,9660.68645446452,0.0,9660.68645446452,16.36249719258477,2.193621271935285,357.869664,1,0
1751846400,2025-07-07T00:00:00+00:00,1.85064494843602,10022.35755646452,9660.68645446452,0.0,9660.68645446452,20.163935192584784,2.193621271935285,361.671102,1,0
1751932800,2025-07-08T00:00:00+00:00,1.8617010758933628,10021.228578464521,9660.68645446452,0.0,9660.68645446452,19.034957192584756,2.193621271935285,360.54212399999994,1,0
1752019200,2025-07-09T00:00:00+00:00,1.863997759374847,10020.99405646452,9660.68645446452,0.0,9660.68645446452,18.800435192584786,2.193621271935285,360.307602,1,0
1752105600,2025-07-10T00:00:00+00:00,1.8210017081518148,10025.38452646452,9660.68645446452,0.0,9660.68645446452,23.190905192584758,2.193621271935285,364.69807199999997,1,0
1752192000,2025-07-11T00:00:00+00:00,1.7295616588427265,10034.72177446452,9660.68645446452,0.0,9660.68645446452,32.52815319258476,2.193621271935285,374.03531999999996,1,0
1752278400,2025-07-12T00:00:00+00:00,1.7071823477092463,10037.00700046452,9660.68645446452,0.0,9660.68645446452,34.81337919258479,2.193621271935285,376.320546,1,0
1752364800,2025-07-13T00:00:00+00:00,1.729241191380182,10034.754498464521,9660.68645446452,0.0,9660.68645446452,32.5608771925848,2.193621271935285,374.068044,1,0
1752451200,2025-07-14T00:00:00+00:00,1.6964466877144257,10038.10325446452,9660.68645446452,0.0,9660.68645446452,35.909633192584785,2.193621271935285,377.4168,1,0
1752537600,2025-07-15T00:00:00+00:00,1.6912573572417489,10038.63315428351,9850.71013028351,0.0,9850.71013028351,17.169440596292393,21.463713687219,187.923024,1,0
1752624000,2025-07-16T00:00:00+00:00,1.689120907491537,10038.85131428351,9850.71013028351,0.0,9850.71013028351,17.387600596292383,21.463713687219,188.14118399999998,1,0
1752710400,2025-07-17T00:00:00+00:00,1.6392081002022052,10043.94807728351,9850.71013028351,0.0,9850.71013028351,22.484363596292397,21.463713687219,193.237947,1,0
1752796800,2025-07-18T00:00:00+00:00,1.6070545314615048,10047.23138528351,9850.71013028351,0.0,9850.71013028351,25.767671596292388,21.463713687219,196.521255,1,0
1752883200,2025-07-19T00:00:00+00:00,1.5822984199809098,10049.75931428351,9850.71013028351,0.0,9850.71013028351,28.29560059629238,21.463713687219,199.049184,1,0
1752969600,2025-07-20T00:00:00+00:00,1.573538976005029,10050.653770283512,9850.71013028351,0.0,9850.71013028351,29.190056596292404,21.463713687219,199.94364000000002,1,0
1753056000,2025-07-21T00:00:00+00:00,1.5104602971300007,10057.094944283512,9850.71013028351,0.0,9850.71013028351,35.631230596292404,21.463713687219,206.384814,1,0
1753142400,2025-07-22T00:00:00+00:00,1.485357012565014,10059.658324283511,9850.71013028351,0.0,9850.71013028351,38.1946105962924,21.463713687219,208.948194,1,0
1753228800,2025-07-23T00:00:00+00:00,1.4307173102033222,10065.237766283512,9850.71013028351,0.0,9850.71013028351,43.77405259629238,21.463713687219,214.52763599999997,1,0
1753315200,2025-07-24T00:00:00+00:00,1.4057074049850016,10067.791611007398,10067.791611007398,0.0,10067.791611007398,0.0,67.79161100739802,0.0,0,0
1753401600,2025-07-25T00:00:00+00:00,1.4057074049850016,10067.791611007398,10067.791611007398,0.0,10067.791611007398,0.0,67.79161100739802,0.0,0,0
1753488000,2025-07-26T00:00:00+00:00,1.4057074049850016,10067.791611007398,10067.791611007398,0.0,10067.791611007398,0.0,67.79161100739802,0.0,0,0
1753574400,2025-07-27T00:00:00+00:00,1.4057074049850016,10067.791611007398,10067.791611007398,0.0,10067.791611007398,0.0,67.79161100739802,0.0,0,0
1753660800,2025-07-28T00:00:00+00:00,1.4057074049850016,10067.791611007398,10067.791611007398,0.0,10067.791611007398,0.0,67.79161100739802,0.0,0,0
1753747200,2025-07-29T00:00:00+00:00,1.4057074049850016,10067.791611007398,10067.791611007398,0.0,10067.791611007398,0.0,67.79161100739802,0.0,0,0
1753833600,2025-07-30T00:00:00+00:00,1.4057074049850016,10067.791611007398,10067.791611007398,0.0,10067.791611007398,0.0,67.79161100739802,0.0,0,0
1753920000,2025-07-31T00:00:00+00:00,1.4057074049850016,10067.791611007398,10067.791611007398,0.0,10067.791611007398,0.0,67.79161100739802,0.0,0,0
1754006400,2025-08-01T00:00:00+00:00,1.4057074049850016,10067.791611007398,10067.791611007398,0.0,10067.791611007398,0.0,67.79161100739802,0.0,0,0
1754092800,2025-08-02T00:00:00+00:00,1.4057074049850016,10067.791611007398,10067.791611007398,0.0,10067.791611007398,0.0,67.79161100739802,0.0,0,0
1754179200,2025-08-03T00:00:00+00:00,1.4057074049850016,10067.791611007398,10067.791611007398,0.0,10067.791611007398,0.0,67.79161100739802,0.0,0,0
1754265600,2025-08-04T00:00:00+00:00,1.4057074049850016,10067.791611007398,10067.791611007398,0.0,10067.791611007398,0.0,67.79161100739802,0.0,0,0
1754352000,2025-08-05T00:00:00+00:00,1.4057074049850016,10067.791611007398,10067.791611007398,0.0,10067.791611007398,0.0,67.79161100739802,0.0,0,0
1754438400,2025-08-06T00:00:00+00:00,1.4057074049850016,10067.791611007398,10067.791611007398,0.0,10067.791611007398,0.0,67.79161100739802,0.0,0,0
1754524800,2025-08-07T00:00:00+00:00,1.4057074049850016,10067.791611007398,10067.791611007398,0.0,10067.791611007398,0.0,67.79161100739802,0.0,0,0
1754611200,2025-08-08T00:00:00+00:00,1.4057074049850016,10067.791611007398,10067.791611007398,0.0,10067.791611007398,0.0,67.79161100739802,0.0,0,0
1754697600,2025-08-09T00:00:00+00:00,1.4057074049850016,10067.791611007398,10067.791611007398,0.0,10067.791611007398,0.0,67.79161100739802,0.0,0,0
1754784000,2025-08-10T00:00:00+00:00,1.4057074049850016,10067.791611007398,10067.791611007398,0.0,10067.791611007398,0.0,67.79161100739802,0.0,0,0
1754870400,2025-08-11T00:00:00+00:00,1.4057074049850016,10067.791611007398,10067.791611007398,0.0,10067.791611007398,0.0,67.79161100739802,0.0,0,0
1754956800,2025-08-12T00:00:00+00:00,1.4057074049850016,10067.791611007398,10067.791611007398,0.0,10067.791611007398,0.0,67.79161100739802,0.0,0,0
1755043200,2025-08-13T00:00:00+00:00,1.4057074049850016,10067.791611007398,10067.791611007398,0.0,10067.791611007398,0.0,67.79161100739802,0.0,0,0
1755129600,2025-08-14T00:00:00+00:00,1.4057074049850016,10067.791611007398,10067.791611007398,0.0,10067.791611007398,0.0,67.79161100739802,0.0,0,0
1755216000,2025-08-15T00:00:00+00:00,1.4057074049850016,10067.791611007398,10067.791611007398,0.0,10067.791611007398,0.0,67.79161100739802,0.0,0,0
1755302400,2025-08-16T00:00:00+00:00,1.413343640873721,10067.011849526316,9644.580469526316,0.0,9644.580469526316,-0.35655033960000143,67.36839986591694,422.43138,1,0
1755388800,2025-08-17T00:00:00+00:00,1.4119824473942555,10067.150845526316,9644.580469526316,0.0,9644.580469526316,-0.21755433959999937,67.36839986591694,422.570376,1,0
1755475200,2025-08-18T00:00:00+00:00,1.4111239894500582,10067.238505526317,9644.580469526316,0.0,9644.580469526316,-0.1298943396000308,67.36839986591694,422.658036,1,0
1755561600,2025-08-19T00:00:00+00:00,1.4526529060797766,10062.997849526317,9644.580469526316,0.0,9644.580469526316,-4.370550339600001,67.36839986591694,418.41738,1,0
1755648000,2025-08-20T00:00:00+00:00,1.5709018742594005,10050.923053526316,9644.580469526316,0.0,9644.580469526316,-16.445346339600004,67.36839986591694,406.342584,1,0
1755734400,2025-08-21T00:00:00+00:00,1.5216048827458306,10055.956933526317,9644.580469526316,0.0,9644.580469526316,-11.411466339599993,67.36839986591694,411.376464,1,0
1755820800,2025-08-22T00:00:00+00:00,1.5840498539598014,10049.580469526316,9644.580469526316,0.0,9644.580469526316,-17.78793033960001,67.36839986591694,405.0,1,0
1755907200,2025-08-23T00:00:00+00:00,1.4276592643979957,10065.550033526317,9644.580469526316,0.0,9644.580469526316,-1.818366339599993,67.36839986591694,420.969564,1,0
1755993600,2025-08-24T00:00:00+00:00,1.4804690587681968,10060.157449526316,9644.580469526316,0.0,9644.580469526316,-7.210950339600001,67.36839986591694,415.57698,1,0
1756080000,2025-08-25T00:00:00+00:00,1.6490320460949004,10042.94492144718,10042.94492144718,0.0,10042.94492144718,0.0,42.94492144718094,0.0,0,0
1756166400,2025-08-26T00:00:00+00:00,1.6786859933822451,10039.916858119426,9775.595586119425,0.0,9775.595586119425,-2.760713992428053,42.67757211185318,264.321272,1,0
1756252800,2025-08-27T00:00:00+00:00,1.545923895634338,10053.473638119425,9775.595586119425,0.0,9775.595586119425,10.796066007571937,42.67757211185318,277.878052,1,0
1756339200,2025-08-28T00:00:00+00:00,1.6014775433085937,10047.800870119425,9775.595586119425,0.0,9775.595586119425,5.123298007571932,42.67757211185318,272.205284,1,0
1756425600,2025-08-29T00:00:00+00:00,1.598815794857411,10048.072670119425,9775.595586119425,0.0,9775.595586119425,5.395098007571932,42.67757211185318,272.477084,1,0
1756512000,2025-08-30T00:00:00+00:00,1.6881499878753203,10038.950458119425,9775.595586119425,0.0,9775.595586119425,-3.7271139924280527,42.67757211185318,263.354872,1,0
1756598400,2025-08-31T00:00:00+00:00,1.6801529125286763,10039.767066119426,9775.595586119425,0.0,9775.595586119425,-2.9105059924280816,42.67757211185318,264.17148,1,0
1756684800,2025-09-01T00:00:00+00:00,1.6694290237687426,10040.862118119425,9775.595586119425,0.0,9775.595586119425,-1.8154539924280748,42.67757211185318,265.266532,1,0
1756771200,2025-09-02T00:00:00+00:00,1.7151696921529846,10036.191386119426,9775.595586119425,0.0,9775.595586119425,-6.48618599242807,42.67757211185318,260.5958,1,0
1756857600,2025-09-03T00:00:00+00:00,1.7080716962831977,10036.916186119426,9775.595586119425,0.0,9775.595586119425,-5.76138599242807,42.67757211185318,261.3206,1,0
1756944000,2025-09-04T00:00:00+00:00,1.634749398948232,10044.403370119426,9775.595586119425,0.0,9775.595586119425,1.725798007571932,42.67757211185318,268.807784,1,0
1757030400,2025-09-05T00:00:00+00:00,1.7251956113190636,10035.167606119427,9775.595586119425,0.0,9775.595586119425,-7.50996599242806,42.67757211185318,259.57202,1,0
1757116800,2025-09-06T00:00:00+00:00,1.7193397647264907,10035.765566119426,9775.595586119425,0.0,9775.595586119425,-6.912005992428082,42.67757211185318,260.16998,1,0
1757203200,2025-09-07T00:00:00+00:00,1.7396341179175545,10033.693242119425,9775.595586119425,0.0,9775.595586119425,-8.984329992428052,42.67757211185318,258.09765600000003,1,0
1757289600,2025-09-08T00:00:00+00:00,1.7200850542928192,10035.689462119426,9775.595586119425,0.0,9775.595586119425,-6.988109992428095,42.67757211185318,260.09387599999997,1,0
1757376000,2025-09-09T00:00:00+00:00,1.7199785843547866,10035.700334119425,9775.595586119425,0.0,9775.595586119425,-6.977237992428077,42.67757211185318,260.10474800000003,1,0
1757462400,2025-09-10T00:00:00+00:00,1.7177782056351454,10035.925022119425,9775.595586119425,0.0,9775.595586119425,-6.752549992428062,42.67757211185318,260.32943600000004,1,0
1757548800,2025-09-11T00:00:00+00:00,1.6945736741374784,10038.294514119425,9775.595586119425,0.0,9775.595586119425,-4.383057992428088,42.67757211185318,262.69892799999997,1,0
1757635200,2025-09-12T00:00:00+00:00,1.6298044618256124,10044.908314119426,9775.595586119425,0.0,9775.595586119425,2.230742007571912,42.67757211185318,269.312728,1,0
1757721600,2025-09-13T00:00:00+00:00,1.4799539390211724,10060.210050119425,9775.595586119425,0.0,9775.595586119425,17.53247800757192,42.67757211185318,284.614464,1,0
1757808000,2025-09-14T00:00:00+00:00,1.5069440683160518,10057.453998119427,9775.595586119425,0.0,9775.595586119425,14.776426007571915,42.67757211185318,281.858412,1,0
1757894400,2025-09-15T00:00:00+00:00,1.54364070696289,10053.706782119425,9775.595586119425,0.0,9775.595586119425,11.029210007571917,42.67757211185318,278.111196,1,0
1757980800,2025-09-16T00:00:00+00:00,1.591404304170041,10048.829482119425,9775.595586119425,0.0,9775.595586119425,6.151910007571916,42.67757211185318,273.233896,1,0
1758067200,2025-09-17T00:00:00+00:00,1.6046834714430913,10047.473502119426,9775.595586119425,0.0,9775.595586119425,4.795930007571927,42.67757211185318,271.877916,1,0
1758153600,2025-09-18T00:00:00+00:00,1.551898042158073,10052.863598119426,9775.595586119425,0.0,9775.595586119425,10.186026007571915,42.67757211185318,277.268012,1,0
1758240000,2025-09-19T00:00:00+00:00,1.5535956461702694,10052.690250119425,9775.595586119425,0.0,9775.595586119425,10.012678007571921,42.67757211185318,277.094664,1,0
1758326400,2025-09-20T00:00:00+00:00,1.6240255101882872,10045.498422119426,9775.595586119425,0.0,9775.595586119425,2.8208500075719387,42.67757211185318,269.90283600000004,1,0
1758412800,2025-09-21T00:00:00+00:00,1.6170280692599848,10046.212954119426,9775.595586119425,0.0,9775.595586119425,3.5353820075719344,42.67757211185318,270.617368,1,0
1758499200,2025-09-22T00:00:00+00:00,1.6379967320586664,10044.071774119426,9775.595586119425,0.0,9775.595586119425,1.394202007571945,42.67757211185318,268.47618800000004,1,0
1758585600,2025-09-23T00:00:00+00:00,1.783440582427287,10029.220018119426,9775.595586119425,0.0,9775.595586119425,-13.457553992428075,42.67757211185318,253.624432,1,0
1758672000,2025-09-24T00:00:00+00:00,1.8040366004428043,10027.116890119425,9775.595586119425,0.0,9775.595586119425,-15.560681992428059,42.67757211185318,251.52130400000001,1,0
1758758400,2025-09-25T00:00:00+00:00,1.8108092715018898,10026.425310119426,9775.595586119425,0.0,9775.595586119425,-16.252261992428046,42.67757211185318,250.82972400000003,1,0
1758844800,2025-09-26T00:00:00+00:00,1.8928112431737643,10018.051815662953,10018.051815662953,0.0,10018.051815662953,0.0,18.051815662953135,0.0,0,0
1758931200,2025-09-27T00:00:00+00:00,1.8928112431737643,10018.051815662953,10018.051815662953,0.0,10018.051815662953,0.0,18.051815662953135,0.0,0,0
1759017600,2025-09-28T00:00:00+00:00,1.8928112431737643,10018.051815662953,10018.051815662953,0.0,10018.051815662953,0.0,18.051815662953135,0.0,0,0
1759104000,2025-09-29T00:00:00+00:00,1.8928112431737643,10018.051815662953,10018.051815662953,0.0,10018.051815662953,0.0,18.051815662953135,0.0,0,0
1759190400,2025-09-30T00:00:00+00:00,1.8928112431737643,10018.051815662953,10018.051815662953,0.0,10018.051815662953,0.0,18.051815662953135,0.0,0,0
1759276800,2025-10-01T00:00:00+00:00,1.8928112431737643,10018.051815662953,10018.051815662953,0.0,10018.051815662953,0.0,18.051815662953135,0.0,0,0
1759363200,2025-10-02T00:00:00+00:00,1.8928112431737643,10018.051815662953,10018.051815662953,0.0,10018.051815662953,0.0,18.051815662953135,0.0,0,0
1759449600,2025-10-03T00:00:00+00:00,1.8928112431737643,10018.051815662953,10018.051815662953,0.0,10018.051815662953,0.0,18.051815662953135,0.0,0,0
1759536000,2025-10-04T00:00:00+00:00,1.8928112431737643,10018.051815662953,10018.051815662953,0.0,10018.051815662953,0.0,18.051815662953135,0.0,0,0
1759622400,2025-10-05T00:00:00+00:00,1.8928112431737643,10018.051815662953,10018.051815662953,0.0,10018.051815662953,0.0,18.051815662953135,0.0,0,0
1759708800,2025-10-06T00:00:00+00:00,1.8928112431737643,10018.051815662953,10018.051815662953,0.0,10018.051815662953,0.0,18.051815662953135,0.0,0,0
1759795200,2025-10-07T00:00:00+00:00,1.8928112431737643,10018.051815662953,10018.051815662953,0.0,10018.051815662953,0.0,18.051815662953135,0.0,0,0
1759881600,2025-10-08T00:00:00+00:00,1.8928112431737643,10018.051815662953,10018.051815662953,0.0,10018.051815662953,0.0,18.051815662953135,0.0,0,0
1759968000,2025-10-09T00:00:00+00:00,1.8928112431737643,10018.051815662953,10018.051815662953,0.0,10018.051815662953,0.0,18.051815662953135,0.0,0,0
1760054400,2025-10-10T00:00:00+00:00,1.8928112431737643,10018.051815662953,10018.051815662953,0.0,10018.051815662953,0.0,18.051815662953135,0.0,0,0
1760140800,2025-10-11T00:00:00+00:00,1.8928112431737643,10018.051815662953,10018.051815662953,0.0,10018.051815662953,0.0,18.051815662953135,0.0,0,0
1760227200,2025-10-12T00:00:00+00:00,1.8928112431737643,10018.051815662953,10018.051815662953,0.0,10018.051815662953,0.0,18.051815662953135,0.0,0,0
1760313600,2025-10-13T00:00:00+00:00,1.8928112431737643,10018.051815662953,10018.051815662953,0.0,10018.051815662953,0.0,18.051815662953135,0.0,0,0
1760400000,2025-10-14T00:00:00+00:00,1.8928112431737643,10018.051815662953,10018.051815662953,0.0,10018.051815662953,0.0,18.051815662953135,0.0,0,0
1760486400,2025-10-15T00:00:00+00:00,1.8928112431737643,10018.051815662953,10018.051815662953,0.0,10018.051815662953,0.0,18.051815662953135,0.0,0,0
1760572800,2025-10-16T00:00:00+00:00,1.8928112431737643,10018.051815662953,10018.051815662953,0.0,10018.051815662953,0.0,18.051815662953135,0.0,0,0
1760659200,2025-10-17T00:00:00+00:00,1.8928112431737643,10018.051815662953,10018.051815662953,0.0,10018.051815662953,0.0,18.051815662953135,0.0,0,0
1760745600,2025-10-18T00:00:00+00:00,1.8928112431737643,10018.051815662953,10018.051815662953,0.0,10018.051815662953,0.0,18.051815662953135,0.0,0,0
1760832000,2025-10-19T00:00:00+00:00,1.8928112431737643,10018.051815662953,10018.051815662953,0.0,10018.051815662953,0.0,18.051815662953135,0.0,0,0
1760918400,2025-10-20T00:00:00+00:00,1.8928112431737643,10018.051815662953,10018.051815662953,0.0,10018.051815662953,0.0,18.051815662953135,0.0,0,0
1761004800,2025-10-21T00:00:00+00:00,1.8928112431737643,10018.051815662953,10018.051815662953,0.0,10018.051815662953,0.0,18.051815662953135,0.0,0,0
1761091200,2025-10-22T00:00:00+00:00,1.8928112431737643,10018.051815662953,10018.051815662953,0.0,10018.051815662953,0.0,18.051815662953135,0.0,0,0
1761177600,2025-10-23T00:00:00+00:00,1.8928112431737643,10018.051815662953,10018.051815662953,0.0,10018.051815662953,0.0,18.051815662953135,0.0,0,0
1761264000,2025-10-24T00:00:00+00:00,1.8928112431737643,10018.051815662953,10018.051815662953,0.0,10018.051815662953,0.0,18.051815662953135,0.0,0,0
1761350400,2025-10-25T00:00:00+00:00,1.8928112431737643,10018.051815662953,10018.051815662953,0.0,10018.051815662953,0.0,18.051815662953135,0.0,0,0
1761436800,2025-10-26T00:00:00+00:00,1.8928112431737643,10018.051815662953,10018.051815662953,0.0,10018.051815662953,0.0,18.051815662953135,0.0,0,0
1761523200,2025-10-27T00:00:00+00:00,1.8928112431737643,10018.051815662953,10018.051815662953,0.0,10018.051815662953,0.0,18.051815662953135,0.0,0,0
1761609600,2025-10-28T00:00:00+00:00,1.8928112431737643,10018.051815662953,10018.051815662953,0.0,10018.051815662953,0.0,18.051815662953135,0.0,0,0
1761696000,2025-10-29T00:00:00+00:00,1.8928112431737643,10018.051815662953,10018.051815662953,0.0,10018.051815662953,0.0,18.051815662953135,0.0,0,0
1761782400,2025-10-30T00:00:00+00:00,1.8928112431737643,10018.051815662953,10018.051815662953,0.0,10018.051815662953,0.0,18.051815662953135,0.0,0,0
1761868800,2025-10-31T00:00:00+00:00,1.8928112431737643,10018.051815662953,10018.051815662953,0.0,10018.051815662953,0.0,18.051815662953135,0.0,0,0
1761955200,2025-11-01T00:00:00+00:00,1.8928112431737643,10018.051815662953,10018.051815662953,0.0,10018.051815662953,0.0,18.051815662953135,0.0,0,0
1762041600,2025-11-02T00:00:00+00:00,1.8928112431737643,10018.051815662953,10018.051815662953,0.0,10018.051815662953,0.0,18.051815662953135,0.0,0,0
1762128000,2025-11-03T00:00:00+00:00,1.8928112431737643,10018.051815662953,10018.051815662953,0.0,10018.051815662953,0.0,18.051815662953135,0.0,0,0
1762214400,2025-11-04T00:00:00+00:00,1.8928112431737643,10018.051815662953,10018.051815662953,0.0,10018.051815662953,0.0,18.051815662953135,0.0,0,0
1762300800,2025-11-05T00:00:00+00:00,1.8928112431737643,10018.051815662953,10018.051815662953,0.0,10018.051815662953,0.0,18.051815662953135,0.0,0,0
1762387200,2025-11-06T00:00:00+00:00,1.8928112431737643,10018.051815662953,10018.051815662953,0.0,10018.051815662953,0.0,18.051815662953135,0.0,0,0
1762473600,2025-11-07T00:00:00+00:00,1.8928112431737643,10018.051815662953,10018.051815662953,0.0,10018.051815662953,0.0,18.051815662953135,0.0,0,0
1762560000,2025-11-08T00:00:00+00:00,1.8928112431737643,10018.051815662953,10018.051815662953,0.0,10018.051815662953,0.0,18.051815662953135,0.0,0,0
1762646400,2025-11-09T00:00:00+00:00,1.8928112431737643,10018.051815662953,10018.051815662953,0.0,10018.051815662953,0.0,18.051815662953135,0.0,0,0
1762732800,2025-11-10T00:00:00+00:00,1.8928112431737643,10018.051815662953,10018.051815662953,0.0,10018.051815662953,0.0,18.051815662953135,0.0,0,0
1762819200,2025-11-11T00:00:00+00:00,1.8928112431737643,10018.051815662953,10018.051815662953,0.0,10018.051815662953,0.0,18.051815662953135,0.0,0,0
1762905600,2025-11-12T00:00:00+00:00,1.8928112431737643,10018.051815662953,10018.051815662953,0.0,10018.051815662953,0.0,18.051815662953135,0.0,0,0
1762992000,2025-11-13T00:00:00+00:00,1.8928112431737643,10018.051815662953,10018.051815662953,0.0,10018.051815662953,0.0,18.051815662953135,0.0,0,0
1763078400,2025-11-14T00:00:00+00:00,1.8928112431737643,10018.051815662953,10018.051815662953,0.0,10018.051815662953,0.0,18.051815662953135,0.0,0,0
1763164800,2025-11-15T00:00:00+00:00,1.8928112431737643,10018.051815662953,10018.051815662953,0.0,10018.051815662953,0.0,18.051815662953135,0.0,0,0
1763251200,2025-11-16T00:00:00+00:00,1.8928112431737643,10018.051815662953,10018.051815662953,0.0,10018.051815662953,0.0,18.051815662953135,0.0,0,0
1763337600,2025-11-17T00:00:00+00:00,1.8928112431737643,10018.051815662953,10018.051815662953,0.0,10018.051815662953,0.0,18.051815662953135,0.0,0,0
1763424000,2025-11-18T00:00:00+00:00,1.8928112431737643,10018.051815662953,10018.051815662953,0.0,10018.051815662953,0.0,18.051815662953135,0.0,0,0
1763510400,2025-11-19T00:00:00+00:00,1.8928112431737643,10018.051815662953,10018.051815662953,0.0,10018.051815662953,0.0,18.051815662953135,0.0,0,0
1763596800,2025-11-20T00:00:00+00:00,1.8928112431737643,10018.051815662953,10018.051815662953,0.0,10018.051815662953,0.0,18.051815662953135,0.0,0,0
1763683200,2025-11-21T00:00:00+00:00,1.8928112431737643,10018.051815662953,10018.051815662953,0.0,10018.051815662953,0.0,18.051815662953135,0.0,0,0
1763769600,2025-11-22T00:00:00+00:00,1.8928112431737643,10018.051815662953,10018.051815662953,0.0,10018.051815662953,0.0,18.051815662953135,0.0,0,0
1763856000,2025-11-23T00:00:00+00:00,1.8928112431737643,10018.051815662953,10018.051815662953,0.0,10018.051815662953,0.0,18.051815662953135,0.0,0,0
1763942400,2025-11-24T00:00:00+00:00,1.8928112431737643,10018.051815662953,10018.051815662953,0.0,10018.051815662953,0.0,18.051815662953135,0.0,0,0
1764028800,2025-11-25T00:00:00+00:00,1.8928112431737643,10018.051815662953,10018.051815662953,0.0,10018.051815662953,0.0,18.051815662953135,0.0,0,0
1764115200,2025-11-26T00:00:00+00:00,1.8928112431737643,10018.051815662953,10018.051815662953,0.0,10018.051815662953,0.0,18.051815662953135,0.0,0,0
1764201600,2025-11-27T00:00:00+00:00,1.8928112431737643,10018.051815662953,10018.051815662953,0.0,10018.051815662953,0.0,18.051815662953135,0.0,0,0
1764288000,2025-11-28T00:00:00+00:00,1.8928112431737643,10018.051815662953,10018.051815662953,0.0,10018.051815662953,0.0,18.051815662953135,0.0,0,0
1764374400,2025-11-29T00:00:00+00:00,1.8928112431737643,10018.051815662953,10018.051815662953,0.0,10018.051815662953,0.0,18.051815662953135,0.0,0,0
1764460800,2025-11-30T00:00:00+00:00,1.8928112431737643,10018.051815662953,10018.051815662953,0.0,10018.051815662953,0.0,18.051815662953135,0.0,0,0
1764547200,2025-12-01T00:00:00+00:00,1.8928112431737643,10018.051815662953,10018.051815662953,0.0,10018.051815662953,0.0,18.051815662953135,0.0,0,0
1764633600,2025-12-02T00:00:00+00:00,1.8928112431737643,10018.051815662953,10018.051815662953,0.0,10018.051815662953,0.0,18.051815662953135,0.0,0,0
1764720000,2025-12-03T00:00:00+00:00,1.8928112431737643,10018.051815662953,10018.051815662953,0.0,10018.051815662953,0.0,18.051815662953135,0.0,0,0
1764806400,2025-12-04T00:00:00+00:00,1.8928112431737643,10018.051815662953,10018.051815662953,0.0,10018.051815662953,0.0,18.051815662953135,0.0,0,0
1764892800,2025-12-05T00:00:00+00:00,1.8928112431737643,10018.051815662953,10018.051815662953,0.0,10018.051815662953,0.0,18.051815662953135,0.0,0,0
1764979200,2025-12-06T00:00:00+00:00,1.8928112431737643,10018.051815662953,10018.051815662953,0.0,10018.051815662953,0.0,18.051815662953135,0.0,0,0
1765065600,2025-12-07T00:00:00+00:00,1.8928112431737643,10018.051815662953,10018.051815662953,0.0,10018.051815662953,0.0,18.051815662953135,0.0,0,0
1765152000,2025-12-08T00:00:00+00:00,1.8928112431737643,10018.051815662953,10018.051815662953,0.0,10018.051815662953,0.0,18.051815662953135,0.0,0,0
1765238400,2025-12-09T00:00:00+00:00,1.8928112431737643,10018.051815662953,10018.051815662953,0.0,10018.051815662953,0.0,18.051815662953135,0.0,0,0
1765324800,2025-12-10T00:00:00+00:00,1.8928112431737643,10018.051815662953,10018.051815662953,0.0,10018.051815662953,0.0,18.051815662953135,0.0,0,0
1765411200,2025-12-11T00:00:00+00:00,1.8928112431737643,10018.051815662953,10018.051815662953,0.0,10018.051815662953,0.0,18.051815662953135,0.0,0,0
1765497600,2025-12-12T00:00:00+00:00,1.8928112431737643,10018.051815662953,10018.051815662953,0.0,10018.051815662953,0.0,18.051815662953135,0.0,0,0
1765584000,2025-12-13T00:00:00+00:00,1.8928112431737643,10018.051815662953,10018.051815662953,0.0,10018.051815662953,0.0,18.051815662953135,0.0,0,0
1765670400,2025-12-14T00:00:00+00:00,1.8928112431737643,10018.051815662953,10018.051815662953,0.0,10018.051815662953,0.0,18.051815662953135,0.0,0,0
1765756800,2025-12-15T00:00:00+00:00,1.8928112431737643,10018.051815662953,10018.051815662953,0.0,10018.051815662953,0.0,18.051815662953135,0.0,0,0
1765843200,2025-12-16T00:00:00+00:00,1.8928112431737643,10018.051815662953,10018.051815662953,0.0,10018.051815662953,0.0,18.051815662953135,0.0,0,0
1765929600,2025-12-17T00:00:00+00:00,1.8928112431737643,10018.051815662953,10018.051815662953,0.0,10018.051815662953,0.0,18.051815662953135,0.0,0,0
1766016000,2025-12-18T00:00:00+00:00,1.8928112431737643,10018.051815662953,10018.051815662953,0.0,10018.051815662953,0.0,18.051815662953135,0.0,0,0
1766102400,2025-12-19T00:00:00+00:00,1.8928112431737643,10018.051815662953,10018.051815662953,0.0,10018.051815662953,0.0,18.051815662953135,0.0,0,0
1766188800,2025-12-20T00:00:00+00:00,1.8928112431737643,10018.051815662953,10018.051815662953,0.0,10018.051815662953,0.0,18.051815662953135,0.0,0,0
1766275200,2025-12-21T00:00:00+00:00,1.8928112431737643,10018.051815662953,10018.051815662953,0.0,10018.051815662953,0.0,18.051815662953135,0.0,0,0
1766361600,2025-12-22T00:00:00+00:00,1.8928112431737643,10018.051815662953,10018.051815662953,0.0,10018.051815662953,0.0,18.051815662953135,0.0,0,0
1766448000,2025-12-23T00:00:00+00:00,1.8928112431737643,10018.051815662953,10018.051815662953,0.0,10018.051815662953,0.0,18.051815662953135,0.0,0,0
1766534400,2025-12-24T00:00:00+00:00,1.8928112431737643,10018.051815662953,10018.051815662953,0.0,10018.051815662953,0.0,18.051815662953135,0.0,0,0
1766620800,2025-12-25T00:00:00+00:00,1.8928112431737643,10018.051815662953,10018.051815662953,0.0,10018.051815662953,0.0,18.051815662953135,0.0,0,0
1766707200,2025-12-26T00:00:00+00:00,1.8928112431737643,10018.051815662953,10018.051815662953,0.0,10018.051815662953,0.0,18.051815662953135,0.0,0,0
1766793600,2025-12-27T00:00:00+00:00,1.8928112431737643,10018.051815662953,10018.051815662953,0.0,10018.051815662953,0.0,18.051815662953135,0.0,0,0
1766880000,2025-12-28T00:00:00+00:00,1.8928112431737643,10018.051815662953,10018.051815662953,0.0,10018.051815662953,0.0,18.051815662953135,0.0,0,0
1766966400,2025-12-29T00:00:00+00:00,1.8928112431737643,10018.051815662953,10018.051815662953,0.0,10018.051815662953,0.0,18.051815662953135,0.0,0,0
1767052800,2025-12-30T00:00:00+00:00,1.8928112431737643,10018.051815662953,10018.051815662953,0.0,10018.051815662953,0.0,18.051815662953135,0.0,0,0
1767139200,2025-12-31T00:00:00+00:00,1.8928112431737643,10018.051815662953,10018.051815662953,0.0,10018.051815662953,0.0,18.051815662953135,0.0,0,0
1767225600,2026-01-01T00:00:00+00:00,1.8928112431737643,10018.051815662953,10018.051815662953,0.0,10018.051815662953,0.0,18.051815662953135,0.0,0,0
1767312000,2026-01-02T00:00:00+00:00,1.8928112431737643,10018.051815662953,10018.051815662953,0.0,10018.051815662953,0.0,18.051815662953135,0.0,0,0
1767398400,2026-01-03T00:00:00+00:00,1.8928112431737643,10018.051815662953,10018.051815662953,0.0,10018.051815662953,0.0,18.051815662953135,0.0,0,0
1767484800,2026-01-04T00:00:00+00:00,1.8928112431737643,10018.051815662953,10018.051815662953,0.0,10018.051815662953,0.0,18.051815662953135,0.0,0,0
1767571200,2026-01-05T00:00:00+00:00,1.8928112431737643,10018.051815662953,10018.051815662953,0.0,10018.051815662953,0.0,18.051815662953135,0.0,0,0
1767657600,2026-01-06T00:00:00+00:00,1.8928112431737643,10018.051815662953,10018.051815662953,0.0,10018.051815662953,0.0,18.051815662953135,0.0,0,0
1767744000,2026-01-07T00:00:00+00:00,1.8928112431737643,10018.051815662953,10018.051815662953,0.0,10018.051815662953,0.0,18.051815662953135,0.0,0,0
1767830400,2026-01-08T00:00:00+00:00,1.8928112431737643,10018.051815662953,10018.051815662953,0.0,10018.051815662953,0.0,18.051815662953135,0.0,0,0
1767916800,2026-01-09T00:00:00+00:00,1.8928112431737643,10018.051815662953,10018.051815662953,0.0,10018.051815662953,0.0,18.051815662953135,0.0,0,0
1768003200,2026-01-10T00:00:00+00:00,1.8928112431737643,10018.051815662953,10018.051815662953,0.0,10018.051815662953,0.0,18.051815662953135,0.0,0,0
1768089600,2026-01-11T00:00:00+00:00,1.8928112431737643,10018.051815662953,10018.051815662953,0.0,10018.051815662953,0.0,18.051815662953135,0.0,0,0
1768176000,2026-01-12T00:00:00+00:00,1.8928112431737643,10018.051815662953,10018.051815662953,0.0,10018.051815662953,0.0,18.051815662953135,0.0,0,0
1768262400,2026-01-13T00:00:00+00:00,1.8928112431737643,10018.051815662953,10018.051815662953,0.0,10018.051815662953,0.0,18.051815662953135,0.0,0,0
1768348800,2026-01-14T00:00:00+00:00,1.8928112431737643,10018.051815662953,10018.051815662953,0.0,10018.051815662953,0.0,18.051815662953135,0.0,0,0
1768435200,2026-01-15T00:00:00+00:00,1.8928112431737643,10018.051815662953,10018.051815662953,0.0,10018.051815662953,0.0,18.051815662953135,0.0,0,0
1768521600,2026-01-16T00:00:00+00:00,1.8928112431737643,10018.051815662953,10018.051815662953,0.0,10018.051815662953,0.0,18.051815662953135,0.0,0,0
1768608000,2026-01-17T00:00:00+00:00,1.8928112431737643,10018.051815662953,10018.051815662953,0.0,10018.051815662953,0.0,18.051815662953135,0.0,0,0
1768694400,2026-01-18T00:00:00+00:00,1.8928112431737643,10018.051815662953,10018.051815662953,0.0,10018.051815662953,0.0,18.051815662953135,0.0,0,0
1768780800,2026-01-19T00:00:00+00:00,1.8928112431737643,10018.051815662953,10018.051815662953,0.0,10018.051815662953,0.0,18.051815662953135,0.0,0,0
1768867200,2026-01-20T00:00:00+00:00,1.8928112431737643,10018.051815662953,10018.051815662953,0.0,10018.051815662953,0.0,18.051815662953135,0.0,0,0
1768953600,2026-01-21T00:00:00+00:00,1.8928112431737643,10018.051815662953,10018.051815662953,0.0,10018.051815662953,0.0,18.051815662953135,0.0,0,0
1769040000,2026-01-22T00:00:00+00:00,1.8928112431737643,10018.051815662953,10018.051815662953,0.0,10018.051815662953,0.0,18.051815662953135,0.0,0,0
1769126400,2026-01-23T00:00:00+00:00,1.8928112431737643,10018.051815662953,10018.051815662953,0.0,10018.051815662953,0.0,18.051815662953135,0.0,0,0
1769212800,2026-01-24T00:00:00+00:00,1.8928112431737643,10018.051815662953,10018.051815662953,0.0,10018.051815662953,0.0,18.051815662953135,0.0,0,0
1769299200,2026-01-25T00:00:00+00:00,1.8928112431737643,10018.051815662953,10018.051815662953,0.0,10018.051815662953,0.0,18.051815662953135,0.0,0,0
1769385600,2026-01-26T00:00:00+00:00,1.8928112431737643,10018.051815662953,10018.051815662953,0.0,10018.051815662953,0.0,18.051815662953135,0.0,0,0
1769472000,2026-01-27T00:00:00+00:00,1.8928112431737643,10018.051815662953,10018.051815662953,0.0,10018.051815662953,0.0,18.051815662953135,0.0,0,0
1769558400,2026-01-28T00:00:00+00:00,1.8928112431737643,10018.051815662953,10018.051815662953,0.0,10018.051815662953,0.0,18.051815662953135,0.0,0,0
1769644800,2026-01-29T00:00:00+00:00,1.8928112431737643,10018.051815662953,10018.051815662953,0.0,10018.051815662953,0.0,18.051815662953135,0.0,0,0
1769731200,2026-01-30T00:00:00+00:00,1.8928112431737643,10018.051815662953,10018.051815662953,0.0,10018.051815662953,0.0,18.051815662953135,0.0,0,0
1769817600,2026-01-31T00:00:00+00:00,1.8928112431737643,10018.051815662953,10018.051815662953,0.0,10018.051815662953,0.0,18.051815662953135,0.0,0,0
1769904000,2026-02-01T00:00:00+00:00,1.8928112431737643,10018.051815662953,10018.051815662953,0.0,10018.051815662953,0.0,18.051815662953135,0.0,0,0
1769990400,2026-02-02T00:00:00+00:00,1.8928112431737643,10018.051815662953,10018.051815662953,0.0,10018.051815662953,0.0,18.051815662953135,0.0,0,0
1770076800,2026-02-03T00:00:00+00:00,1.8928112431737643,10018.051815662953,10018.051815662953,0.0,10018.051815662953,0.0,18.051815662953135,0.0,0,0
1770163200,2026-02-04T00:00:00+00:00,1.8928112431737643,10018.051815662953,10018.051815662953,0.0,10018.051815662953,0.0,18.051815662953135,0.0,0,0
1770249600,2026-02-05T00:00:00+00:00,1.8928112431737643,10018.051815662953,10018.051815662953,0.0,10018.051815662953,0.0,18.051815662953135,0.0,0,0
1770336000,2026-02-06T00:00:00+00:00,1.8928112431737643,10018.051815662953,10018.051815662953,0.0,10018.051815662953,0.0,18.051815662953135,0.0,0,0
1770422400,2026-02-07T00:00:00+00:00,1.8928112431737643,10018.051815662953,10018.051815662953,0.0,10018.051815662953,0.0,18.051815662953135,0.0,0,0
1770508800,2026-02-08T00:00:00+00:00,1.8928112431737643,10018.051815662953,10018.051815662953,0.0,10018.051815662953,0.0,18.051815662953135,0.0,0,0
1770595200,2026-02-09T00:00:00+00:00,1.8928112431737643,10018.051815662953,10018.051815662953,0.0,10018.051815662953,0.0,18.051815662953135,0.0,0,0
1770681600,2026-02-10T00:00:00+00:00,1.8928112431737643,10018.051815662953,10018.051815662953,0.0,10018.051815662953,0.0,18.051815662953135,0.0,0,0
1770768000,2026-02-11T00:00:00+00:00,1.8928112431737643,10018.051815662953,10018.051815662953,0.0,10018.051815662953,0.0,18.051815662953135,0.0,0,0
1770854400,2026-02-12T00:00:00+00:00,1.8928112431737643,10018.051815662953,10018.051815662953,0.0,10018.051815662953,0.0,18.051815662953135,0.0,0,0
1770940800,2026-02-13T00:00:00+00:00,1.8928112431737643,10018.051815662953,10018.051815662953,0.0,10018.051815662953,0.0,18.051815662953135,0.0,0,0
1771027200,2026-02-14T00:00:00+00:00,1.8928112431737643,10018.051815662953,10018.051815662953,0.0,10018.051815662953,0.0,18.051815662953135,0.0,0,0
1771113600,2026-02-15T00:00:00+00:00,1.8928112431737643,10018.051815662953,10018.051815662953,0.0,10018.051815662953,0.0,18.051815662953135,0.0,0,0
1771200000,2026-02-16T00:00:00+00:00,1.8928112431737643,10018.051815662953,10018.051815662953,0.0,10018.051815662953,0.0,18.051815662953135,0.0,0,0
1771286400,2026-02-17T00:00:00+00:00,1.8928112431737643,10018.051815662953,10018.051815662953,0.0,10018.051815662953,0.0,18.051815662953135,0.0,0,0
1771372800,2026-02-18T00:00:00+00:00,1.8928112431737643,10018.051815662953,10018.051815662953,0.0,10018.051815662953,0.0,18.051815662953135,0.0,0,0
1771459200,2026-02-19T00:00:00+00:00,1.8928112431737643,10018.051815662953,10018.051815662953,0.0,10018.051815662953,0.0,18.051815662953135,0.0,0,0
1771545600,2026-02-20T00:00:00+00:00,1.8928112431737643,10018.051815662953,10018.051815662953,0.0,10018.051815662953,0.0,18.051815662953135,0.0,0,0
1771632000,2026-02-21T00:00:00+00:00,1.8928112431737643,10018.051815662953,10018.051815662953,0.0,10018.051815662953,0.0,18.051815662953135,0.0,0,0
1771718400,2026-02-22T00:00:00+00:00,1.8928112431737643,10018.051815662953,10018.051815662953,0.0,10018.051815662953,0.0,18.051815662953135,0.0,0,0
1771804800,2026-02-23T00:00:00+00:00,1.8928112431737643,10018.051815662953,10018.051815662953,0.0,10018.051815662953,0.0,18.051815662953135,0.0,0,0
1771891200,2026-02-24T00:00:00+00:00,1.8928112431737643,10018.051815662953,10018.051815662953,0.0,10018.051815662953,0.0,18.051815662953135,0.0,0,0
1771977600,2026-02-25T00:00:00+00:00,1.8928112431737643,10018.051815662953,10018.051815662953,0.0,10018.051815662953,0.0,18.051815662953135,0.0,0,0
1772064000,2026-02-26T00:00:00+00:00,1.8928112431737643,10018.051815662953,10018.051815662953,0.0,10018.051815662953,0.0,18.051815662953135,0.0,0,0
1772150400,2026-02-27T00:00:00+00:00,1.8928112431737643,10018.051815662953,10018.051815662953,0.0,10018.051815662953,0.0,18.051815662953135,0.0,0,0
1772236800,2026-02-28T00:00:00+00:00,1.8928112431737643,10018.051815662953,10018.051815662953,0.0,10018.051815662953,0.0,18.051815662953135,0.0,0,0
1772323200,2026-03-01T00:00:00+00:00,1.8928112431737643,10018.051815662953,10018.051815662953,0.0,10018.051815662953,0.0,18.051815662953135,0.0,0,0
1772409600,2026-03-02T00:00:00+00:00,1.8928112431737643,10018.051815662953,10018.051815662953,0.0,10018.051815662953,0.0,18.051815662953135,0.0,0,0
1772496000,2026-03-03T00:00:00+00:00,1.8928112431737643,10018.051815662953,10018.051815662953,0.0,10018.051815662953,0.0,18.051815662953135,0.0,0,0
1772582400,2026-03-04T00:00:00+00:00,1.8928112431737643,10018.051815662953,10018.051815662953,0.0,10018.051815662953,0.0,18.051815662953135,0.0,0,0
1772668800,2026-03-05T00:00:00+00:00,1.8928112431737643,10018.051815662953,10018.051815662953,0.0,10018.051815662953,0.0,18.051815662953135,0.0,0,0
1772755200,2026-03-06T00:00:00+00:00,1.8928112431737643,10018.051815662953,10018.051815662953,0.0,10018.051815662953,0.0,18.051815662953135,0.0,0,0
1772841600,2026-03-07T00:00:00+00:00,1.8928112431737643,10018.051815662953,10018.051815662953,0.0,10018.051815662953,0.0,18.051815662953135,0.0,0,0
1772928000,2026-03-08T00:00:00+00:00,1.8928112431737643,10018.051815662953,10018.051815662953,0.0,10018.051815662953,0.0,18.051815662953135,0.0,0,0
1773014400,2026-03-09T00:00:00+00:00,1.8928112431737643,10018.051815662953,10018.051815662953,0.0,10018.051815662953,0.0,18.051815662953135,0.0,0,0
1773100800,2026-03-10T00:00:00+00:00,1.8928112431737643,10018.051815662953,10018.051815662953,0.0,10018.051815662953,0.0,18.051815662953135,0.0,0,0
1773187200,2026-03-11T00:00:00+00:00,1.8928112431737643,10018.051815662953,10018.051815662953,0.0,10018.051815662953,0.0,18.051815662953135,0.0,0,0
1773273600,2026-03-12T00:00:00+00:00,1.8928112431737643,10018.051815662953,10018.051815662953,0.0,10018.051815662953,0.0,18.051815662953135,0.0,0,0
1773360000,2026-03-13T00:00:00+00:00,1.8928112431737643,10018.051815662953,10018.051815662953,0.0,10018.051815662953,0.0,18.051815662953135,0.0,0,0
1773446400,2026-03-14T00:00:00+00:00,1.8928112431737643,10018.051815662953,10018.051815662953,0.0,10018.051815662953,0.0,18.051815662953135,0.0,0,0
1773532800,2026-03-15T00:00:00+00:00,1.8928112431737643,10018.051815662953,10018.051815662953,0.0,10018.051815662953,0.0,18.051815662953135,0.0,0,0
1773619200,2026-03-16T00:00:00+00:00,1.8928112431737643,10018.051815662953,10018.051815662953,0.0,10018.051815662953,0.0,18.051815662953135,0.0,0,0
1773705600,2026-03-17T00:00:00+00:00,1.8928112431737643,10018.051815662953,10018.051815662953,0.0,10018.051815662953,0.0,18.051815662953135,0.0,0,0
1773792000,2026-03-18T00:00:00+00:00,1.8928112431737643,10018.051815662953,10018.051815662953,0.0,10018.051815662953,0.0,18.051815662953135,0.0,0,0
1773878400,2026-03-19T00:00:00+00:00,1.8928112431737643,10018.051815662953,10018.051815662953,0.0,10018.051815662953,0.0,18.051815662953135,0.0,0,0
1773964800,2026-03-20T00:00:00+00:00,1.8928112431737643,10018.051815662953,10018.051815662953,0.0,10018.051815662953,0.0,18.051815662953135,0.0,0,0
1774051200,2026-03-21T00:00:00+00:00,1.8928112431737643,10018.051815662953,10018.051815662953,0.0,10018.051815662953,0.0,18.051815662953135,0.0,0,0
1774137600,2026-03-22T00:00:00+00:00,1.8928112431737643,10018.051815662953,10018.051815662953,0.0,10018.051815662953,0.0,18.051815662953135,0.0,0,0
1774224000,2026-03-23T00:00:00+00:00,1.8928112431737643,10018.051815662953,10018.051815662953,0.0,10018.051815662953,0.0,18.051815662953135,0.0,0,0
1774310400,2026-03-24T00:00:00+00:00,1.8928112431737643,10018.051815662953,10018.051815662953,0.0,10018.051815662953,0.0,18.051815662953135,0.0,0,0
1774396800,2026-03-25T00:00:00+00:00,1.8928112431737643,10018.051815662953,10018.051815662953,0.0,10018.051815662953,0.0,18.051815662953135,0.0,0,0
1774483200,2026-03-26T00:00:00+00:00,1.8928112431737643,10018.051815662953,10018.051815662953,0.0,10018.051815662953,0.0,18.051815662953135,0.0,0,0
1774569600,2026-03-27T00:00:00+00:00,1.8928112431737643,10018.051815662953,10018.051815662953,0.0,10018.051815662953,0.0,18.051815662953135,0.0,0,0
1774656000,2026-03-28T00:00:00+00:00,1.8928112431737643,10018.051815662953,10018.051815662953,0.0,10018.051815662953,0.0,18.051815662953135,0.0,0,0
1774742400,2026-03-29T00:00:00+00:00,1.8928112431737643,10018.051815662953,10018.051815662953,0.0,10018.051815662953,0.0,18.051815662953135,0.0,0,0
1774828800,2026-03-30T00:00:00+00:00,1.8928112431737643,10018.051815662953,10018.051815662953,0.0,10018.051815662953,0.0,18.051815662953135,0.0,0,0
1774915200,2026-03-31T00:00:00+00:00,1.8928112431737643,10018.051815662953,10018.051815662953,0.0,10018.051815662953,0.0,18.051815662953135,0.0,0,0
1775001600,2026-04-01T00:00:00+00:00,1.8928112431737643,10018.051815662953,10018.051815662953,0.0,10018.051815662953,0.0,18.051815662953135,0.0,0,0
1775088000,2026-04-02T00:00:00+00:00,1.8928112431737643,10018.051815662953,10018.051815662953,0.0,10018.051815662953,0.0,18.051815662953135,0.0,0,0
1775174400,2026-04-03T00:00:00+00:00,1.8928112431737643,10018.051815662953,10018.051815662953,0.0,10018.051815662953,0.0,18.051815662953135,0.0,0,0
1775260800,2026-04-04T00:00:00+00:00,1.8928112431737643,10018.051815662953,10018.051815662953,0.0,10018.051815662953,0.0,18.051815662953135,0.0,0,0
1775347200,2026-04-05T00:00:00+00:00,1.8928112431737643,10018.051815662953,10018.051815662953,0.0,10018.051815662953,0.0,18.051815662953135,0.0,0,0
1775433600,2026-04-06T00:00:00+00:00,1.8928112431737643,10018.051815662953,10018.051815662953,0.0,10018.051815662953,0.0,18.051815662953135,0.0,0,0
1775520000,2026-04-07T00:00:00+00:00,1.8928112431737643,10018.051815662953,10018.051815662953,0.0,10018.051815662953,0.0,18.051815662953135,0.0,0,0
1775606400,2026-04-08T00:00:00+00:00,1.8928112431737643,10018.051815662953,10018.051815662953,0.0,10018.051815662953,0.0,18.051815662953135,0.0,0,0
1775692800,2026-04-09T00:00:00+00:00,1.8928112431737643,10018.051815662953,10018.051815662953,0.0,10018.051815662953,0.0,18.051815662953135,0.0,0,0
1775779200,2026-04-10T00:00:00+00:00,1.8928112431737643,10018.051815662953,10018.051815662953,0.0,10018.051815662953,0.0,18.051815662953135,0.0,0,0
1775865600,2026-04-11T00:00:00+00:00,1.8928112431737643,10018.051815662953,10018.051815662953,0.0,10018.051815662953,0.0,18.051815662953135,0.0,0,0
1775952000,2026-04-12T00:00:00+00:00,1.8928112431737643,10018.051815662953,10018.051815662953,0.0,10018.051815662953,0.0,18.051815662953135,0.0,0,0
1776038400,2026-04-13T00:00:00+00:00,1.8928112431737643,10018.051815662953,10018.051815662953,0.0,10018.051815662953,0.0,18.051815662953135,0.0,0,0
1776124800,2026-04-14T00:00:00+00:00,1.8928112431737643,10018.051815662953,10018.051815662953,0.0,10018.051815662953,0.0,18.051815662953135,0.0,0,0
1776211200,2026-04-15T00:00:00+00:00,1.8928112431737643,10018.051815662953,10018.051815662953,0.0,10018.051815662953,0.0,18.051815662953135,0.0,0,0
1776297600,2026-04-16T00:00:00+00:00,1.8928112431737643,10018.051815662953,10018.051815662953,0.0,10018.051815662953,0.0,18.051815662953135,0.0,0,0
1776384000,2026-04-17T00:00:00+00:00,1.8928112431737643,10018.051815662953,10018.051815662953,0.0,10018.051815662953,0.0,18.051815662953135,0.0,0,0
1776470400,2026-04-18T00:00:00+00:00,1.8928112431737643,10018.051815662953,10018.051815662953,0.0,10018.051815662953,0.0,18.051815662953135,0.0,0,0
1776556800,2026-04-19T00:00:00+00:00,1.8928112431737643,10018.051815662953,10018.051815662953,0.0,10018.051815662953,0.0,18.051815662953135,0.0,0,0
1776643200,2026-04-20T00:00:00+00:00,1.8928112431737643,10018.051815662953,10018.051815662953,0.0,10018.051815662953,0.0,18.051815662953135,0.0,0,0
1776729600,2026-04-21T00:00:00+00:00,1.8928112431737643,10018.051815662953,10018.051815662953,0.0,10018.051815662953,0.0,18.051815662953135,0.0,0,0
1776816000,2026-04-22T00:00:00+00:00,1.8928112431737643,10018.051815662953,10018.051815662953,0.0,10018.051815662953,0.0,18.051815662953135,0.0,0,0
1776902400,2026-04-23T00:00:00+00:00,1.8928112431737643,10018.051815662953,10018.051815662953,0.0,10018.051815662953,0.0,18.051815662953135,0.0,0,0
1776988800,2026-04-24T00:00:00+00:00,1.8928112431737643,10018.051815662953,10018.051815662953,0.0,10018.051815662953,0.0,18.051815662953135,0.0,0,0
1777075200,2026-04-25T00:00:00+00:00,1.8928112431737643,10018.051815662953,10018.051815662953,0.0,10018.051815662953,0.0,18.051815662953135,0.0,0,0
1777161600,2026-04-26T00:00:00+00:00,1.8928112431737643,10018.051815662953,10018.051815662953,0.0,10018.051815662953,0.0,18.051815662953135,0.0,0,0
1777248000,2026-04-27T00:00:00+00:00,1.8928112431737643,10018.051815662953,10018.051815662953,0.0,10018.051815662953,0.0,18.051815662953135,0.0,0,0
1777334400,2026-04-28T00:00:00+00:00,1.8928112431737643,10018.051815662953,10018.051815662953,0.0,10018.051815662953,0.0,18.051815662953135,0.0,0,0
1777420800,2026-04-29T00:00:00+00:00,1.8928112431737643,10018.051815662953,10018.051815662953,0.0,10018.051815662953,0.0,18.051815662953135,0.0,0,0
1777507200,2026-04-30T00:00:00+00:00,1.8928112431737643,10018.051815662953,10018.051815662953,0.0,10018.051815662953,0.0,18.051815662953135,0.0,0,0
1777593600,2026-05-01T00:00:00+00:00,1.8928112431737643,10018.051815662953,10018.051815662953,0.0,10018.051815662953,0.0,18.051815662953135,0.0,0,0
1777680000,2026-05-02T00:00:00+00:00,1.8928112431737643,10018.051815662953,10018.051815662953,0.0,10018.051815662953,0.0,18.051815662953135,0.0,0,0
1777766400,2026-05-03T00:00:00+00:00,1.8928112431737643,10018.051815662953,10018.051815662953,0.0,10018.051815662953,0.0,18.051815662953135,0.0,0,0
1777852800,2026-05-04T00:00:00+00:00,1.8928112431737643,10018.051815662953,10018.051815662953,0.0,10018.051815662953,0.0,18.051815662953135,0.0,0,0
1777939200,2026-05-05T00:00:00+00:00,1.8928112431737643,10018.051815662953,10018.051815662953,0.0,10018.051815662953,0.0,18.051815662953135,0.0,0,0
1778025600,2026-05-06T00:00:00+00:00,1.8928112431737643,10018.051815662953,10018.051815662953,0.0,10018.051815662953,0.0,18.051815662953135,0.0,0,0
1778112000,2026-05-07T00:00:00+00:00,1.8928112431737643,10018.051815662953,10018.051815662953,0.0,10018.051815662953,0.0,18.051815662953135,0.0,0,0
1778198400,2026-05-08T00:00:00+00:00,1.8928112431737643,10018.051815662953,10018.051815662953,0.0,10018.051815662953,0.0,18.051815662953135,0.0,0,0
1778284800,2026-05-09T00:00:00+00:00,1.8928112431737643,10018.051815662953,10018.051815662953,0.0,10018.051815662953,0.0,18.051815662953135,0.0,0,0
1778371200,2026-05-10T00:00:00+00:00,1.8928112431737643,10018.051815662953,10018.051815662953,0.0,10018.051815662953,0.0,18.051815662953135,0.0,0,0
1778457600,2026-05-11T00:00:00+00:00,1.8928112431737643,10018.051815662953,10018.051815662953,0.0,10018.051815662953,0.0,18.051815662953135,0.0,0,0
1778544000,2026-05-12T00:00:00+00:00,1.8928112431737643,10018.051815662953,10018.051815662953,0.0,10018.051815662953,0.0,18.051815662953135,0.0,0,0
1778630400,2026-05-13T00:00:00+00:00,1.8928112431737643,10018.051815662953,10018.051815662953,0.0,10018.051815662953,0.0,18.051815662953135,0.0,0,0
1778716800,2026-05-14T00:00:00+00:00,1.8928112431737643,10018.051815662953,10018.051815662953,0.0,10018.051815662953,0.0,18.051815662953135,0.0,0,0
1778803200,2026-05-15T00:00:00+00:00,1.8928112431737643,10018.051815662953,10018.051815662953,0.0,10018.051815662953,0.0,18.051815662953135,0.0,0,0
1778889600,2026-05-16T00:00:00+00:00,1.8928112431737643,10018.051815662953,10018.051815662953,0.0,10018.051815662953,0.0,18.051815662953135,0.0,0,0
1778976000,2026-05-17T00:00:00+00:00,1.8928112431737643,10018.051815662953,10018.051815662953,0.0,10018.051815662953,0.0,18.051815662953135,0.0,0,0
1779062400,2026-05-18T00:00:00+00:00,1.8928112431737643,10018.051815662953,10018.051815662953,0.0,10018.051815662953,0.0,18.051815662953135,0.0,0,0
1779148800,2026-05-19T00:00:00+00:00,1.8928112431737643,10018.051815662953,10018.051815662953,0.0,10018.051815662953,0.0,18.051815662953135,0.0,0,0
1779235200,2026-05-20T00:00:00+00:00,1.8928112431737643,10018.051815662953,10018.051815662953,0.0,10018.051815662953,0.0,18.051815662953135,0.0,0,0
1779321600,2026-05-21T00:00:00+00:00,1.8928112431737643,10018.051815662953,10018.051815662953,0.0,10018.051815662953,0.0,18.051815662953135,0.0,0,0
1779408000,2026-05-22T00:00:00+00:00,1.8928112431737643,10018.051815662953,10018.051815662953,0.0,10018.051815662953,0.0,18.051815662953135,0.0,0,0
1779494400,2026-05-23T00:00:00+00:00,1.8928112431737643,10018.051815662953,10018.051815662953,0.0,10018.051815662953,0.0,18.051815662953135,0.0,0,0
1779580800,2026-05-24T00:00:00+00:00,1.8928112431737643,10018.051815662953,10018.051815662953,0.0,10018.051815662953,0.0,18.051815662953135,0.0,0,0
1779667200,2026-05-25T00:00:00+00:00,1.8928112431737643,10018.051815662953,10018.051815662953,0.0,10018.051815662953,0.0,18.051815662953135,0.0,0,0
