available_cash,cash,drawdown_pct,equity,gross_notional,initial_margin,open_count,open_margin,pending_count,realized_net,reserved_close_fees,reserved_pending,time,unrealized,utc,wallet_balance
10000.0,10000.0,0,10000.0,0.0,0.0,0,0.0,0,0.0,0.0,0.0,1701043200,0.0,2023-11-27T00:00:00+00:00,10000.0
10000.0,10000.0,0,10000.0,0.0,0.0,0,0.0,0,0.0,0.0,0.0,1701129600,0.0,2023-11-28T00:00:00+00:00,10000.0
10000.0,10000.0,0,10000.0,0.0,0.0,0,0.0,0,0.0,0.0,0.0,1701216000,0.0,2023-11-29T00:00:00+00:00,10000.0
10000.0,10000.0,0,10000.0,0.0,0.0,0,0.0,0,0.0,0.0,0.0,1701302400,0.0,2023-11-30T00:00:00+00:00,10000.0
10000.0,10000.0,0,10000.0,0.0,0.0,0,0.0,0,0.0,0.0,0.0,1701388800,0.0,2023-12-01T00:00:00+00:00,10000.0
10000.0,10000.0,0,10000.0,0.0,0.0,0,0.0,0,0.0,0.0,0.0,1701475200,0.0,2023-12-02T00:00:00+00:00,10000.0
10000.0,10000.0,0,10000.0,0.0,0.0,0,0.0,0,0.0,0.0,0.0,1701561600,0.0,2023-12-03T00:00:00+00:00,10000.0
10000.0,10000.0,0,10000.0,0.0,0.0,0,0.0,0,0.0,0.0,0.0,1701648000,0.0,2023-12-04T00:00:00+00:00,10000.0
10000.0,10000.0,0,10000.0,0.0,0.0,0,0.0,0,0.0,0.0,0.0,1701734400,0.0,2023-12-05T00:00:00+00:00,10000.0
10000.0,10000.0,0,10000.0,0.0,0.0,0,0.0,0,0.0,0.0,0.0,1701820800,0.0,2023-12-06T00:00:00+00:00,10000.0
10000.0,10000.0,0,10000.0,0.0,0.0,0,0.0,0,0.0,0.0,0.0,1701907200,0.0,2023-12-07T00:00:00+00:00,10000.0
10000.0,10000.0,0,10000.0,0.0,0.0,0,0.0,0,0.0,0.0,0.0,1701993600,0.0,2023-12-08T00:00:00+00:00,10000.0
10000.0,10000.0,0,10000.0,0.0,0.0,0,0.0,0,0.0,0.0,0.0,1702080000,0.0,2023-12-09T00:00:00+00:00,10000.0
10000.0,10000.0,0,10000.0,0.0,0.0,0,0.0,0,0.0,0.0,0.0,1702166400,0.0,2023-12-10T00:00:00+00:00,10000.0
10000.0,10000.0,0,10000.0,0.0,0.0,0,0.0,0,0.0,0.0,0.0,1702252800,0.0,2023-12-11T00:00:00+00:00,10000.0
10000.0,10000.0,0,10000.0,0.0,0.0,0,0.0,0,0.0,0.0,0.0,1702339200,0.0,2023-12-12T00:00:00+00:00,10000.0
10000.0,10000.0,0,10000.0,0.0,0.0,0,0.0,0,0.0,0.0,0.0,1702425600,0.0,2023-12-13T00:00:00+00:00,10000.0
10000.0,10000.0,0,10000.0,0.0,0.0,0,0.0,0,0.0,0.0,0.0,1702512000,0.0,2023-12-14T00:00:00+00:00,10000.0
10000.0,10000.0,0,10000.0,0.0,0.0,0,0.0,0,0.0,0.0,0.0,1702598400,0.0,2023-12-15T00:00:00+00:00,10000.0
10000.0,10000.0,0,10000.0,0.0,0.0,0,0.0,0,0.0,0.0,0.0,1702684800,0.0,2023-12-16T00:00:00+00:00,10000.0
10000.0,10000.0,0,10000.0,0.0,0.0,0,0.0,0,0.0,0.0,0.0,1702771200,0.0,2023-12-17T00:00:00+00:00,10000.0
10000.0,10000.0,0,10000.0,0.0,0.0,0,0.0,0,0.0,0.0,0.0,1702857600,0.0,2023-12-18T00:00:00+00:00,10000.0
10000.0,10000.0,0,10000.0,0.0,0.0,0,0.0,0,0.0,0.0,0.0,1702944000,0.0,2023-12-19T00:00:00+00:00,10000.0
10000.0,10000.0,0,10000.0,0.0,0.0,0,0.0,0,0.0,0.0,0.0,1703030400,0.0,2023-12-20T00:00:00+00:00,10000.0
10000.0,10000.0,0,10000.0,0.0,0.0,0,0.0,0,0.0,0.0,0.0,1703116800,0.0,2023-12-21T00:00:00+00:00,10000.0
10000.0,10000.0,0,10000.0,0.0,0.0,0,0.0,0,0.0,0.0,0.0,1703203200,0.0,2023-12-22T00:00:00+00:00,10000.0
10000.0,10000.0,0,10000.0,0.0,0.0,0,0.0,0,0.0,0.0,0.0,1703289600,0.0,2023-12-23T00:00:00+00:00,10000.0
10000.0,10000.0,0,10000.0,0.0,0.0,0,0.0,0,0.0,0.0,0.0,1703376000,0.0,2023-12-24T00:00:00+00:00,10000.0
10000.0,10000.0,0,10000.0,0.0,0.0,0,0.0,0,0.0,0.0,0.0,1703462400,0.0,2023-12-25T00:00:00+00:00,10000.0
10000.0,10000.0,0,10000.0,0.0,0.0,0,0.0,0,0.0,0.0,0.0,1703548800,0.0,2023-12-26T00:00:00+00:00,10000.0
10000.0,10000.0,0,10000.0,0.0,0.0,0,0.0,0,0.0,0.0,0.0,1703635200,0.0,2023-12-27T00:00:00+00:00,10000.0
10000.0,10000.0,0,10000.0,0.0,0.0,0,0.0,0,0.0,0.0,0.0,1703721600,0.0,2023-12-28T00:00:00+00:00,10000.0
10000.0,10000.0,0,10000.0,0.0,0.0,0,0.0,0,0.0,0.0,0.0,1703808000,0.0,2023-12-29T00:00:00+00:00,10000.0
10000.0,10000.0,0,10000.0,0.0,0.0,0,0.0,0,0.0,0.0,0.0,1703894400,0.0,2023-12-30T00:00:00+00:00,10000.0
10000.0,10000.0,0,10000.0,0.0,0.0,0,0.0,0,0.0,0.0,0.0,1703980800,0.0,2023-12-31T00:00:00+00:00,10000.0
10000.0,10000.0,0,10000.0,0.0,0.0,0,0.0,0,0.0,0.0,0.0,1704067200,0.0,2024-01-01T00:00:00+00:00,10000.0
10000.0,10000.0,0,10000.0,0.0,0.0,0,0.0,0,0.0,0.0,0.0,1704153600,0.0,2024-01-02T00:00:00+00:00,10000.0
10000.0,10000.0,0,10000.0,0.0,0.0,0,0.0,0,0.0,0.0,0.0,1704240000,0.0,2024-01-03T00:00:00+00:00,10000.0
10000.0,10000.0,0,10000.0,0.0,0.0,0,0.0,0,0.0,0.0,0.0,1704326400,0.0,2024-01-04T00:00:00+00:00,10000.0
10000.0,10000.0,0,10000.0,0.0,0.0,0,0.0,0,0.0,0.0,0.0,1704412800,0.0,2024-01-05T00:00:00+00:00,10000.0
10000.0,10000.0,0,10000.0,0.0,0.0,0,0.0,0,0.0,0.0,0.0,1704499200,0.0,2024-01-06T00:00:00+00:00,10000.0
10000.0,10000.0,0,10000.0,0.0,0.0,0,0.0,0,0.0,0.0,0.0,1704585600,0.0,2024-01-07T00:00:00+00:00,10000.0
10000.0,10000.0,0,10000.0,0.0,0.0,0,0.0,0,0.0,0.0,0.0,1704672000,0.0,2024-01-08T00:00:00+00:00,10000.0
10000.0,10000.0,0,10000.0,0.0,0.0,0,0.0,0,0.0,0.0,0.0,1704758400,0.0,2024-01-09T00:00:00+00:00,10000.0
10000.0,10000.0,0,10000.0,0.0,0.0,0,0.0,0,0.0,0.0,0.0,1704844800,0.0,2024-01-10T00:00:00+00:00,10000.0
10000.0,10000.0,0,10000.0,0.0,0.0,0,0.0,0,0.0,0.0,0.0,1704931200,0.0,2024-01-11T00:00:00+00:00,10000.0
10000.0,10000.0,0,10000.0,0.0,0.0,0,0.0,0,0.0,0.0,0.0,1705017600,0.0,2024-01-12T00:00:00+00:00,10000.0
10000.0,10000.0,0,10000.0,0.0,0.0,0,0.0,0,0.0,0.0,0.0,1705104000,0.0,2024-01-13T00:00:00+00:00,10000.0
10000.0,10000.0,0,10000.0,0.0,0.0,0,0.0,0,0.0,0.0,0.0,1705190400,0.0,2024-01-14T00:00:00+00:00,10000.0
10000.0,10000.0,0,10000.0,0.0,0.0,0,0.0,0,0.0,0.0,0.0,1705276800,0.0,2024-01-15T00:00:00+00:00,10000.0
10000.0,10000.0,0,10000.0,0.0,0.0,0,0.0,0,0.0,0.0,0.0,1705363200,0.0,2024-01-16T00:00:00+00:00,10000.0
10000.0,10000.0,0,10000.0,0.0,0.0,0,0.0,0,0.0,0.0,0.0,1705449600,0.0,2024-01-17T00:00:00+00:00,10000.0
10000.0,10000.0,0,10000.0,0.0,0.0,0,0.0,0,0.0,0.0,0.0,1705536000,0.0,2024-01-18T00:00:00+00:00,10000.0
9964.393526776588,9964.606275937618,0.0581065731467989,9994.18934268532,346.069422,35.165150583588705,1,35.165150583588705,0,-0.2285734787933266,0.2127491610307117,0.0,1705622400,-5.582083835887056,2024-01-19T00:00:00+00:00,9999.771426521207
9987.720176827092,9987.720176827092,0.12279823172908211,9987.720176827092,0.0,0.0,0,0.0,0,-12.279823172907886,0.0,0.0,1705708800,0.0,2024-01-20T00:00:00+00:00,9987.720176827092
9987.720176827092,9987.720176827092,0.12279823172908211,9987.720176827092,0.0,0.0,0,0.0,0,-12.279823172907886,0.0,0.0,1705795200,0.0,2024-01-21T00:00:00+00:00,9987.720176827092
9987.720176827092,9987.720176827092,0.12279823172908211,9987.720176827092,0.0,0.0,0,0.0,0,-12.279823172907886,0.0,0.0,1705881600,0.0,2024-01-22T00:00:00+00:00,9987.720176827092
9987.720176827092,9987.720176827092,0.12279823172908211,9987.720176827092,0.0,0.0,0,0.0,0,-12.279823172907886,0.0,0.0,1705968000,0.0,2024-01-23T00:00:00+00:00,9987.720176827092
9987.720176827092,9987.720176827092,0.12279823172908211,9987.720176827092,0.0,0.0,0,0.0,0,-12.279823172907886,0.0,0.0,1706054400,0.0,2024-01-24T00:00:00+00:00,9987.720176827092
9987.720176827092,9987.720176827092,0.12279823172908211,9987.720176827092,0.0,0.0,0,0.0,0,-12.279823172907886,0.0,0.0,1706140800,0.0,2024-01-25T00:00:00+00:00,9987.720176827092
9987.720176827092,9987.720176827092,0.12279823172908211,9987.720176827092,0.0,0.0,0,0.0,0,-12.279823172907886,0.0,0.0,1706227200,0.0,2024-01-26T00:00:00+00:00,9987.720176827092
9987.720176827092,9987.720176827092,0.12279823172908211,9987.720176827092,0.0,0.0,0,0.0,0,-12.279823172907886,0.0,0.0,1706313600,0.0,2024-01-27T00:00:00+00:00,9987.720176827092
9987.720176827092,9987.720176827092,0.12279823172908211,9987.720176827092,0.0,0.0,0,0.0,0,-12.279823172907886,0.0,0.0,1706400000,0.0,2024-01-28T00:00:00+00:00,9987.720176827092
9987.720176827092,9987.720176827092,0.12279823172908211,9987.720176827092,0.0,0.0,0,0.0,0,-12.279823172907886,0.0,0.0,1706486400,0.0,2024-01-29T00:00:00+00:00,9987.720176827092
9987.720176827092,9987.720176827092,0.12279823172908211,9987.720176827092,0.0,0.0,0,0.0,0,-12.279823172907886,0.0,0.0,1706572800,0.0,2024-01-30T00:00:00+00:00,9987.720176827092
9987.720176827092,9987.720176827092,0.12279823172908211,9987.720176827092,0.0,0.0,0,0.0,0,-12.279823172907886,0.0,0.0,1706659200,0.0,2024-01-31T00:00:00+00:00,9987.720176827092
9987.720176827092,9987.720176827092,0.12279823172908211,9987.720176827092,0.0,0.0,0,0.0,0,-12.279823172907886,0.0,0.0,1706745600,0.0,2024-02-01T00:00:00+00:00,9987.720176827092
9987.720176827092,9987.720176827092,0.12279823172908211,9987.720176827092,0.0,0.0,0,0.0,0,-12.279823172907886,0.0,0.0,1706832000,0.0,2024-02-02T00:00:00+00:00,9987.720176827092
9987.720176827092,9987.720176827092,0.12279823172908211,9987.720176827092,0.0,0.0,0,0.0,0,-12.279823172907886,0.0,0.0,1706918400,0.0,2024-02-03T00:00:00+00:00,9987.720176827092
9987.720176827092,9987.720176827092,0.12279823172908211,9987.720176827092,0.0,0.0,0,0.0,0,-12.279823172907886,0.0,0.0,1707004800,0.0,2024-02-04T00:00:00+00:00,9987.720176827092
9987.720176827092,9987.720176827092,0.12279823172908211,9987.720176827092,0.0,0.0,0,0.0,0,-12.279823172907886,0.0,0.0,1707091200,0.0,2024-02-05T00:00:00+00:00,9987.720176827092
9987.720176827092,9987.720176827092,0.12279823172908211,9987.720176827092,0.0,0.0,0,0.0,0,-12.279823172907886,0.0,0.0,1707177600,0.0,2024-02-06T00:00:00+00:00,9987.720176827092
9987.720176827092,9987.720176827092,0.12279823172908211,9987.720176827092,0.0,0.0,0,0.0,0,-12.279823172907886,0.0,0.0,1707264000,0.0,2024-02-07T00:00:00+00:00,9987.720176827092
9987.720176827092,9987.720176827092,0.12279823172908211,9987.720176827092,0.0,0.0,0,0.0,0,-12.279823172907886,0.0,0.0,1707350400,0.0,2024-02-08T00:00:00+00:00,9987.720176827092
9987.720176827092,9987.720176827092,0.12279823172908211,9987.720176827092,0.0,0.0,0,0.0,0,-12.279823172907886,0.0,0.0,1707436800,0.0,2024-02-09T00:00:00+00:00,9987.720176827092
9987.720176827092,9987.720176827092,0.12279823172908211,9987.720176827092,0.0,0.0,0,0.0,0,-12.279823172907886,0.0,0.0,1707523200,0.0,2024-02-10T00:00:00+00:00,9987.720176827092
9987.720176827092,9987.720176827092,0.12279823172908211,9987.720176827092,0.0,0.0,0,0.0,0,-12.279823172907886,0.0,0.0,1707609600,0.0,2024-02-11T00:00:00+00:00,9987.720176827092
9987.720176827092,9987.720176827092,0.12279823172908211,9987.720176827092,0.0,0.0,0,0.0,0,-12.279823172907886,0.0,0.0,1707696000,0.0,2024-02-12T00:00:00+00:00,9987.720176827092
9987.720176827092,9987.720176827092,0.12279823172908211,9987.720176827092,0.0,0.0,0,0.0,0,-12.279823172907886,0.0,0.0,1707782400,0.0,2024-02-13T00:00:00+00:00,9987.720176827092
9987.720176827092,9987.720176827092,0.12279823172908211,9987.720176827092,0.0,0.0,0,0.0,0,-12.279823172907886,0.0,0.0,1707868800,0.0,2024-02-14T00:00:00+00:00,9987.720176827092
9987.720176827092,9987.720176827092,0.12279823172908211,9987.720176827092,0.0,0.0,0,0.0,0,-12.279823172907886,0.0,0.0,1707955200,0.0,2024-02-15T00:00:00+00:00,9987.720176827092
9987.720176827092,9987.720176827092,0.12279823172908211,9987.720176827092,0.0,0.0,0,0.0,0,-12.279823172907886,0.0,0.0,1708041600,0.0,2024-02-16T00:00:00+00:00,9987.720176827092
9987.720176827092,9987.720176827092,0.12279823172908211,9987.720176827092,0.0,0.0,0,0.0,0,-12.279823172907886,0.0,0.0,1708128000,0.0,2024-02-17T00:00:00+00:00,9987.720176827092
9987.720176827092,9987.720176827092,0.12279823172908211,9987.720176827092,0.0,0.0,0,0.0,0,-12.279823172907886,0.0,0.0,1708214400,0.0,2024-02-18T00:00:00+00:00,9987.720176827092
9987.720176827092,9987.720176827092,0.12279823172908211,9987.720176827092,0.0,0.0,0,0.0,0,-12.279823172907886,0.0,0.0,1708300800,0.0,2024-02-19T00:00:00+00:00,9987.720176827092
9987.720176827092,9987.720176827092,0.12279823172908211,9987.720176827092,0.0,0.0,0,0.0,0,-12.279823172907886,0.0,0.0,1708387200,0.0,2024-02-20T00:00:00+00:00,9987.720176827092
9987.720176827092,9987.720176827092,0.12279823172908211,9987.720176827092,0.0,0.0,0,0.0,0,-12.279823172907886,0.0,0.0,1708473600,0.0,2024-02-21T00:00:00+00:00,9987.720176827092
9987.720176827092,9987.720176827092,0.12279823172908211,9987.720176827092,0.0,0.0,0,0.0,0,-12.279823172907886,0.0,0.0,1708560000,0.0,2024-02-22T00:00:00+00:00,9987.720176827092
9987.720176827092,9987.720176827092,0.12279823172908211,9987.720176827092,0.0,0.0,0,0.0,0,-12.279823172907886,0.0,0.0,1708646400,0.0,2024-02-23T00:00:00+00:00,9987.720176827092
9987.720176827092,9987.720176827092,0.12279823172908211,9987.720176827092,0.0,0.0,0,0.0,0,-12.279823172907886,0.0,0.0,1708732800,0.0,2024-02-24T00:00:00+00:00,9987.720176827092
9987.720176827092,9987.720176827092,0.12279823172908211,9987.720176827092,0.0,0.0,0,0.0,0,-12.279823172907886,0.0,0.0,1708819200,0.0,2024-02-25T00:00:00+00:00,9987.720176827092
9987.720176827092,9987.720176827092,0.12279823172908211,9987.720176827092,0.0,0.0,0,0.0,0,-12.279823172907886,0.0,0.0,1708905600,0.0,2024-02-26T00:00:00+00:00,9987.720176827092
9987.720176827092,9987.720176827092,0.12279823172908211,9987.720176827092,0.0,0.0,0,0.0,0,-12.279823172907886,0.0,0.0,1708992000,0.0,2024-02-27T00:00:00+00:00,9987.720176827092
9987.720176827092,9987.720176827092,0.12279823172908211,9987.720176827092,0.0,0.0,0,0.0,0,-12.279823172907886,0.0,0.0,1709078400,0.0,2024-02-28T00:00:00+00:00,9987.720176827092
9987.720176827092,9987.720176827092,0.12279823172908211,9987.720176827092,0.0,0.0,0,0.0,0,-12.279823172907886,0.0,0.0,1709164800,0.0,2024-02-29T00:00:00+00:00,9987.720176827092
9987.720176827092,9987.720176827092,0.12279823172908211,9987.720176827092,0.0,0.0,0,0.0,0,-12.279823172907886,0.0,0.0,1709251200,0.0,2024-03-01T00:00:00+00:00,9987.720176827092
9987.720176827092,9987.720176827092,0.12279823172908211,9987.720176827092,0.0,0.0,0,0.0,0,-12.279823172907886,0.0,0.0,1709337600,0.0,2024-03-02T00:00:00+00:00,9987.720176827092
9987.720176827092,9987.720176827092,0.12279823172908211,9987.720176827092,0.0,0.0,0,0.0,0,-12.279823172907886,0.0,0.0,1709424000,0.0,2024-03-03T00:00:00+00:00,9987.720176827092
9987.720176827092,9987.720176827092,0.12279823172908211,9987.720176827092,0.0,0.0,0,0.0,0,-12.279823172907886,0.0,0.0,1709510400,0.0,2024-03-04T00:00:00+00:00,9987.720176827092
9987.720176827092,9987.720176827092,0.12279823172908211,9987.720176827092,0.0,0.0,0,0.0,0,-12.279823172907886,0.0,0.0,1709596800,0.0,2024-03-05T00:00:00+00:00,9987.720176827092
9987.720176827092,9987.720176827092,0.12279823172908211,9987.720176827092,0.0,0.0,0,0.0,0,-12.279823172907886,0.0,0.0,1709683200,0.0,2024-03-06T00:00:00+00:00,9987.720176827092
9987.720176827092,9987.720176827092,0.12279823172908211,9987.720176827092,0.0,0.0,0,0.0,0,-12.279823172907886,0.0,0.0,1709769600,0.0,2024-03-07T00:00:00+00:00,9987.720176827092
9987.720176827092,9987.720176827092,0.12279823172908211,9987.720176827092,0.0,0.0,0,0.0,0,-12.279823172907886,0.0,0.0,1709856000,0.0,2024-03-08T00:00:00+00:00,9987.720176827092
9987.720176827092,9987.720176827092,0.12279823172908211,9987.720176827092,0.0,0.0,0,0.0,0,-12.279823172907886,0.0,0.0,1709942400,0.0,2024-03-09T00:00:00+00:00,9987.720176827092
9987.720176827092,9987.720176827092,0.12279823172908211,9987.720176827092,0.0,0.0,0,0.0,0,-12.279823172907886,0.0,0.0,1710028800,0.0,2024-03-10T00:00:00+00:00,9987.720176827092
9987.720176827092,9987.720176827092,0.12279823172908211,9987.720176827092,0.0,0.0,0,0.0,0,-12.279823172907886,0.0,0.0,1710115200,0.0,2024-03-11T00:00:00+00:00,9987.720176827092
9987.720176827092,9987.720176827092,0.12279823172908211,9987.720176827092,0.0,0.0,0,0.0,0,-12.279823172907886,0.0,0.0,1710201600,0.0,2024-03-12T00:00:00+00:00,9987.720176827092
9987.720176827092,9987.720176827092,0.12279823172908211,9987.720176827092,0.0,0.0,0,0.0,0,-12.279823172907886,0.0,0.0,1710288000,0.0,2024-03-13T00:00:00+00:00,9987.720176827092
9987.720176827092,9987.720176827092,0.12279823172908211,9987.720176827092,0.0,0.0,0,0.0,0,-12.279823172907886,0.0,0.0,1710374400,0.0,2024-03-14T00:00:00+00:00,9987.720176827092
9987.720176827092,9987.720176827092,0.12279823172908211,9987.720176827092,0.0,0.0,0,0.0,0,-12.279823172907886,0.0,0.0,1710460800,0.0,2024-03-15T00:00:00+00:00,9987.720176827092
9987.720176827092,9987.720176827092,0.12279823172908211,9987.720176827092,0.0,0.0,0,0.0,0,-12.279823172907886,0.0,0.0,1710547200,0.0,2024-03-16T00:00:00+00:00,9987.720176827092
9987.720176827092,9987.720176827092,0.12279823172908211,9987.720176827092,0.0,0.0,0,0.0,0,-12.279823172907886,0.0,0.0,1710633600,0.0,2024-03-17T00:00:00+00:00,9987.720176827092
9987.720176827092,9987.720176827092,0.12279823172908211,9987.720176827092,0.0,0.0,0,0.0,0,-12.279823172907886,0.0,0.0,1710720000,0.0,2024-03-18T00:00:00+00:00,9987.720176827092
9987.720176827092,9987.720176827092,0.12279823172908211,9987.720176827092,0.0,0.0,0,0.0,0,-12.279823172907886,0.0,0.0,1710806400,0.0,2024-03-19T00:00:00+00:00,9987.720176827092
9987.720176827092,9987.720176827092,0.12279823172908211,9987.720176827092,0.0,0.0,0,0.0,0,-12.279823172907886,0.0,0.0,1710892800,0.0,2024-03-20T00:00:00+00:00,9987.720176827092
9987.720176827092,9987.720176827092,0.12279823172908211,9987.720176827092,0.0,0.0,0,0.0,0,-12.279823172907886,0.0,0.0,1710979200,0.0,2024-03-21T00:00:00+00:00,9987.720176827092
9987.720176827092,9987.720176827092,0.12279823172908211,9987.720176827092,0.0,0.0,0,0.0,0,-12.279823172907886,0.0,0.0,1711065600,0.0,2024-03-22T00:00:00+00:00,9987.720176827092
9987.720176827092,9987.720176827092,0.12279823172908211,9987.720176827092,0.0,0.0,0,0.0,0,-12.279823172907886,0.0,0.0,1711152000,0.0,2024-03-23T00:00:00+00:00,9987.720176827092
9987.720176827092,9987.720176827092,0.12279823172908211,9987.720176827092,0.0,0.0,0,0.0,0,-12.279823172907886,0.0,0.0,1711238400,0.0,2024-03-24T00:00:00+00:00,9987.720176827092
9987.720176827092,9987.720176827092,0.12279823172908211,9987.720176827092,0.0,0.0,0,0.0,0,-12.279823172907886,0.0,0.0,1711324800,0.0,2024-03-25T00:00:00+00:00,9987.720176827092
9987.720176827092,9987.720176827092,0.12279823172908211,9987.720176827092,0.0,0.0,0,0.0,0,-12.279823172907886,0.0,0.0,1711411200,0.0,2024-03-26T00:00:00+00:00,9987.720176827092
9987.720176827092,9987.720176827092,0.12279823172908211,9987.720176827092,0.0,0.0,0,0.0,0,-12.279823172907886,0.0,0.0,1711497600,0.0,2024-03-27T00:00:00+00:00,9987.720176827092
9987.720176827092,9987.720176827092,0.12279823172908211,9987.720176827092,0.0,0.0,0,0.0,0,-12.279823172907886,0.0,0.0,1711584000,0.0,2024-03-28T00:00:00+00:00,9987.720176827092
9987.720176827092,9987.720176827092,0.12279823172908211,9987.720176827092,0.0,0.0,0,0.0,0,-12.279823172907886,0.0,0.0,1711670400,0.0,2024-03-29T00:00:00+00:00,9987.720176827092
9987.720176827092,9987.720176827092,0.12279823172908211,9987.720176827092,0.0,0.0,0,0.0,0,-12.279823172907886,0.0,0.0,1711756800,0.0,2024-03-30T00:00:00+00:00,9987.720176827092
9987.720176827092,9987.720176827092,0.12279823172908211,9987.720176827092,0.0,0.0,0,0.0,0,-12.279823172907886,0.0,0.0,1711843200,0.0,2024-03-31T00:00:00+00:00,9987.720176827092
9987.720176827092,9987.720176827092,0.12279823172908211,9987.720176827092,0.0,0.0,0,0.0,0,-12.279823172907886,0.0,0.0,1711929600,0.0,2024-04-01T00:00:00+00:00,9987.720176827092
9987.720176827092,9987.720176827092,0.12279823172908211,9987.720176827092,0.0,0.0,0,0.0,0,-12.279823172907886,0.0,0.0,1712016000,0.0,2024-04-02T00:00:00+00:00,9987.720176827092
9987.720176827092,9987.720176827092,0.12279823172908211,9987.720176827092,0.0,0.0,0,0.0,0,-12.279823172907886,0.0,0.0,1712102400,0.0,2024-04-03T00:00:00+00:00,9987.720176827092
9987.720176827092,9987.720176827092,0.12279823172908211,9987.720176827092,0.0,0.0,0,0.0,0,-12.279823172907886,0.0,0.0,1712188800,0.0,2024-04-04T00:00:00+00:00,9987.720176827092
9987.720176827092,9987.720176827092,0.12279823172908211,9987.720176827092,0.0,0.0,0,0.0,0,-12.279823172907886,0.0,0.0,1712275200,0.0,2024-04-05T00:00:00+00:00,9987.720176827092
9987.720176827092,9987.720176827092,0.12279823172908211,9987.720176827092,0.0,0.0,0,0.0,0,-12.279823172907886,0.0,0.0,1712361600,0.0,2024-04-06T00:00:00+00:00,9987.720176827092
9987.720176827092,9987.720176827092,0.12279823172908211,9987.720176827092,0.0,0.0,0,0.0,0,-12.279823172907886,0.0,0.0,1712448000,0.0,2024-04-07T00:00:00+00:00,9987.720176827092
9987.720176827092,9987.720176827092,0.12279823172908211,9987.720176827092,0.0,0.0,0,0.0,0,-12.279823172907886,0.0,0.0,1712534400,0.0,2024-04-08T00:00:00+00:00,9987.720176827092
9987.720176827092,9987.720176827092,0.12279823172908211,9987.720176827092,0.0,0.0,0,0.0,0,-12.279823172907886,0.0,0.0,1712620800,0.0,2024-04-09T00:00:00+00:00,9987.720176827092
9987.720176827092,9987.720176827092,0.12279823172908211,9987.720176827092,0.0,0.0,0,0.0,0,-12.279823172907886,0.0,0.0,1712707200,0.0,2024-04-10T00:00:00+00:00,9987.720176827092
9987.720176827092,9987.720176827092,0.12279823172908211,9987.720176827092,0.0,0.0,0,0.0,0,-12.279823172907886,0.0,0.0,1712793600,0.0,2024-04-11T00:00:00+00:00,9987.720176827092
9987.720176827092,9987.720176827092,0.12279823172908211,9987.720176827092,0.0,0.0,0,0.0,0,-12.279823172907886,0.0,0.0,1712880000,0.0,2024-04-12T00:00:00+00:00,9987.720176827092
9987.720176827092,9987.720176827092,0.12279823172908211,9987.720176827092,0.0,0.0,0,0.0,0,-12.279823172907886,0.0,0.0,1712966400,0.0,2024-04-13T00:00:00+00:00,9987.720176827092
9987.720176827092,9987.720176827092,0.12279823172908211,9987.720176827092,0.0,0.0,0,0.0,0,-12.279823172907886,0.0,0.0,1713052800,0.0,2024-04-14T00:00:00+00:00,9987.720176827092
9987.720176827092,9987.720176827092,0.12279823172908211,9987.720176827092,0.0,0.0,0,0.0,0,-12.279823172907886,0.0,0.0,1713139200,0.0,2024-04-15T00:00:00+00:00,9987.720176827092
9987.720176827092,9987.720176827092,0.12279823172908211,9987.720176827092,0.0,0.0,0,0.0,0,-12.279823172907886,0.0,0.0,1713225600,0.0,2024-04-16T00:00:00+00:00,9987.720176827092
9987.720176827092,9987.720176827092,0.12279823172908211,9987.720176827092,0.0,0.0,0,0.0,0,-12.279823172907886,0.0,0.0,1713312000,0.0,2024-04-17T00:00:00+00:00,9987.720176827092
9987.720176827092,9987.720176827092,0.12279823172908211,9987.720176827092,0.0,0.0,0,0.0,0,-12.279823172907886,0.0,0.0,1713398400,0.0,2024-04-18T00:00:00+00:00,9987.720176827092
9987.720176827092,9987.720176827092,0.12279823172908211,9987.720176827092,0.0,0.0,0,0.0,0,-12.279823172907886,0.0,0.0,1713484800,0.0,2024-04-19T00:00:00+00:00,9987.720176827092
9987.720176827092,9987.720176827092,0.12279823172908211,9987.720176827092,0.0,0.0,0,0.0,0,-12.279823172907886,0.0,0.0,1713571200,0.0,2024-04-20T00:00:00+00:00,9987.720176827092
9987.720176827092,9987.720176827092,0.12279823172908211,9987.720176827092,0.0,0.0,0,0.0,0,-12.279823172907886,0.0,0.0,1713657600,0.0,2024-04-21T00:00:00+00:00,9987.720176827092
9987.720176827092,9987.720176827092,0.12279823172908211,9987.720176827092,0.0,0.0,0,0.0,0,-12.279823172907886,0.0,0.0,1713744000,0.0,2024-04-22T00:00:00+00:00,9987.720176827092
9987.720176827092,9987.720176827092,0.12279823172908211,9987.720176827092,0.0,0.0,0,0.0,0,-12.279823172907886,0.0,0.0,1713830400,0.0,2024-04-23T00:00:00+00:00,9987.720176827092
9987.720176827092,9987.720176827092,0.12279823172908211,9987.720176827092,0.0,0.0,0,0.0,0,-12.279823172907886,0.0,0.0,1713916800,0.0,2024-04-24T00:00:00+00:00,9987.720176827092
9987.720176827092,9987.720176827092,0.12279823172908211,9987.720176827092,0.0,0.0,0,0.0,0,-12.279823172907886,0.0,0.0,1714003200,0.0,2024-04-25T00:00:00+00:00,9987.720176827092
9987.720176827092,9987.720176827092,0.12279823172908211,9987.720176827092,0.0,0.0,0,0.0,0,-12.279823172907886,0.0,0.0,1714089600,0.0,2024-04-26T00:00:00+00:00,9987.720176827092
9987.720176827092,9987.720176827092,0.12279823172908211,9987.720176827092,0.0,0.0,0,0.0,0,-12.279823172907886,0.0,0.0,1714176000,0.0,2024-04-27T00:00:00+00:00,9987.720176827092
9987.720176827092,9987.720176827092,0.12279823172908211,9987.720176827092,0.0,0.0,0,0.0,0,-12.279823172907886,0.0,0.0,1714262400,0.0,2024-04-28T00:00:00+00:00,9987.720176827092
9987.720176827092,9987.720176827092,0.12279823172908211,9987.720176827092,0.0,0.0,0,0.0,0,-12.279823172907886,0.0,0.0,1714348800,0.0,2024-04-29T00:00:00+00:00,9987.720176827092
9987.720176827092,9987.720176827092,0.12279823172908211,9987.720176827092,0.0,0.0,0,0.0,0,-12.279823172907886,0.0,0.0,1714435200,0.0,2024-04-30T00:00:00+00:00,9987.720176827092
9987.720176827092,9987.720176827092,0.12279823172908211,9987.720176827092,0.0,0.0,0,0.0,0,-12.279823172907886,0.0,0.0,1714521600,0.0,2024-05-01T00:00:00+00:00,9987.720176827092
9987.720176827092,9987.720176827092,0.12279823172908211,9987.720176827092,0.0,0.0,0,0.0,0,-12.279823172907886,0.0,0.0,1714608000,0.0,2024-05-02T00:00:00+00:00,9987.720176827092
9987.720176827092,9987.720176827092,0.12279823172908211,9987.720176827092,0.0,0.0,0,0.0,0,-12.279823172907886,0.0,0.0,1714694400,0.0,2024-05-03T00:00:00+00:00,9987.720176827092
9987.720176827092,9987.720176827092,0.12279823172908211,9987.720176827092,0.0,0.0,0,0.0,0,-12.279823172907886,0.0,0.0,1714780800,0.0,2024-05-04T00:00:00+00:00,9987.720176827092
9987.720176827092,9987.720176827092,0.12279823172908211,9987.720176827092,0.0,0.0,0,0.0,0,-12.279823172907886,0.0,0.0,1714867200,0.0,2024-05-05T00:00:00+00:00,9987.720176827092
9987.720176827092,9987.720176827092,0.12279823172908211,9987.720176827092,0.0,0.0,0,0.0,0,-12.279823172907886,0.0,0.0,1714953600,0.0,2024-05-06T00:00:00+00:00,9987.720176827092
9987.720176827092,9987.720176827092,0.12279823172908211,9987.720176827092,0.0,0.0,0,0.0,0,-12.279823172907886,0.0,0.0,1715040000,0.0,2024-05-07T00:00:00+00:00,9987.720176827092
9987.720176827092,9987.720176827092,0.12279823172908211,9987.720176827092,0.0,0.0,0,0.0,0,-12.279823172907886,0.0,0.0,1715126400,0.0,2024-05-08T00:00:00+00:00,9987.720176827092
9987.720176827092,9987.720176827092,0.12279823172908211,9987.720176827092,0.0,0.0,0,0.0,0,-12.279823172907886,0.0,0.0,1715212800,0.0,2024-05-09T00:00:00+00:00,9987.720176827092
9987.720176827092,9987.720176827092,0.12279823172908211,9987.720176827092,0.0,0.0,0,0.0,0,-12.279823172907886,0.0,0.0,1715299200,0.0,2024-05-10T00:00:00+00:00,9987.720176827092
9987.720176827092,9987.720176827092,0.12279823172908211,9987.720176827092,0.0,0.0,0,0.0,0,-12.279823172907886,0.0,0.0,1715385600,0.0,2024-05-11T00:00:00+00:00,9987.720176827092
9987.720176827092,9987.720176827092,0.12279823172908211,9987.720176827092,0.0,0.0,0,0.0,0,-12.279823172907886,0.0,0.0,1715472000,0.0,2024-05-12T00:00:00+00:00,9987.720176827092
9987.720176827092,9987.720176827092,0.12279823172908211,9987.720176827092,0.0,0.0,0,0.0,0,-12.279823172907886,0.0,0.0,1715558400,0.0,2024-05-13T00:00:00+00:00,9987.720176827092
9987.720176827092,9987.720176827092,0.12279823172908211,9987.720176827092,0.0,0.0,0,0.0,0,-12.279823172907886,0.0,0.0,1715644800,0.0,2024-05-14T00:00:00+00:00,9987.720176827092
9987.720176827092,9987.720176827092,0.12279823172908211,9987.720176827092,0.0,0.0,0,0.0,0,-12.279823172907886,0.0,0.0,1715731200,0.0,2024-05-15T00:00:00+00:00,9987.720176827092
9987.720176827092,9987.720176827092,0.12279823172908211,9987.720176827092,0.0,0.0,0,0.0,0,-12.279823172907886,0.0,0.0,1715817600,0.0,2024-05-16T00:00:00+00:00,9987.720176827092
9987.720176827092,9987.720176827092,0.12279823172908211,9987.720176827092,0.0,0.0,0,0.0,0,-12.279823172907886,0.0,0.0,1715904000,0.0,2024-05-17T00:00:00+00:00,9987.720176827092
9987.720176827092,9987.720176827092,0.12279823172908211,9987.720176827092,0.0,0.0,0,0.0,0,-12.279823172907886,0.0,0.0,1715990400,0.0,2024-05-18T00:00:00+00:00,9987.720176827092
9987.720176827092,9987.720176827092,0.12279823172908211,9987.720176827092,0.0,0.0,0,0.0,0,-12.279823172907886,0.0,0.0,1716076800,0.0,2024-05-19T00:00:00+00:00,9987.720176827092
9987.720176827092,9987.720176827092,0.12279823172908211,9987.720176827092,0.0,0.0,0,0.0,0,-12.279823172907886,0.0,0.0,1716163200,0.0,2024-05-20T00:00:00+00:00,9987.720176827092
9987.720176827092,9987.720176827092,0.12279823172908211,9987.720176827092,0.0,0.0,0,0.0,0,-12.279823172907886,0.0,0.0,1716249600,0.0,2024-05-21T00:00:00+00:00,9987.720176827092
9987.720176827092,9987.720176827092,0.12279823172908211,9987.720176827092,0.0,0.0,0,0.0,0,-12.279823172907886,0.0,0.0,1716336000,0.0,2024-05-22T00:00:00+00:00,9987.720176827092
9987.720176827092,9987.720176827092,0.12279823172908211,9987.720176827092,0.0,0.0,0,0.0,0,-12.279823172907886,0.0,0.0,1716422400,0.0,2024-05-23T00:00:00+00:00,9987.720176827092
9987.720176827092,9987.720176827092,0.12279823172908211,9987.720176827092,0.0,0.0,0,0.0,0,-12.279823172907886,0.0,0.0,1716508800,0.0,2024-05-24T00:00:00+00:00,9987.720176827092
9987.720176827092,9987.720176827092,0.12279823172908211,9987.720176827092,0.0,0.0,0,0.0,0,-12.279823172907886,0.0,0.0,1716595200,0.0,2024-05-25T00:00:00+00:00,9987.720176827092
9987.720176827092,9987.720176827092,0.12279823172908211,9987.720176827092,0.0,0.0,0,0.0,0,-12.279823172907886,0.0,0.0,1716681600,0.0,2024-05-26T00:00:00+00:00,9987.720176827092
9987.720176827092,9987.720176827092,0.12279823172908211,9987.720176827092,0.0,0.0,0,0.0,0,-12.279823172907886,0.0,0.0,1716768000,0.0,2024-05-27T00:00:00+00:00,9987.720176827092
9987.720176827092,9987.720176827092,0.12279823172908211,9987.720176827092,0.0,0.0,0,0.0,0,-12.279823172907886,0.0,0.0,1716854400,0.0,2024-05-28T00:00:00+00:00,9987.720176827092
9987.720176827092,9987.720176827092,0.12279823172908211,9987.720176827092,0.0,0.0,0,0.0,0,-12.279823172907886,0.0,0.0,1716940800,0.0,2024-05-29T00:00:00+00:00,9987.720176827092
9987.720176827092,9987.720176827092,0.12279823172908211,9987.720176827092,0.0,0.0,0,0.0,0,-12.279823172907886,0.0,0.0,1717027200,0.0,2024-05-30T00:00:00+00:00,9987.720176827092
9987.720176827092,9987.720176827092,0.12279823172908211,9987.720176827092,0.0,0.0,0,0.0,0,-12.279823172907886,0.0,0.0,1717113600,0.0,2024-05-31T00:00:00+00:00,9987.720176827092
9987.720176827092,9987.720176827092,0.12279823172908211,9987.720176827092,0.0,0.0,0,0.0,0,-12.279823172907886,0.0,0.0,1717200000,0.0,2024-06-01T00:00:00+00:00,9987.720176827092
9987.720176827092,9987.720176827092,0.12279823172908211,9987.720176827092,0.0,0.0,0,0.0,0,-12.279823172907886,0.0,0.0,1717286400,0.0,2024-06-02T00:00:00+00:00,9987.720176827092
9987.720176827092,9987.720176827092,0.12279823172908211,9987.720176827092,0.0,0.0,0,0.0,0,-12.279823172907886,0.0,0.0,1717372800,0.0,2024-06-03T00:00:00+00:00,9987.720176827092
9987.720176827092,9987.720176827092,0.12279823172908211,9987.720176827092,0.0,0.0,0,0.0,0,-12.279823172907886,0.0,0.0,1717459200,0.0,2024-06-04T00:00:00+00:00,9987.720176827092
9987.720176827092,9987.720176827092,0.12279823172908211,9987.720176827092,0.0,0.0,0,0.0,0,-12.279823172907886,0.0,0.0,1717545600,0.0,2024-06-05T00:00:00+00:00,9987.720176827092
9987.720176827092,9987.720176827092,0.12279823172908211,9987.720176827092,0.0,0.0,0,0.0,0,-12.279823172907886,0.0,0.0,1717632000,0.0,2024-06-06T00:00:00+00:00,9987.720176827092
9987.720176827092,9987.720176827092,0.12279823172908211,9987.720176827092,0.0,0.0,0,0.0,0,-12.279823172907886,0.0,0.0,1717718400,0.0,2024-06-07T00:00:00+00:00,9987.720176827092
9987.720176827092,9987.720176827092,0.12279823172908211,9987.720176827092,0.0,0.0,0,0.0,0,-12.279823172907886,0.0,0.0,1717804800,0.0,2024-06-08T00:00:00+00:00,9987.720176827092
9987.720176827092,9987.720176827092,0.12279823172908211,9987.720176827092,0.0,0.0,0,0.0,0,-12.279823172907886,0.0,0.0,1717891200,0.0,2024-06-09T00:00:00+00:00,9987.720176827092
9987.720176827092,9987.720176827092,0.12279823172908211,9987.720176827092,0.0,0.0,0,0.0,0,-12.279823172907886,0.0,0.0,1717977600,0.0,2024-06-10T00:00:00+00:00,9987.720176827092
9987.720176827092,9987.720176827092,0.12279823172908211,9987.720176827092,0.0,0.0,0,0.0,0,-12.279823172907886,0.0,0.0,1718064000,0.0,2024-06-11T00:00:00+00:00,9987.720176827092
9952.881458971258,9953.089620783541,0.07601919307826943,9992.398080692174,348.97066,34.40691112126309,1,34.40691112126309,0,-12.503468095196096,0.20816181228364172,0.0,1718150400,4.901548787369101,2024-06-12T00:00:00+00:00,9987.496531904804
9952.806169768342,9953.014331580625,0.07875167909415781,9998.474463489258,355.12233200000003,34.40691112126309,1,34.40691112126309,0,-12.578757298111643,0.20816181228364172,0.0,1718236800,11.053220787369133,2024-06-13T00:00:00+00:00,9987.421242701888
9952.77008724065,9952.978249052932,0.16971302175081693,9989.372548961564,346.05649999999997,34.40691112126309,1,34.40691112126309,0,-12.614839825804513,0.20816181228364172,0.0,1718323200,1.9873887873691185,2024-06-14T00:00:00+00:00,9987.385160174195
9952.722905043429,9952.931066855712,0.1572387306806644,9990.620770764344,347.351904,34.40691112126309,1,34.40691112126309,0,-12.6620220230251,0.20816181228364172,0.0,1718409600,3.2827927873691203,2024-06-15T00:00:00+00:00,9987.337977976975
9952.637421072748,9952.845582885031,0.07140195653110304,9999.209902793664,356.02652,34.40691112126309,1,34.40691112126309,0,-12.747505993705879,0.20816181228364172,0.0,1718496000,11.957408787369127,2024-06-16T00:00:00+00:00,9987.252494006294
9952.587610187518,9952.795771999801,0.017503395955564827,10004.603183908433,361.469612,34.40691112126309,1,34.40691112126309,0,-12.797316878936131,0.20816181228364172,0.0,1718582400,17.400500787369126,2024-06-17T00:00:00+00:00,9987.202683121064
9952.602387955845,9952.810549768128,0.12978880498450973,9993.36750767676,350.219158,34.40691112126309,1,34.40691112126309,0,-12.782539110609548,0.20816181228364172,0.0,1718668800,6.1500467873691225,2024-06-18T00:00:00+00:00,9987.217460889391
9952.570929717007,9952.77909152929,0.15694231230796163,9990.650431437922,347.53354,34.40691112126309,1,34.40691112126309,0,-12.81399734944772,0.20816181228364172,0.0,1718755200,3.464428787369137,2024-06-19T00:00:00+00:00,9987.186002650553
9952.48143390049,9952.689595712773,0.0815282133862838,9998.196633621405,355.169238,34.40691112126309,1,34.40691112126309,0,-12.903493165965237,0.20816181228364172,0.0,1718841600,11.100126787369113,2024-06-20T00:00:00+00:00,9987.096506834036
9952.474865621156,9952.683027433439,0.12960706382129095,9993.38569334207,350.364866,34.40691112126309,1,34.40691112126309,0,-12.910061445298286,0.20816181228364172,0.0,1718928000,6.295754787369126,2024-06-21T00:00:00+00:00,9987.089938554702
9952.392216779952,9952.600378592235,0.12452861939979964,9993.893860500866,350.955682,34.40691112126309,1,34.40691112126309,0,-12.992710286502673,0.20816181228364172,0.0,1719014400,6.886570787369133,2024-06-22T00:00:00+00:00,9987.007289713498
9952.34333144063,9952.551493252913,0.14769726995941257,9991.575523161546,348.68622999999997,34.40691112126309,1,34.40691112126309,0,-13.041595625823764,0.20816181228364172,0.0,1719100800,4.617118787369109,2024-06-23T00:00:00+00:00,9986.958404374176
9952.322931583027,9952.53109339531,0.22239442121644304,9984.101061303942,341.232168,34.40691112126309,1,34.40691112126309,0,-13.061995483427559,0.20816181228364172,0.0,1719187200,-2.8369432126308958,2024-06-24T00:00:00+00:00,9986.938004516573
9974.910069536672,9974.910069536672,0.3142459705749334,9974.910069536672,0.0,0.0,0,0.0,0,-25.08993046332792,0.0,0.0,1719273600,0.0,2024-06-25T00:00:00+00:00,9974.910069536672
9974.910069536672,9974.910069536672,0.3142459705749334,9974.910069536672,0.0,0.0,0,0.0,0,-25.08993046332792,0.0,0.0,1719360000,0.0,2024-06-26T00:00:00+00:00,9974.910069536672
9974.910069536672,9974.910069536672,0.3142459705749334,9974.910069536672,0.0,0.0,0,0.0,0,-25.08993046332792,0.0,0.0,1719446400,0.0,2024-06-27T00:00:00+00:00,9974.910069536672
9974.910069536672,9974.910069536672,0.3142459705749334,9974.910069536672,0.0,0.0,0,0.0,0,-25.08993046332792,0.0,0.0,1719532800,0.0,2024-06-28T00:00:00+00:00,9974.910069536672
9974.910069536672,9974.910069536672,0.3142459705749334,9974.910069536672,0.0,0.0,0,0.0,0,-25.08993046332792,0.0,0.0,1719619200,0.0,2024-06-29T00:00:00+00:00,9974.910069536672
9974.910069536672,9974.910069536672,0.3142459705749334,9974.910069536672,0.0,0.0,0,0.0,0,-25.08993046332792,0.0,0.0,1719705600,0.0,2024-06-30T00:00:00+00:00,9974.910069536672
9974.910069536672,9974.910069536672,0.3142459705749334,9974.910069536672,0.0,0.0,0,0.0,0,-25.08993046332792,0.0,0.0,1719792000,0.0,2024-07-01T00:00:00+00:00,9974.910069536672
9974.910069536672,9974.910069536672,0.3142459705749334,9974.910069536672,0.0,0.0,0,0.0,0,-25.08993046332792,0.0,0.0,1719878400,0.0,2024-07-02T00:00:00+00:00,9974.910069536672
9974.910069536672,9974.910069536672,0.3142459705749334,9974.910069536672,0.0,0.0,0,0.0,0,-25.08993046332792,0.0,0.0,1719964800,0.0,2024-07-03T00:00:00+00:00,9974.910069536672
9974.910069536672,9974.910069536672,0.3142459705749334,9974.910069536672,0.0,0.0,0,0.0,0,-25.08993046332792,0.0,0.0,1720051200,0.0,2024-07-04T00:00:00+00:00,9974.910069536672
9974.910069536672,9974.910069536672,0.3142459705749334,9974.910069536672,0.0,0.0,0,0.0,0,-25.08993046332792,0.0,0.0,1720137600,0.0,2024-07-05T00:00:00+00:00,9974.910069536672
9974.910069536672,9974.910069536672,0.3142459705749334,9974.910069536672,0.0,0.0,0,0.0,0,-25.08993046332792,0.0,0.0,1720224000,0.0,2024-07-06T00:00:00+00:00,9974.910069536672
9931.894446310087,9932.151917148756,0.2774570566505652,9978.591298730596,421.68941600000005,42.55716341653095,1,42.55716341653095,0,-25.290919434711512,0.2574708386700123,0.0,1720310400,3.882218165309436,2024-07-07T00:00:00+00:00,9974.709080565288
9932.019781412066,9932.277252250735,0.06622617516252038,9999.727809832577,400.67823999999996,42.55716341653095,1,42.55716341653095,0,-25.165584332733488,0.2574708386700123,0.0,1720396800,24.89339416530951,2024-07-08T00:00:00+00:00,9974.834415667267
9932.100937922702,9932.35840876137,0.38488437246110285,9969.880256343213,430.60695,42.55716341653095,1,42.55716341653095,0,-25.084427822098164,0.2574708386700123,0.0,1720483200,-5.035315834690526,2024-07-09T00:00:00+00:00,9974.915572177903
9962.925478048926,9962.925478048926,0.45437377716167626,9962.925478048926,0.0,0.0,0,0.0,0,-37.07452195107303,0.0,0.0,1720569600,0.0,2024-07-10T00:00:00+00:00,9962.925478048926
9962.925478048926,9962.925478048926,0.45437377716167626,9962.925478048926,0.0,0.0,0,0.0,0,-37.07452195107303,0.0,0.0,1720656000,0.0,2024-07-11T00:00:00+00:00,9962.925478048926
9962.925478048926,9962.925478048926,0.45437377716167626,9962.925478048926,0.0,0.0,0,0.0,0,-37.07452195107303,0.0,0.0,1720742400,0.0,2024-07-12T00:00:00+00:00,9962.925478048926
9962.925478048926,9962.925478048926,0.45437377716167626,9962.925478048926,0.0,0.0,0,0.0,0,-37.07452195107303,0.0,0.0,1720828800,0.0,2024-07-13T00:00:00+00:00,9962.925478048926
9962.925478048926,9962.925478048926,0.45437377716167626,9962.925478048926,0.0,0.0,0,0.0,0,-37.07452195107303,0.0,0.0,1720915200,0.0,2024-07-14T00:00:00+00:00,9962.925478048926
9962.925478048926,9962.925478048926,0.45437377716167626,9962.925478048926,0.0,0.0,0,0.0,0,-37.07452195107303,0.0,0.0,1721001600,0.0,2024-07-15T00:00:00+00:00,9962.925478048926
9962.925478048926,9962.925478048926,0.45437377716167626,9962.925478048926,0.0,0.0,0,0.0,0,-37.07452195107303,0.0,0.0,1721088000,0.0,2024-07-16T00:00:00+00:00,9962.925478048926
9962.925478048926,9962.925478048926,0.45437377716167626,9962.925478048926,0.0,0.0,0,0.0,0,-37.07452195107303,0.0,0.0,1721174400,0.0,2024-07-17T00:00:00+00:00,9962.925478048926
9962.925478048926,9962.925478048926,0.45437377716167626,9962.925478048926,0.0,0.0,0,0.0,0,-37.07452195107303,0.0,0.0,1721260800,0.0,2024-07-18T00:00:00+00:00,9962.925478048926
9962.925478048926,9962.925478048926,0.45437377716167626,9962.925478048926,0.0,0.0,0,0.0,0,-37.07452195107303,0.0,0.0,1721347200,0.0,2024-07-19T00:00:00+00:00,9962.925478048926
9962.925478048926,9962.925478048926,0.45437377716167626,9962.925478048926,0.0,0.0,0,0.0,0,-37.07452195107303,0.0,0.0,1721433600,0.0,2024-07-20T00:00:00+00:00,9962.925478048926
9962.925478048926,9962.925478048926,0.45437377716167626,9962.925478048926,0.0,0.0,0,0.0,0,-37.07452195107303,0.0,0.0,1721520000,0.0,2024-07-21T00:00:00+00:00,9962.925478048926
9962.925478048926,9962.925478048926,0.45437377716167626,9962.925478048926,0.0,0.0,0,0.0,0,-37.07452195107303,0.0,0.0,1721606400,0.0,2024-07-22T00:00:00+00:00,9962.925478048926
9962.925478048926,9962.925478048926,0.45437377716167626,9962.925478048926,0.0,0.0,0,0.0,0,-37.07452195107303,0.0,0.0,1721692800,0.0,2024-07-23T00:00:00+00:00,9962.925478048926
9962.925478048926,9962.925478048926,0.45437377716167626,9962.925478048926,0.0,0.0,0,0.0,0,-37.07452195107303,0.0,0.0,1721779200,0.0,2024-07-24T00:00:00+00:00,9962.925478048926
9962.925478048926,9962.925478048926,0.45437377716167626,9962.925478048926,0.0,0.0,0,0.0,0,-37.07452195107303,0.0,0.0,1721865600,0.0,2024-07-25T00:00:00+00:00,9962.925478048926
9962.925478048926,9962.925478048926,0.45437377716167626,9962.925478048926,0.0,0.0,0,0.0,0,-37.07452195107303,0.0,0.0,1721952000,0.0,2024-07-26T00:00:00+00:00,9962.925478048926
9962.925478048926,9962.925478048926,0.45437377716167626,9962.925478048926,0.0,0.0,0,0.0,0,-37.07452195107303,0.0,0.0,1722038400,0.0,2024-07-27T00:00:00+00:00,9962.925478048926
9962.925478048926,9962.925478048926,0.45437377716167626,9962.925478048926,0.0,0.0,0,0.0,0,-37.07452195107303,0.0,0.0,1722124800,0.0,2024-07-28T00:00:00+00:00,9962.925478048926
9962.925478048926,9962.925478048926,0.45437377716167626,9962.925478048926,0.0,0.0,0,0.0,0,-37.07452195107303,0.0,0.0,1722211200,0.0,2024-07-29T00:00:00+00:00,9962.925478048926
9962.925478048926,9962.925478048926,0.45437377716167626,9962.925478048926,0.0,0.0,0,0.0,0,-37.07452195107303,0.0,0.0,1722297600,0.0,2024-07-30T00:00:00+00:00,9962.925478048926
9962.925478048926,9962.925478048926,0.45437377716167626,9962.925478048926,0.0,0.0,0,0.0,0,-37.07452195107303,0.0,0.0,1722384000,0.0,2024-07-31T00:00:00+00:00,9962.925478048926
9962.925478048926,9962.925478048926,0.45437377716167626,9962.925478048926,0.0,0.0,0,0.0,0,-37.07452195107303,0.0,0.0,1722470400,0.0,2024-08-01T00:00:00+00:00,9962.925478048926
9962.925478048926,9962.925478048926,0.45437377716167626,9962.925478048926,0.0,0.0,0,0.0,0,-37.07452195107303,0.0,0.0,1722556800,0.0,2024-08-02T00:00:00+00:00,9962.925478048926
9962.925478048926,9962.925478048926,0.45437377716167626,9962.925478048926,0.0,0.0,0,0.0,0,-37.07452195107303,0.0,0.0,1722643200,0.0,2024-08-03T00:00:00+00:00,9962.925478048926
9962.925478048926,9962.925478048926,0.45437377716167626,9962.925478048926,0.0,0.0,0,0.0,0,-37.07452195107303,0.0,0.0,1722729600,0.0,2024-08-04T00:00:00+00:00,9962.925478048926
9962.925478048926,9962.925478048926,0.45437377716167626,9962.925478048926,0.0,0.0,0,0.0,0,-37.07452195107303,0.0,0.0,1722816000,0.0,2024-08-05T00:00:00+00:00,9962.925478048926
9962.925478048926,9962.925478048926,0.45437377716167626,9962.925478048926,0.0,0.0,0,0.0,0,-37.07452195107303,0.0,0.0,1722902400,0.0,2024-08-06T00:00:00+00:00,9962.925478048926
9962.925478048926,9962.925478048926,0.45437377716167626,9962.925478048926,0.0,0.0,0,0.0,0,-37.07452195107303,0.0,0.0,1722988800,0.0,2024-08-07T00:00:00+00:00,9962.925478048926
9962.925478048926,9962.925478048926,0.45437377716167626,9962.925478048926,0.0,0.0,0,0.0,0,-37.07452195107303,0.0,0.0,1723075200,0.0,2024-08-08T00:00:00+00:00,9962.925478048926
9962.925478048926,9962.925478048926,0.45437377716167626,9962.925478048926,0.0,0.0,0,0.0,0,-37.07452195107303,0.0,0.0,1723161600,0.0,2024-08-09T00:00:00+00:00,9962.925478048926
9962.925478048926,9962.925478048926,0.45437377716167626,9962.925478048926,0.0,0.0,0,0.0,0,-37.07452195107303,0.0,0.0,1723248000,0.0,2024-08-10T00:00:00+00:00,9962.925478048926
9962.925478048926,9962.925478048926,0.45437377716167626,9962.925478048926,0.0,0.0,0,0.0,0,-37.07452195107303,0.0,0.0,1723334400,0.0,2024-08-11T00:00:00+00:00,9962.925478048926
9962.925478048926,9962.925478048926,0.45437377716167626,9962.925478048926,0.0,0.0,0,0.0,0,-37.07452195107303,0.0,0.0,1723420800,0.0,2024-08-12T00:00:00+00:00,9962.925478048926
9962.925478048926,9962.925478048926,0.45437377716167626,9962.925478048926,0.0,0.0,0,0.0,0,-37.07452195107303,0.0,0.0,1723507200,0.0,2024-08-13T00:00:00+00:00,9962.925478048926
9962.925478048926,9962.925478048926,0.45437377716167626,9962.925478048926,0.0,0.0,0,0.0,0,-37.07452195107303,0.0,0.0,1723593600,0.0,2024-08-14T00:00:00+00:00,9962.925478048926
9962.925478048926,9962.925478048926,0.45437377716167626,9962.925478048926,0.0,0.0,0,0.0,0,-37.07452195107303,0.0,0.0,1723680000,0.0,2024-08-15T00:00:00+00:00,9962.925478048926
9962.925478048926,9962.925478048926,0.45437377716167626,9962.925478048926,0.0,0.0,0,0.0,0,-37.07452195107303,0.0,0.0,1723766400,0.0,2024-08-16T00:00:00+00:00,9962.925478048926
9962.925478048926,9962.925478048926,0.45437377716167626,9962.925478048926,0.0,0.0,0,0.0,0,-37.07452195107303,0.0,0.0,1723852800,0.0,2024-08-17T00:00:00+00:00,9962.925478048926
9962.925478048926,9962.925478048926,0.45437377716167626,9962.925478048926,0.0,0.0,0,0.0,0,-37.07452195107303,0.0,0.0,1723939200,0.0,2024-08-18T00:00:00+00:00,9962.925478048926
9962.925478048926,9962.925478048926,0.45437377716167626,9962.925478048926,0.0,0.0,0,0.0,0,-37.07452195107303,0.0,0.0,1724025600,0.0,2024-08-19T00:00:00+00:00,9962.925478048926
9962.925478048926,9962.925478048926,0.45437377716167626,9962.925478048926,0.0,0.0,0,0.0,0,-37.07452195107303,0.0,0.0,1724112000,0.0,2024-08-20T00:00:00+00:00,9962.925478048926
9962.925478048926,9962.925478048926,0.45437377716167626,9962.925478048926,0.0,0.0,0,0.0,0,-37.07452195107303,0.0,0.0,1724198400,0.0,2024-08-21T00:00:00+00:00,9962.925478048926
9962.925478048926,9962.925478048926,0.45437377716167626,9962.925478048926,0.0,0.0,0,0.0,0,-37.07452195107303,0.0,0.0,1724284800,0.0,2024-08-22T00:00:00+00:00,9962.925478048926
9962.925478048926,9962.925478048926,0.45437377716167626,9962.925478048926,0.0,0.0,0,0.0,0,-37.07452195107303,0.0,0.0,1724371200,0.0,2024-08-23T00:00:00+00:00,9962.925478048926
9962.925478048926,9962.925478048926,0.45437377716167626,9962.925478048926,0.0,0.0,0,0.0,0,-37.07452195107303,0.0,0.0,1724457600,0.0,2024-08-24T00:00:00+00:00,9962.925478048926
9962.925478048926,9962.925478048926,0.45437377716167626,9962.925478048926,0.0,0.0,0,0.0,0,-37.07452195107303,0.0,0.0,1724544000,0.0,2024-08-25T00:00:00+00:00,9962.925478048926
9962.925478048926,9962.925478048926,0.45437377716167626,9962.925478048926,0.0,0.0,0,0.0,0,-37.07452195107303,0.0,0.0,1724630400,0.0,2024-08-26T00:00:00+00:00,9962.925478048926
9962.925478048926,9962.925478048926,0.45437377716167626,9962.925478048926,0.0,0.0,0,0.0,0,-37.07452195107303,0.0,0.0,1724716800,0.0,2024-08-27T00:00:00+00:00,9962.925478048926
9962.925478048926,9962.925478048926,0.45437377716167626,9962.925478048926,0.0,0.0,0,0.0,0,-37.07452195107303,0.0,0.0,1724803200,0.0,2024-08-28T00:00:00+00:00,9962.925478048926
9962.925478048926,9962.925478048926,0.45437377716167626,9962.925478048926,0.0,0.0,0,0.0,0,-37.07452195107303,0.0,0.0,1724889600,0.0,2024-08-29T00:00:00+00:00,9962.925478048926
9962.925478048926,9962.925478048926,0.45437377716167626,9962.925478048926,0.0,0.0,0,0.0,0,-37.07452195107303,0.0,0.0,1724976000,0.0,2024-08-30T00:00:00+00:00,9962.925478048926
9962.925478048926,9962.925478048926,0.45437377716167626,9962.925478048926,0.0,0.0,0,0.0,0,-37.07452195107303,0.0,0.0,1725062400,0.0,2024-08-31T00:00:00+00:00,9962.925478048926
9962.925478048926,9962.925478048926,0.45437377716167626,9962.925478048926,0.0,0.0,0,0.0,0,-37.07452195107303,0.0,0.0,1725148800,0.0,2024-09-01T00:00:00+00:00,9962.925478048926
9962.925478048926,9962.925478048926,0.45437377716167626,9962.925478048926,0.0,0.0,0,0.0,0,-37.07452195107303,0.0,0.0,1725235200,0.0,2024-09-02T00:00:00+00:00,9962.925478048926
9962.925478048926,9962.925478048926,0.45437377716167626,9962.925478048926,0.0,0.0,0,0.0,0,-37.07452195107303,0.0,0.0,1725321600,0.0,2024-09-03T00:00:00+00:00,9962.925478048926
9962.925478048926,9962.925478048926,0.45437377716167626,9962.925478048926,0.0,0.0,0,0.0,0,-37.07452195107303,0.0,0.0,1725408000,0.0,2024-09-04T00:00:00+00:00,9962.925478048926
9962.925478048926,9962.925478048926,0.45437377716167626,9962.925478048926,0.0,0.0,0,0.0,0,-37.07452195107303,0.0,0.0,1725494400,0.0,2024-09-05T00:00:00+00:00,9962.925478048926
9962.925478048926,9962.925478048926,0.45437377716167626,9962.925478048926,0.0,0.0,0,0.0,0,-37.07452195107303,0.0,0.0,1725580800,0.0,2024-09-06T00:00:00+00:00,9962.925478048926
9962.925478048926,9962.925478048926,0.45437377716167626,9962.925478048926,0.0,0.0,0,0.0,0,-37.07452195107303,0.0,0.0,1725667200,0.0,2024-09-07T00:00:00+00:00,9962.925478048926
9962.925478048926,9962.925478048926,0.45437377716167626,9962.925478048926,0.0,0.0,0,0.0,0,-37.07452195107303,0.0,0.0,1725753600,0.0,2024-09-08T00:00:00+00:00,9962.925478048926
9962.925478048926,9962.925478048926,0.45437377716167626,9962.925478048926,0.0,0.0,0,0.0,0,-37.07452195107303,0.0,0.0,1725840000,0.0,2024-09-09T00:00:00+00:00,9962.925478048926
9962.925478048926,9962.925478048926,0.45437377716167626,9962.925478048926,0.0,0.0,0,0.0,0,-37.07452195107303,0.0,0.0,1725926400,0.0,2024-09-10T00:00:00+00:00,9962.925478048926
9962.925478048926,9962.925478048926,0.45437377716167626,9962.925478048926,0.0,0.0,0,0.0,0,-37.07452195107303,0.0,0.0,1726012800,0.0,2024-09-11T00:00:00+00:00,9962.925478048926
9962.925478048926,9962.925478048926,0.45437377716167626,9962.925478048926,0.0,0.0,0,0.0,0,-37.07452195107303,0.0,0.0,1726099200,0.0,2024-09-12T00:00:00+00:00,9962.925478048926
9962.925478048926,9962.925478048926,0.45437377716167626,9962.925478048926,0.0,0.0,0,0.0,0,-37.07452195107303,0.0,0.0,1726185600,0.0,2024-09-13T00:00:00+00:00,9962.925478048926
9962.925478048926,9962.925478048926,0.45437377716167626,9962.925478048926,0.0,0.0,0,0.0,0,-37.07452195107303,0.0,0.0,1726272000,0.0,2024-09-14T00:00:00+00:00,9962.925478048926
9962.925478048926,9962.925478048926,0.45437377716167626,9962.925478048926,0.0,0.0,0,0.0,0,-37.07452195107303,0.0,0.0,1726358400,0.0,2024-09-15T00:00:00+00:00,9962.925478048926
9962.925478048926,9962.925478048926,0.45437377716167626,9962.925478048926,0.0,0.0,0,0.0,0,-37.07452195107303,0.0,0.0,1726444800,0.0,2024-09-16T00:00:00+00:00,9962.925478048926
9962.925478048926,9962.925478048926,0.45437377716167626,9962.925478048926,0.0,0.0,0,0.0,0,-37.07452195107303,0.0,0.0,1726531200,0.0,2024-09-17T00:00:00+00:00,9962.925478048926
9962.925478048926,9962.925478048926,0.45437377716167626,9962.925478048926,0.0,0.0,0,0.0,0,-37.07452195107303,0.0,0.0,1726617600,0.0,2024-09-18T00:00:00+00:00,9962.925478048926
9962.925478048926,9962.925478048926,0.45437377716167626,9962.925478048926,0.0,0.0,0,0.0,0,-37.07452195107303,0.0,0.0,1726704000,0.0,2024-09-19T00:00:00+00:00,9962.925478048926
9962.925478048926,9962.925478048926,0.45437377716167626,9962.925478048926,0.0,0.0,0,0.0,0,-37.07452195107303,0.0,0.0,1726790400,0.0,2024-09-20T00:00:00+00:00,9962.925478048926
9962.925478048926,9962.925478048926,0.45437377716167626,9962.925478048926,0.0,0.0,0,0.0,0,-37.07452195107303,0.0,0.0,1726876800,0.0,2024-09-21T00:00:00+00:00,9962.925478048926
9962.925478048926,9962.925478048926,0.45437377716167626,9962.925478048926,0.0,0.0,0,0.0,0,-37.07452195107303,0.0,0.0,1726963200,0.0,2024-09-22T00:00:00+00:00,9962.925478048926
9962.925478048926,9962.925478048926,0.45437377716167626,9962.925478048926,0.0,0.0,0,0.0,0,-37.07452195107303,0.0,0.0,1727049600,0.0,2024-09-23T00:00:00+00:00,9962.925478048926
9962.925478048926,9962.925478048926,0.45437377716167626,9962.925478048926,0.0,0.0,0,0.0,0,-37.07452195107303,0.0,0.0,1727136000,0.0,2024-09-24T00:00:00+00:00,9962.925478048926
9962.925478048926,9962.925478048926,0.45437377716167626,9962.925478048926,0.0,0.0,0,0.0,0,-37.07452195107303,0.0,0.0,1727222400,0.0,2024-09-25T00:00:00+00:00,9962.925478048926
9962.925478048926,9962.925478048926,0.45437377716167626,9962.925478048926,0.0,0.0,0,0.0,0,-37.07452195107303,0.0,0.0,1727308800,0.0,2024-09-26T00:00:00+00:00,9962.925478048926
9962.925478048926,9962.925478048926,0.45437377716167626,9962.925478048926,0.0,0.0,0,0.0,0,-37.07452195107303,0.0,0.0,1727395200,0.0,2024-09-27T00:00:00+00:00,9962.925478048926
9962.925478048926,9962.925478048926,0.45437377716167626,9962.925478048926,0.0,0.0,0,0.0,0,-37.07452195107303,0.0,0.0,1727481600,0.0,2024-09-28T00:00:00+00:00,9962.925478048926
9962.925478048926,9962.925478048926,0.45437377716167626,9962.925478048926,0.0,0.0,0,0.0,0,-37.07452195107303,0.0,0.0,1727568000,0.0,2024-09-29T00:00:00+00:00,9962.925478048926
9962.925478048926,9962.925478048926,0.45437377716167626,9962.925478048926,0.0,0.0,0,0.0,0,-37.07452195107303,0.0,0.0,1727654400,0.0,2024-09-30T00:00:00+00:00,9962.925478048926
9962.925478048926,9962.925478048926,0.45437377716167626,9962.925478048926,0.0,0.0,0,0.0,0,-37.07452195107303,0.0,0.0,1727740800,0.0,2024-10-01T00:00:00+00:00,9962.925478048926
9962.925478048926,9962.925478048926,0.45437377716167626,9962.925478048926,0.0,0.0,0,0.0,0,-37.07452195107303,0.0,0.0,1727827200,0.0,2024-10-02T00:00:00+00:00,9962.925478048926
9962.925478048926,9962.925478048926,0.45437377716167626,9962.925478048926,0.0,0.0,0,0.0,0,-37.07452195107303,0.0,0.0,1727913600,0.0,2024-10-03T00:00:00+00:00,9962.925478048926
9962.925478048926,9962.925478048926,0.45437377716167626,9962.925478048926,0.0,0.0,0,0.0,0,-37.07452195107303,0.0,0.0,1728000000,0.0,2024-10-04T00:00:00+00:00,9962.925478048926
9962.925478048926,9962.925478048926,0.45437377716167626,9962.925478048926,0.0,0.0,0,0.0,0,-37.07452195107303,0.0,0.0,1728086400,0.0,2024-10-05T00:00:00+00:00,9962.925478048926
9962.925478048926,9962.925478048926,0.45437377716167626,9962.925478048926,0.0,0.0,0,0.0,0,-37.07452195107303,0.0,0.0,1728172800,0.0,2024-10-06T00:00:00+00:00,9962.925478048926
9962.925478048926,9962.925478048926,0.45437377716167626,9962.925478048926,0.0,0.0,0,0.0,0,-37.07452195107303,0.0,0.0,1728259200,0.0,2024-10-07T00:00:00+00:00,9962.925478048926
9962.925478048926,9962.925478048926,0.45437377716167626,9962.925478048926,0.0,0.0,0,0.0,0,-37.07452195107303,0.0,0.0,1728345600,0.0,2024-10-08T00:00:00+00:00,9962.925478048926
9962.925478048926,9962.925478048926,0.45437377716167626,9962.925478048926,0.0,0.0,0,0.0,0,-37.07452195107303,0.0,0.0,1728432000,0.0,2024-10-09T00:00:00+00:00,9962.925478048926
9962.925478048926,9962.925478048926,0.45437377716167626,9962.925478048926,0.0,0.0,0,0.0,0,-37.07452195107303,0.0,0.0,1728518400,0.0,2024-10-10T00:00:00+00:00,9962.925478048926
9962.925478048926,9962.925478048926,0.45437377716167626,9962.925478048926,0.0,0.0,0,0.0,0,-37.07452195107303,0.0,0.0,1728604800,0.0,2024-10-11T00:00:00+00:00,9962.925478048926
9962.925478048926,9962.925478048926,0.45437377716167626,9962.925478048926,0.0,0.0,0,0.0,0,-37.07452195107303,0.0,0.0,1728691200,0.0,2024-10-12T00:00:00+00:00,9962.925478048926
9962.925478048926,9962.925478048926,0.45437377716167626,9962.925478048926,0.0,0.0,0,0.0,0,-37.07452195107303,0.0,0.0,1728777600,0.0,2024-10-13T00:00:00+00:00,9962.925478048926
9962.925478048926,9962.925478048926,0.45437377716167626,9962.925478048926,0.0,0.0,0,0.0,0,-37.07452195107303,0.0,0.0,1728864000,0.0,2024-10-14T00:00:00+00:00,9962.925478048926
9962.925478048926,9962.925478048926,0.45437377716167626,9962.925478048926,0.0,0.0,0,0.0,0,-37.07452195107303,0.0,0.0,1728950400,0.0,2024-10-15T00:00:00+00:00,9962.925478048926
9962.925478048926,9962.925478048926,0.45437377716167626,9962.925478048926,0.0,0.0,0,0.0,0,-37.07452195107303,0.0,0.0,1729036800,0.0,2024-10-16T00:00:00+00:00,9962.925478048926
9962.925478048926,9962.925478048926,0.45437377716167626,9962.925478048926,0.0,0.0,0,0.0,0,-37.07452195107303,0.0,0.0,1729123200,0.0,2024-10-17T00:00:00+00:00,9962.925478048926
9962.925478048926,9962.925478048926,0.45437377716167626,9962.925478048926,0.0,0.0,0,0.0,0,-37.07452195107303,0.0,0.0,1729209600,0.0,2024-10-18T00:00:00+00:00,9962.925478048926
9962.925478048926,9962.925478048926,0.45437377716167626,9962.925478048926,0.0,0.0,0,0.0,0,-37.07452195107303,0.0,0.0,1729296000,0.0,2024-10-19T00:00:00+00:00,9962.925478048926
9962.925478048926,9962.925478048926,0.45437377716167626,9962.925478048926,0.0,0.0,0,0.0,0,-37.07452195107303,0.0,0.0,1729382400,0.0,2024-10-20T00:00:00+00:00,9962.925478048926
9962.925478048926,9962.925478048926,0.45437377716167626,9962.925478048926,0.0,0.0,0,0.0,0,-37.07452195107303,0.0,0.0,1729468800,0.0,2024-10-21T00:00:00+00:00,9962.925478048926
9962.925478048926,9962.925478048926,0.45437377716167626,9962.925478048926,0.0,0.0,0,0.0,0,-37.07452195107303,0.0,0.0,1729555200,0.0,2024-10-22T00:00:00+00:00,9962.925478048926
9962.925478048926,9962.925478048926,0.45437377716167626,9962.925478048926,0.0,0.0,0,0.0,0,-37.07452195107303,0.0,0.0,1729641600,0.0,2024-10-23T00:00:00+00:00,9962.925478048926
9962.925478048926,9962.925478048926,0.45437377716167626,9962.925478048926,0.0,0.0,0,0.0,0,-37.07452195107303,0.0,0.0,1729728000,0.0,2024-10-24T00:00:00+00:00,9962.925478048926
9962.925478048926,9962.925478048926,0.45437377716167626,9962.925478048926,0.0,0.0,0,0.0,0,-37.07452195107303,0.0,0.0,1729814400,0.0,2024-10-25T00:00:00+00:00,9962.925478048926
9962.925478048926,9962.925478048926,0.45437377716167626,9962.925478048926,0.0,0.0,0,0.0,0,-37.07452195107303,0.0,0.0,1729900800,0.0,2024-10-26T00:00:00+00:00,9962.925478048926
9962.925478048926,9962.925478048926,0.45437377716167626,9962.925478048926,0.0,0.0,0,0.0,0,-37.07452195107303,0.0,0.0,1729987200,0.0,2024-10-27T00:00:00+00:00,9962.925478048926
9962.925478048926,9962.925478048926,0.45437377716167626,9962.925478048926,0.0,0.0,0,0.0,0,-37.07452195107303,0.0,0.0,1730073600,0.0,2024-10-28T00:00:00+00:00,9962.925478048926
9962.925478048926,9962.925478048926,0.45437377716167626,9962.925478048926,0.0,0.0,0,0.0,0,-37.07452195107303,0.0,0.0,1730160000,0.0,2024-10-29T00:00:00+00:00,9962.925478048926
9962.925478048926,9962.925478048926,0.45437377716167626,9962.925478048926,0.0,0.0,0,0.0,0,-37.07452195107303,0.0,0.0,1730246400,0.0,2024-10-30T00:00:00+00:00,9962.925478048926
9962.925478048926,9962.925478048926,0.45437377716167626,9962.925478048926,0.0,0.0,0,0.0,0,-37.07452195107303,0.0,0.0,1730332800,0.0,2024-10-31T00:00:00+00:00,9962.925478048926
9962.925478048926,9962.925478048926,0.45437377716167626,9962.925478048926,0.0,0.0,0,0.0,0,-37.07452195107303,0.0,0.0,1730419200,0.0,2024-11-01T00:00:00+00:00,9962.925478048926
9962.925478048926,9962.925478048926,0.45437377716167626,9962.925478048926,0.0,0.0,0,0.0,0,-37.07452195107303,0.0,0.0,1730505600,0.0,2024-11-02T00:00:00+00:00,9962.925478048926
9962.925478048926,9962.925478048926,0.45437377716167626,9962.925478048926,0.0,0.0,0,0.0,0,-37.07452195107303,0.0,0.0,1730592000,0.0,2024-11-03T00:00:00+00:00,9962.925478048926
9962.925478048926,9962.925478048926,0.45437377716167626,9962.925478048926,0.0,0.0,0,0.0,0,-37.07452195107303,0.0,0.0,1730678400,0.0,2024-11-04T00:00:00+00:00,9962.925478048926
9962.925478048926,9962.925478048926,0.45437377716167626,9962.925478048926,0.0,0.0,0,0.0,0,-37.07452195107303,0.0,0.0,1730764800,0.0,2024-11-05T00:00:00+00:00,9962.925478048926
9962.925478048926,9962.925478048926,0.45437377716167626,9962.925478048926,0.0,0.0,0,0.0,0,-37.07452195107303,0.0,0.0,1730851200,0.0,2024-11-06T00:00:00+00:00,9962.925478048926
9962.925478048926,9962.925478048926,0.45437377716167626,9962.925478048926,0.0,0.0,0,0.0,0,-37.07452195107303,0.0,0.0,1730937600,0.0,2024-11-07T00:00:00+00:00,9962.925478048926
9962.925478048926,9962.925478048926,0.45437377716167626,9962.925478048926,0.0,0.0,0,0.0,0,-37.07452195107303,0.0,0.0,1731024000,0.0,2024-11-08T00:00:00+00:00,9962.925478048926
9962.925478048926,9962.925478048926,0.45437377716167626,9962.925478048926,0.0,0.0,0,0.0,0,-37.07452195107303,0.0,0.0,1731110400,0.0,2024-11-09T00:00:00+00:00,9962.925478048926
9962.925478048926,9962.925478048926,0.45437377716167626,9962.925478048926,0.0,0.0,0,0.0,0,-37.07452195107303,0.0,0.0,1731196800,0.0,2024-11-10T00:00:00+00:00,9962.925478048926
9962.925478048926,9962.925478048926,0.45437377716167626,9962.925478048926,0.0,0.0,0,0.0,0,-37.07452195107303,0.0,0.0,1731283200,0.0,2024-11-11T00:00:00+00:00,9962.925478048926
9962.925478048926,9962.925478048926,0.45437377716167626,9962.925478048926,0.0,0.0,0,0.0,0,-37.07452195107303,0.0,0.0,1731369600,0.0,2024-11-12T00:00:00+00:00,9962.925478048926
9962.925478048926,9962.925478048926,0.45437377716167626,9962.925478048926,0.0,0.0,0,0.0,0,-37.07452195107303,0.0,0.0,1731456000,0.0,2024-11-13T00:00:00+00:00,9962.925478048926
9962.925478048926,9962.925478048926,0.45437377716167626,9962.925478048926,0.0,0.0,0,0.0,0,-37.07452195107303,0.0,0.0,1731542400,0.0,2024-11-14T00:00:00+00:00,9962.925478048926
9962.925478048926,9962.925478048926,0.45437377716167626,9962.925478048926,0.0,0.0,0,0.0,0,-37.07452195107303,0.0,0.0,1731628800,0.0,2024-11-15T00:00:00+00:00,9962.925478048926
9962.925478048926,9962.925478048926,0.45437377716167626,9962.925478048926,0.0,0.0,0,0.0,0,-37.07452195107303,0.0,0.0,1731715200,0.0,2024-11-16T00:00:00+00:00,9962.925478048926
9962.925478048926,9962.925478048926,0.45437377716167626,9962.925478048926,0.0,0.0,0,0.0,0,-37.07452195107303,0.0,0.0,1731801600,0.0,2024-11-17T00:00:00+00:00,9962.925478048926
9962.925478048926,9962.925478048926,0.45437377716167626,9962.925478048926,0.0,0.0,0,0.0,0,-37.07452195107303,0.0,0.0,1731888000,0.0,2024-11-18T00:00:00+00:00,9962.925478048926
9962.925478048926,9962.925478048926,0.45437377716167626,9962.925478048926,0.0,0.0,0,0.0,0,-37.07452195107303,0.0,0.0,1731974400,0.0,2024-11-19T00:00:00+00:00,9962.925478048926
9962.925478048926,9962.925478048926,0.45437377716167626,9962.925478048926,0.0,0.0,0,0.0,0,-37.07452195107303,0.0,0.0,1732060800,0.0,2024-11-20T00:00:00+00:00,9962.925478048926
9962.925478048926,9962.925478048926,0.45437377716167626,9962.925478048926,0.0,0.0,0,0.0,0,-37.07452195107303,0.0,0.0,1732147200,0.0,2024-11-21T00:00:00+00:00,9962.925478048926
9962.925478048926,9962.925478048926,0.45437377716167626,9962.925478048926,0.0,0.0,0,0.0,0,-37.07452195107303,0.0,0.0,1732233600,0.0,2024-11-22T00:00:00+00:00,9962.925478048926
9962.925478048926,9962.925478048926,0.45437377716167626,9962.925478048926,0.0,0.0,0,0.0,0,-37.07452195107303,0.0,0.0,1732320000,0.0,2024-11-23T00:00:00+00:00,9962.925478048926
9962.925478048926,9962.925478048926,0.45437377716167626,9962.925478048926,0.0,0.0,0,0.0,0,-37.07452195107303,0.0,0.0,1732406400,0.0,2024-11-24T00:00:00+00:00,9962.925478048926
9962.925478048926,9962.925478048926,0.45437377716167626,9962.925478048926,0.0,0.0,0,0.0,0,-37.07452195107303,0.0,0.0,1732492800,0.0,2024-11-25T00:00:00+00:00,9962.925478048926
9962.925478048926,9962.925478048926,0.45437377716167626,9962.925478048926,0.0,0.0,0,0.0,0,-37.07452195107303,0.0,0.0,1732579200,0.0,2024-11-26T00:00:00+00:00,9962.925478048926
9962.925478048926,9962.925478048926,0.45437377716167626,9962.925478048926,0.0,0.0,0,0.0,0,-37.07452195107303,0.0,0.0,1732665600,0.0,2024-11-27T00:00:00+00:00,9962.925478048926
9962.925478048926,9962.925478048926,0.45437377716167626,9962.925478048926,0.0,0.0,0,0.0,0,-37.07452195107303,0.0,0.0,1732752000,0.0,2024-11-28T00:00:00+00:00,9962.925478048926
9962.925478048926,9962.925478048926,0.45437377716167626,9962.925478048926,0.0,0.0,0,0.0,0,-37.07452195107303,0.0,0.0,1732838400,0.0,2024-11-29T00:00:00+00:00,9962.925478048926
9962.925478048926,9962.925478048926,0.45437377716167626,9962.925478048926,0.0,0.0,0,0.0,0,-37.07452195107303,0.0,0.0,1732924800,0.0,2024-11-30T00:00:00+00:00,9962.925478048926
9962.925478048926,9962.925478048926,0.45437377716167626,9962.925478048926,0.0,0.0,0,0.0,0,-37.07452195107303,0.0,0.0,1733011200,0.0,2024-12-01T00:00:00+00:00,9962.925478048926
9962.925478048926,9962.925478048926,0.45437377716167626,9962.925478048926,0.0,0.0,0,0.0,0,-37.07452195107303,0.0,0.0,1733097600,0.0,2024-12-02T00:00:00+00:00,9962.925478048926
9962.925478048926,9962.925478048926,0.45437377716167626,9962.925478048926,0.0,0.0,0,0.0,0,-37.07452195107303,0.0,0.0,1733184000,0.0,2024-12-03T00:00:00+00:00,9962.925478048926
9962.925478048926,9962.925478048926,0.45437377716167626,9962.925478048926,0.0,0.0,0,0.0,0,-37.07452195107303,0.0,0.0,1733270400,0.0,2024-12-04T00:00:00+00:00,9962.925478048926
9962.925478048926,9962.925478048926,0.45437377716167626,9962.925478048926,0.0,0.0,0,0.0,0,-37.07452195107303,0.0,0.0,1733356800,0.0,2024-12-05T00:00:00+00:00,9962.925478048926
9962.925478048926,9962.925478048926,0.45437377716167626,9962.925478048926,0.0,0.0,0,0.0,0,-37.07452195107303,0.0,0.0,1733443200,0.0,2024-12-06T00:00:00+00:00,9962.925478048926
9962.925478048926,9962.925478048926,0.45437377716167626,9962.925478048926,0.0,0.0,0,0.0,0,-37.07452195107303,0.0,0.0,1733529600,0.0,2024-12-07T00:00:00+00:00,9962.925478048926
9962.925478048926,9962.925478048926,0.45437377716167626,9962.925478048926,0.0,0.0,0,0.0,0,-37.07452195107303,0.0,0.0,1733616000,0.0,2024-12-08T00:00:00+00:00,9962.925478048926
9962.925478048926,9962.925478048926,0.45437377716167626,9962.925478048926,0.0,0.0,0,0.0,0,-37.07452195107303,0.0,0.0,1733702400,0.0,2024-12-09T00:00:00+00:00,9962.925478048926
9962.925478048926,9962.925478048926,0.45437377716167626,9962.925478048926,0.0,0.0,0,0.0,0,-37.07452195107303,0.0,0.0,1733788800,0.0,2024-12-10T00:00:00+00:00,9962.925478048926
9962.925478048926,9962.925478048926,0.45437377716167626,9962.925478048926,0.0,0.0,0,0.0,0,-37.07452195107303,0.0,0.0,1733875200,0.0,2024-12-11T00:00:00+00:00,9962.925478048926
9962.925478048926,9962.925478048926,0.45437377716167626,9962.925478048926,0.0,0.0,0,0.0,0,-37.07452195107303,0.0,0.0,1733961600,0.0,2024-12-12T00:00:00+00:00,9962.925478048926
9962.925478048926,9962.925478048926,0.45437377716167626,9962.925478048926,0.0,0.0,0,0.0,0,-37.07452195107303,0.0,0.0,1734048000,0.0,2024-12-13T00:00:00+00:00,9962.925478048926
9962.925478048926,9962.925478048926,0.45437377716167626,9962.925478048926,0.0,0.0,0,0.0,0,-37.07452195107303,0.0,0.0,1734134400,0.0,2024-12-14T00:00:00+00:00,9962.925478048926
9962.925478048926,9962.925478048926,0.45437377716167626,9962.925478048926,0.0,0.0,0,0.0,0,-37.07452195107303,0.0,0.0,1734220800,0.0,2024-12-15T00:00:00+00:00,9962.925478048926
9962.925478048926,9962.925478048926,0.45437377716167626,9962.925478048926,0.0,0.0,0,0.0,0,-37.07452195107303,0.0,0.0,1734307200,0.0,2024-12-16T00:00:00+00:00,9962.925478048926
9962.925478048926,9962.925478048926,0.45437377716167626,9962.925478048926,0.0,0.0,0,0.0,0,-37.07452195107303,0.0,0.0,1734393600,0.0,2024-12-17T00:00:00+00:00,9962.925478048926
9962.925478048926,9962.925478048926,0.45437377716167626,9962.925478048926,0.0,0.0,0,0.0,0,-37.07452195107303,0.0,0.0,1734480000,0.0,2024-12-18T00:00:00+00:00,9962.925478048926
9962.925478048926,9962.925478048926,0.45437377716167626,9962.925478048926,0.0,0.0,0,0.0,0,-37.07452195107303,0.0,0.0,1734566400,0.0,2024-12-19T00:00:00+00:00,9962.925478048926
9962.925478048926,9962.925478048926,0.45437377716167626,9962.925478048926,0.0,0.0,0,0.0,0,-37.07452195107303,0.0,0.0,1734652800,0.0,2024-12-20T00:00:00+00:00,9962.925478048926
9962.925478048926,9962.925478048926,0.45437377716167626,9962.925478048926,0.0,0.0,0,0.0,0,-37.07452195107303,0.0,0.0,1734739200,0.0,2024-12-21T00:00:00+00:00,9962.925478048926
9962.925478048926,9962.925478048926,0.45437377716167626,9962.925478048926,0.0,0.0,0,0.0,0,-37.07452195107303,0.0,0.0,1734825600,0.0,2024-12-22T00:00:00+00:00,9962.925478048926
9962.925478048926,9962.925478048926,0.45437377716167626,9962.925478048926,0.0,0.0,0,0.0,0,-37.07452195107303,0.0,0.0,1734912000,0.0,2024-12-23T00:00:00+00:00,9962.925478048926
9962.925478048926,9962.925478048926,0.45437377716167626,9962.925478048926,0.0,0.0,0,0.0,0,-37.07452195107303,0.0,0.0,1734998400,0.0,2024-12-24T00:00:00+00:00,9962.925478048926
9962.925478048926,9962.925478048926,0.45437377716167626,9962.925478048926,0.0,0.0,0,0.0,0,-37.07452195107303,0.0,0.0,1735084800,0.0,2024-12-25T00:00:00+00:00,9962.925478048926
9962.925478048926,9962.925478048926,0.45437377716167626,9962.925478048926,0.0,0.0,0,0.0,0,-37.07452195107303,0.0,0.0,1735171200,0.0,2024-12-26T00:00:00+00:00,9962.925478048926
9962.925478048926,9962.925478048926,0.45437377716167626,9962.925478048926,0.0,0.0,0,0.0,0,-37.07452195107303,0.0,0.0,1735257600,0.0,2024-12-27T00:00:00+00:00,9962.925478048926
9962.925478048926,9962.925478048926,0.45437377716167626,9962.925478048926,0.0,0.0,0,0.0,0,-37.07452195107303,0.0,0.0,1735344000,0.0,2024-12-28T00:00:00+00:00,9962.925478048926
9962.925478048926,9962.925478048926,0.45437377716167626,9962.925478048926,0.0,0.0,0,0.0,0,-37.07452195107303,0.0,0.0,1735430400,0.0,2024-12-29T00:00:00+00:00,9962.925478048926
9962.925478048926,9962.925478048926,0.45437377716167626,9962.925478048926,0.0,0.0,0,0.0,0,-37.07452195107303,0.0,0.0,1735516800,0.0,2024-12-30T00:00:00+00:00,9962.925478048926
9962.925478048926,9962.925478048926,0.45437377716167626,9962.925478048926,0.0,0.0,0,0.0,0,-37.07452195107303,0.0,0.0,1735603200,0.0,2024-12-31T00:00:00+00:00,9962.925478048926
9962.925478048926,9962.925478048926,0.45437377716167626,9962.925478048926,0.0,0.0,0,0.0,0,-37.07452195107303,0.0,0.0,1735689600,0.0,2025-01-01T00:00:00+00:00,9962.925478048926
9962.925478048926,9962.925478048926,0.45437377716167626,9962.925478048926,0.0,0.0,0,0.0,0,-37.07452195107303,0.0,0.0,1735776000,0.0,2025-01-02T00:00:00+00:00,9962.925478048926
9962.925478048926,9962.925478048926,0.45437377716167626,9962.925478048926,0.0,0.0,0,0.0,0,-37.07452195107303,0.0,0.0,1735862400,0.0,2025-01-03T00:00:00+00:00,9962.925478048926
9962.925478048926,9962.925478048926,0.45437377716167626,9962.925478048926,0.0,0.0,0,0.0,0,-37.07452195107303,0.0,0.0,1735948800,0.0,2025-01-04T00:00:00+00:00,9962.925478048926
9962.925478048926,9962.925478048926,0.45437377716167626,9962.925478048926,0.0,0.0,0,0.0,0,-37.07452195107303,0.0,0.0,1736035200,0.0,2025-01-05T00:00:00+00:00,9962.925478048926
9962.925478048926,9962.925478048926,0.45437377716167626,9962.925478048926,0.0,0.0,0,0.0,0,-37.07452195107303,0.0,0.0,1736121600,0.0,2025-01-06T00:00:00+00:00,9962.925478048926
9962.925478048926,9962.925478048926,0.45437377716167626,9962.925478048926,0.0,0.0,0,0.0,0,-37.07452195107303,0.0,0.0,1736208000,0.0,2025-01-07T00:00:00+00:00,9962.925478048926
9962.925478048926,9962.925478048926,0.45437377716167626,9962.925478048926,0.0,0.0,0,0.0,0,-37.07452195107303,0.0,0.0,1736294400,0.0,2025-01-08T00:00:00+00:00,9962.925478048926
9962.925478048926,9962.925478048926,0.45437377716167626,9962.925478048926,0.0,0.0,0,0.0,0,-37.07452195107303,0.0,0.0,1736380800,0.0,2025-01-09T00:00:00+00:00,9962.925478048926
9962.925478048926,9962.925478048926,0.45437377716167626,9962.925478048926,0.0,0.0,0,0.0,0,-37.07452195107303,0.0,0.0,1736467200,0.0,2025-01-10T00:00:00+00:00,9962.925478048926
9962.925478048926,9962.925478048926,0.45437377716167626,9962.925478048926,0.0,0.0,0,0.0,0,-37.07452195107303,0.0,0.0,1736553600,0.0,2025-01-11T00:00:00+00:00,9962.925478048926
9962.925478048926,9962.925478048926,0.45437377716167626,9962.925478048926,0.0,0.0,0,0.0,0,-37.07452195107303,0.0,0.0,1736640000,0.0,2025-01-12T00:00:00+00:00,9962.925478048926
9962.925478048926,9962.925478048926,0.45437377716167626,9962.925478048926,0.0,0.0,0,0.0,0,-37.07452195107303,0.0,0.0,1736726400,0.0,2025-01-13T00:00:00+00:00,9962.925478048926
9962.925478048926,9962.925478048926,0.45437377716167626,9962.925478048926,0.0,0.0,0,0.0,0,-37.07452195107303,0.0,0.0,1736812800,0.0,2025-01-14T00:00:00+00:00,9962.925478048926
9962.925478048926,9962.925478048926,0.45437377716167626,9962.925478048926,0.0,0.0,0,0.0,0,-37.07452195107303,0.0,0.0,1736899200,0.0,2025-01-15T00:00:00+00:00,9962.925478048926
9962.925478048926,9962.925478048926,0.45437377716167626,9962.925478048926,0.0,0.0,0,0.0,0,-37.07452195107303,0.0,0.0,1736985600,0.0,2025-01-16T00:00:00+00:00,9962.925478048926
9962.925478048926,9962.925478048926,0.45437377716167626,9962.925478048926,0.0,0.0,0,0.0,0,-37.07452195107303,0.0,0.0,1737072000,0.0,2025-01-17T00:00:00+00:00,9962.925478048926
9962.925478048926,9962.925478048926,0.45437377716167626,9962.925478048926,0.0,0.0,0,0.0,0,-37.07452195107303,0.0,0.0,1737158400,0.0,2025-01-18T00:00:00+00:00,9962.925478048926
9962.925478048926,9962.925478048926,0.45437377716167626,9962.925478048926,0.0,0.0,0,0.0,0,-37.07452195107303,0.0,0.0,1737244800,0.0,2025-01-19T00:00:00+00:00,9962.925478048926
9962.925478048926,9962.925478048926,0.45437377716167626,9962.925478048926,0.0,0.0,0,0.0,0,-37.07452195107303,0.0,0.0,1737331200,0.0,2025-01-20T00:00:00+00:00,9962.925478048926
9962.925478048926,9962.925478048926,0.45437377716167626,9962.925478048926,0.0,0.0,0,0.0,0,-37.07452195107303,0.0,0.0,1737417600,0.0,2025-01-21T00:00:00+00:00,9962.925478048926
9962.925478048926,9962.925478048926,0.45437377716167626,9962.925478048926,0.0,0.0,0,0.0,0,-37.07452195107303,0.0,0.0,1737504000,0.0,2025-01-22T00:00:00+00:00,9962.925478048926
9962.925478048926,9962.925478048926,0.45437377716167626,9962.925478048926,0.0,0.0,0,0.0,0,-37.07452195107303,0.0,0.0,1737590400,0.0,2025-01-23T00:00:00+00:00,9962.925478048926
9962.925478048926,9962.925478048926,0.45437377716167626,9962.925478048926,0.0,0.0,0,0.0,0,-37.07452195107303,0.0,0.0,1737676800,0.0,2025-01-24T00:00:00+00:00,9962.925478048926
9962.925478048926,9962.925478048926,0.45437377716167626,9962.925478048926,0.0,0.0,0,0.0,0,-37.07452195107303,0.0,0.0,1737763200,0.0,2025-01-25T00:00:00+00:00,9962.925478048926
9962.925478048926,9962.925478048926,0.45437377716167626,9962.925478048926,0.0,0.0,0,0.0,0,-37.07452195107303,0.0,0.0,1737849600,0.0,2025-01-26T00:00:00+00:00,9962.925478048926
9962.925478048926,9962.925478048926,0.45437377716167626,9962.925478048926,0.0,0.0,0,0.0,0,-37.07452195107303,0.0,0.0,1737936000,0.0,2025-01-27T00:00:00+00:00,9962.925478048926
9962.925478048926,9962.925478048926,0.45437377716167626,9962.925478048926,0.0,0.0,0,0.0,0,-37.07452195107303,0.0,0.0,1738022400,0.0,2025-01-28T00:00:00+00:00,9962.925478048926
9962.925478048926,9962.925478048926,0.45437377716167626,9962.925478048926,0.0,0.0,0,0.0,0,-37.07452195107303,0.0,0.0,1738108800,0.0,2025-01-29T00:00:00+00:00,9962.925478048926
9962.925478048926,9962.925478048926,0.45437377716167626,9962.925478048926,0.0,0.0,0,0.0,0,-37.07452195107303,0.0,0.0,1738195200,0.0,2025-01-30T00:00:00+00:00,9962.925478048926
9962.925478048926,9962.925478048926,0.45437377716167626,9962.925478048926,0.0,0.0,0,0.0,0,-37.07452195107303,0.0,0.0,1738281600,0.0,2025-01-31T00:00:00+00:00,9962.925478048926
9962.925478048926,9962.925478048926,0.45437377716167626,9962.925478048926,0.0,0.0,0,0.0,0,-37.07452195107303,0.0,0.0,1738368000,0.0,2025-02-01T00:00:00+00:00,9962.925478048926
9962.925478048926,9962.925478048926,0.45437377716167626,9962.925478048926,0.0,0.0,0,0.0,0,-37.07452195107303,0.0,0.0,1738454400,0.0,2025-02-02T00:00:00+00:00,9962.925478048926
9962.925478048926,9962.925478048926,0.45437377716167626,9962.925478048926,0.0,0.0,0,0.0,0,-37.07452195107303,0.0,0.0,1738540800,0.0,2025-02-03T00:00:00+00:00,9962.925478048926
9962.925478048926,9962.925478048926,0.45437377716167626,9962.925478048926,0.0,0.0,0,0.0,0,-37.07452195107303,0.0,0.0,1738627200,0.0,2025-02-04T00:00:00+00:00,9962.925478048926
9962.925478048926,9962.925478048926,0.45437377716167626,9962.925478048926,0.0,0.0,0,0.0,0,-37.07452195107303,0.0,0.0,1738713600,0.0,2025-02-05T00:00:00+00:00,9962.925478048926
9962.925478048926,9962.925478048926,0.45437377716167626,9962.925478048926,0.0,0.0,0,0.0,0,-37.07452195107303,0.0,0.0,1738800000,0.0,2025-02-06T00:00:00+00:00,9962.925478048926
9962.925478048926,9962.925478048926,0.45437377716167626,9962.925478048926,0.0,0.0,0,0.0,0,-37.07452195107303,0.0,0.0,1738886400,0.0,2025-02-07T00:00:00+00:00,9962.925478048926
9962.925478048926,9962.925478048926,0.45437377716167626,9962.925478048926,0.0,0.0,0,0.0,0,-37.07452195107303,0.0,0.0,1738972800,0.0,2025-02-08T00:00:00+00:00,9962.925478048926
9962.925478048926,9962.925478048926,0.45437377716167626,9962.925478048926,0.0,0.0,0,0.0,0,-37.07452195107303,0.0,0.0,1739059200,0.0,2025-02-09T00:00:00+00:00,9962.925478048926
9962.925478048926,9962.925478048926,0.45437377716167626,9962.925478048926,0.0,0.0,0,0.0,0,-37.07452195107303,0.0,0.0,1739145600,0.0,2025-02-10T00:00:00+00:00,9962.925478048926
9962.925478048926,9962.925478048926,0.45437377716167626,9962.925478048926,0.0,0.0,0,0.0,0,-37.07452195107303,0.0,0.0,1739232000,0.0,2025-02-11T00:00:00+00:00,9962.925478048926
9962.925478048926,9962.925478048926,0.45437377716167626,9962.925478048926,0.0,0.0,0,0.0,0,-37.07452195107303,0.0,0.0,1739318400,0.0,2025-02-12T00:00:00+00:00,9962.925478048926
9962.925478048926,9962.925478048926,0.45437377716167626,9962.925478048926,0.0,0.0,0,0.0,0,-37.07452195107303,0.0,0.0,1739404800,0.0,2025-02-13T00:00:00+00:00,9962.925478048926
9962.925478048926,9962.925478048926,0.45437377716167626,9962.925478048926,0.0,0.0,0,0.0,0,-37.07452195107303,0.0,0.0,1739491200,0.0,2025-02-14T00:00:00+00:00,9962.925478048926
9962.925478048926,9962.925478048926,0.45437377716167626,9962.925478048926,0.0,0.0,0,0.0,0,-37.07452195107303,0.0,0.0,1739577600,0.0,2025-02-15T00:00:00+00:00,9962.925478048926
9962.925478048926,9962.925478048926,0.45437377716167626,9962.925478048926,0.0,0.0,0,0.0,0,-37.07452195107303,0.0,0.0,1739664000,0.0,2025-02-16T00:00:00+00:00,9962.925478048926
9962.925478048926,9962.925478048926,0.45437377716167626,9962.925478048926,0.0,0.0,0,0.0,0,-37.07452195107303,0.0,0.0,1739750400,0.0,2025-02-17T00:00:00+00:00,9962.925478048926
9962.925478048926,9962.925478048926,0.45437377716167626,9962.925478048926,0.0,0.0,0,0.0,0,-37.07452195107303,0.0,0.0,1739836800,0.0,2025-02-18T00:00:00+00:00,9962.925478048926
9962.925478048926,9962.925478048926,0.45437377716167626,9962.925478048926,0.0,0.0,0,0.0,0,-37.07452195107303,0.0,0.0,1739923200,0.0,2025-02-19T00:00:00+00:00,9962.925478048926
9962.925478048926,9962.925478048926,0.45437377716167626,9962.925478048926,0.0,0.0,0,0.0,0,-37.07452195107303,0.0,0.0,1740009600,0.0,2025-02-20T00:00:00+00:00,9962.925478048926
9962.925478048926,9962.925478048926,0.45437377716167626,9962.925478048926,0.0,0.0,0,0.0,0,-37.07452195107303,0.0,0.0,1740096000,0.0,2025-02-21T00:00:00+00:00,9962.925478048926
9962.925478048926,9962.925478048926,0.45437377716167626,9962.925478048926,0.0,0.0,0,0.0,0,-37.07452195107303,0.0,0.0,1740182400,0.0,2025-02-22T00:00:00+00:00,9962.925478048926
9962.925478048926,9962.925478048926,0.45437377716167626,9962.925478048926,0.0,0.0,0,0.0,0,-37.07452195107303,0.0,0.0,1740268800,0.0,2025-02-23T00:00:00+00:00,9962.925478048926
9962.925478048926,9962.925478048926,0.45437377716167626,9962.925478048926,0.0,0.0,0,0.0,0,-37.07452195107303,0.0,0.0,1740355200,0.0,2025-02-24T00:00:00+00:00,9962.925478048926
9962.925478048926,9962.925478048926,0.45437377716167626,9962.925478048926,0.0,0.0,0,0.0,0,-37.07452195107303,0.0,0.0,1740441600,0.0,2025-02-25T00:00:00+00:00,9962.925478048926
9962.925478048926,9962.925478048926,0.45437377716167626,9962.925478048926,0.0,0.0,0,0.0,0,-37.07452195107303,0.0,0.0,1740528000,0.0,2025-02-26T00:00:00+00:00,9962.925478048926
9962.925478048926,9962.925478048926,0.45437377716167626,9962.925478048926,0.0,0.0,0,0.0,0,-37.07452195107303,0.0,0.0,1740614400,0.0,2025-02-27T00:00:00+00:00,9962.925478048926
9962.925478048926,9962.925478048926,0.45437377716167626,9962.925478048926,0.0,0.0,0,0.0,0,-37.07452195107303,0.0,0.0,1740700800,0.0,2025-02-28T00:00:00+00:00,9962.925478048926
9962.925478048926,9962.925478048926,0.45437377716167626,9962.925478048926,0.0,0.0,0,0.0,0,-37.07452195107303,0.0,0.0,1740787200,0.0,2025-03-01T00:00:00+00:00,9962.925478048926
9962.925478048926,9962.925478048926,0.45437377716167626,9962.925478048926,0.0,0.0,0,0.0,0,-37.07452195107303,0.0,0.0,1740873600,0.0,2025-03-02T00:00:00+00:00,9962.925478048926
9962.925478048926,9962.925478048926,0.45437377716167626,9962.925478048926,0.0,0.0,0,0.0,0,-37.07452195107303,0.0,0.0,1740960000,0.0,2025-03-03T00:00:00+00:00,9962.925478048926
9962.925478048926,9962.925478048926,0.45437377716167626,9962.925478048926,0.0,0.0,0,0.0,0,-37.07452195107303,0.0,0.0,1741046400,0.0,2025-03-04T00:00:00+00:00,9962.925478048926
9962.925478048926,9962.925478048926,0.45437377716167626,9962.925478048926,0.0,0.0,0,0.0,0,-37.07452195107303,0.0,0.0,1741132800,0.0,2025-03-05T00:00:00+00:00,9962.925478048926
9962.925478048926,9962.925478048926,0.45437377716167626,9962.925478048926,0.0,0.0,0,0.0,0,-37.07452195107303,0.0,0.0,1741219200,0.0,2025-03-06T00:00:00+00:00,9962.925478048926
9962.925478048926,9962.925478048926,0.45437377716167626,9962.925478048926,0.0,0.0,0,0.0,0,-37.07452195107303,0.0,0.0,1741305600,0.0,2025-03-07T00:00:00+00:00,9962.925478048926
9962.925478048926,9962.925478048926,0.45437377716167626,9962.925478048926,0.0,0.0,0,0.0,0,-37.07452195107303,0.0,0.0,1741392000,0.0,2025-03-08T00:00:00+00:00,9962.925478048926
9962.925478048926,9962.925478048926,0.45437377716167626,9962.925478048926,0.0,0.0,0,0.0,0,-37.07452195107303,0.0,0.0,1741478400,0.0,2025-03-09T00:00:00+00:00,9962.925478048926
9962.925478048926,9962.925478048926,0.45437377716167626,9962.925478048926,0.0,0.0,0,0.0,0,-37.07452195107303,0.0,0.0,1741564800,0.0,2025-03-10T00:00:00+00:00,9962.925478048926
9962.925478048926,9962.925478048926,0.45437377716167626,9962.925478048926,0.0,0.0,0,0.0,0,-37.07452195107303,0.0,0.0,1741651200,0.0,2025-03-11T00:00:00+00:00,9962.925478048926
9962.925478048926,9962.925478048926,0.45437377716167626,9962.925478048926,0.0,0.0,0,0.0,0,-37.07452195107303,0.0,0.0,1741737600,0.0,2025-03-12T00:00:00+00:00,9962.925478048926
9962.925478048926,9962.925478048926,0.45437377716167626,9962.925478048926,0.0,0.0,0,0.0,0,-37.07452195107303,0.0,0.0,1741824000,0.0,2025-03-13T00:00:00+00:00,9962.925478048926
9962.925478048926,9962.925478048926,0.45437377716167626,9962.925478048926,0.0,0.0,0,0.0,0,-37.07452195107303,0.0,0.0,1741910400,0.0,2025-03-14T00:00:00+00:00,9962.925478048926
9962.925478048926,9962.925478048926,0.45437377716167626,9962.925478048926,0.0,0.0,0,0.0,0,-37.07452195107303,0.0,0.0,1741996800,0.0,2025-03-15T00:00:00+00:00,9962.925478048926
9962.925478048926,9962.925478048926,0.45437377716167626,9962.925478048926,0.0,0.0,0,0.0,0,-37.07452195107303,0.0,0.0,1742083200,0.0,2025-03-16T00:00:00+00:00,9962.925478048926
9962.925478048926,9962.925478048926,0.45437377716167626,9962.925478048926,0.0,0.0,0,0.0,0,-37.07452195107303,0.0,0.0,1742169600,0.0,2025-03-17T00:00:00+00:00,9962.925478048926
9962.925478048926,9962.925478048926,0.45437377716167626,9962.925478048926,0.0,0.0,0,0.0,0,-37.07452195107303,0.0,0.0,1742256000,0.0,2025-03-18T00:00:00+00:00,9962.925478048926
9962.925478048926,9962.925478048926,0.45437377716167626,9962.925478048926,0.0,0.0,0,0.0,0,-37.07452195107303,0.0,0.0,1742342400,0.0,2025-03-19T00:00:00+00:00,9962.925478048926
9962.925478048926,9962.925478048926,0.45437377716167626,9962.925478048926,0.0,0.0,0,0.0,0,-37.07452195107303,0.0,0.0,1742428800,0.0,2025-03-20T00:00:00+00:00,9962.925478048926
9962.925478048926,9962.925478048926,0.45437377716167626,9962.925478048926,0.0,0.0,0,0.0,0,-37.07452195107303,0.0,0.0,1742515200,0.0,2025-03-21T00:00:00+00:00,9962.925478048926
9962.925478048926,9962.925478048926,0.45437377716167626,9962.925478048926,0.0,0.0,0,0.0,0,-37.07452195107303,0.0,0.0,1742601600,0.0,2025-03-22T00:00:00+00:00,9962.925478048926
9962.925478048926,9962.925478048926,0.45437377716167626,9962.925478048926,0.0,0.0,0,0.0,0,-37.07452195107303,0.0,0.0,1742688000,0.0,2025-03-23T00:00:00+00:00,9962.925478048926
9962.925478048926,9962.925478048926,0.45437377716167626,9962.925478048926,0.0,0.0,0,0.0,0,-37.07452195107303,0.0,0.0,1742774400,0.0,2025-03-24T00:00:00+00:00,9962.925478048926
9962.925478048926,9962.925478048926,0.45437377716167626,9962.925478048926,0.0,0.0,0,0.0,0,-37.07452195107303,0.0,0.0,1742860800,0.0,2025-03-25T00:00:00+00:00,9962.925478048926
9962.925478048926,9962.925478048926,0.45437377716167626,9962.925478048926,0.0,0.0,0,0.0,0,-37.07452195107303,0.0,0.0,1742947200,0.0,2025-03-26T00:00:00+00:00,9962.925478048926
9962.925478048926,9962.925478048926,0.45437377716167626,9962.925478048926,0.0,0.0,0,0.0,0,-37.07452195107303,0.0,0.0,1743033600,0.0,2025-03-27T00:00:00+00:00,9962.925478048926
9962.925478048926,9962.925478048926,0.45437377716167626,9962.925478048926,0.0,0.0,0,0.0,0,-37.07452195107303,0.0,0.0,1743120000,0.0,2025-03-28T00:00:00+00:00,9962.925478048926
9962.925478048926,9962.925478048926,0.45437377716167626,9962.925478048926,0.0,0.0,0,0.0,0,-37.07452195107303,0.0,0.0,1743206400,0.0,2025-03-29T00:00:00+00:00,9962.925478048926
9962.925478048926,9962.925478048926,0.45437377716167626,9962.925478048926,0.0,0.0,0,0.0,0,-37.07452195107303,0.0,0.0,1743292800,0.0,2025-03-30T00:00:00+00:00,9962.925478048926
9962.925478048926,9962.925478048926,0.45437377716167626,9962.925478048926,0.0,0.0,0,0.0,0,-37.07452195107303,0.0,0.0,1743379200,0.0,2025-03-31T00:00:00+00:00,9962.925478048926
9962.925478048926,9962.925478048926,0.45437377716167626,9962.925478048926,0.0,0.0,0,0.0,0,-37.07452195107303,0.0,0.0,1743465600,0.0,2025-04-01T00:00:00+00:00,9962.925478048926
9962.925478048926,9962.925478048926,0.45437377716167626,9962.925478048926,0.0,0.0,0,0.0,0,-37.07452195107303,0.0,0.0,1743552000,0.0,2025-04-02T00:00:00+00:00,9962.925478048926
9962.925478048926,9962.925478048926,0.45437377716167626,9962.925478048926,0.0,0.0,0,0.0,0,-37.07452195107303,0.0,0.0,1743638400,0.0,2025-04-03T00:00:00+00:00,9962.925478048926
9962.925478048926,9962.925478048926,0.45437377716167626,9962.925478048926,0.0,0.0,0,0.0,0,-37.07452195107303,0.0,0.0,1743724800,0.0,2025-04-04T00:00:00+00:00,9962.925478048926
9962.925478048926,9962.925478048926,0.45437377716167626,9962.925478048926,0.0,0.0,0,0.0,0,-37.07452195107303,0.0,0.0,1743811200,0.0,2025-04-05T00:00:00+00:00,9962.925478048926
9962.925478048926,9962.925478048926,0.45437377716167626,9962.925478048926,0.0,0.0,0,0.0,0,-37.07452195107303,0.0,0.0,1743897600,0.0,2025-04-06T00:00:00+00:00,9962.925478048926
9962.925478048926,9962.925478048926,0.45437377716167626,9962.925478048926,0.0,0.0,0,0.0,0,-37.07452195107303,0.0,0.0,1743984000,0.0,2025-04-07T00:00:00+00:00,9962.925478048926
9962.925478048926,9962.925478048926,0.45437377716167626,9962.925478048926,0.0,0.0,0,0.0,0,-37.07452195107303,0.0,0.0,1744070400,0.0,2025-04-08T00:00:00+00:00,9962.925478048926
9962.925478048926,9962.925478048926,0.45437377716167626,9962.925478048926,0.0,0.0,0,0.0,0,-37.07452195107303,0.0,0.0,1744156800,0.0,2025-04-09T00:00:00+00:00,9962.925478048926
9962.925478048926,9962.925478048926,0.45437377716167626,9962.925478048926,0.0,0.0,0,0.0,0,-37.07452195107303,0.0,0.0,1744243200,0.0,2025-04-10T00:00:00+00:00,9962.925478048926
9962.925478048926,9962.925478048926,0.45437377716167626,9962.925478048926,0.0,0.0,0,0.0,0,-37.07452195107303,0.0,0.0,1744329600,0.0,2025-04-11T00:00:00+00:00,9962.925478048926
9962.925478048926,9962.925478048926,0.45437377716167626,9962.925478048926,0.0,0.0,0,0.0,0,-37.07452195107303,0.0,0.0,1744416000,0.0,2025-04-12T00:00:00+00:00,9962.925478048926
9962.925478048926,9962.925478048926,0.45437377716167626,9962.925478048926,0.0,0.0,0,0.0,0,-37.07452195107303,0.0,0.0,1744502400,0.0,2025-04-13T00:00:00+00:00,9962.925478048926
9962.925478048926,9962.925478048926,0.45437377716167626,9962.925478048926,0.0,0.0,0,0.0,0,-37.07452195107303,0.0,0.0,1744588800,0.0,2025-04-14T00:00:00+00:00,9962.925478048926
9962.925478048926,9962.925478048926,0.45437377716167626,9962.925478048926,0.0,0.0,0,0.0,0,-37.07452195107303,0.0,0.0,1744675200,0.0,2025-04-15T00:00:00+00:00,9962.925478048926
9962.925478048926,9962.925478048926,0.45437377716167626,9962.925478048926,0.0,0.0,0,0.0,0,-37.07452195107303,0.0,0.0,1744761600,0.0,2025-04-16T00:00:00+00:00,9962.925478048926
9962.925478048926,9962.925478048926,0.45437377716167626,9962.925478048926,0.0,0.0,0,0.0,0,-37.07452195107303,0.0,0.0,1744848000,0.0,2025-04-17T00:00:00+00:00,9962.925478048926
9962.925478048926,9962.925478048926,0.45437377716167626,9962.925478048926,0.0,0.0,0,0.0,0,-37.07452195107303,0.0,0.0,1744934400,0.0,2025-04-18T00:00:00+00:00,9962.925478048926
9962.925478048926,9962.925478048926,0.45437377716167626,9962.925478048926,0.0,0.0,0,0.0,0,-37.07452195107303,0.0,0.0,1745020800,0.0,2025-04-19T00:00:00+00:00,9962.925478048926
9962.925478048926,9962.925478048926,0.45437377716167626,9962.925478048926,0.0,0.0,0,0.0,0,-37.07452195107303,0.0,0.0,1745107200,0.0,2025-04-20T00:00:00+00:00,9962.925478048926
9962.925478048926,9962.925478048926,0.45437377716167626,9962.925478048926,0.0,0.0,0,0.0,0,-37.07452195107303,0.0,0.0,1745193600,0.0,2025-04-21T00:00:00+00:00,9962.925478048926
9962.925478048926,9962.925478048926,0.45437377716167626,9962.925478048926,0.0,0.0,0,0.0,0,-37.07452195107303,0.0,0.0,1745280000,0.0,2025-04-22T00:00:00+00:00,9962.925478048926
9962.925478048926,9962.925478048926,0.45437377716167626,9962.925478048926,0.0,0.0,0,0.0,0,-37.07452195107303,0.0,0.0,1745366400,0.0,2025-04-23T00:00:00+00:00,9962.925478048926
9962.925478048926,9962.925478048926,0.45437377716167626,9962.925478048926,0.0,0.0,0,0.0,0,-37.07452195107303,0.0,0.0,1745452800,0.0,2025-04-24T00:00:00+00:00,9962.925478048926
9962.925478048926,9962.925478048926,0.45437377716167626,9962.925478048926,0.0,0.0,0,0.0,0,-37.07452195107303,0.0,0.0,1745539200,0.0,2025-04-25T00:00:00+00:00,9962.925478048926
9962.925478048926,9962.925478048926,0.45437377716167626,9962.925478048926,0.0,0.0,0,0.0,0,-37.07452195107303,0.0,0.0,1745625600,0.0,2025-04-26T00:00:00+00:00,9962.925478048926
9962.925478048926,9962.925478048926,0.45437377716167626,9962.925478048926,0.0,0.0,0,0.0,0,-37.07452195107303,0.0,0.0,1745712000,0.0,2025-04-27T00:00:00+00:00,9962.925478048926
9962.925478048926,9962.925478048926,0.45437377716167626,9962.925478048926,0.0,0.0,0,0.0,0,-37.07452195107303,0.0,0.0,1745798400,0.0,2025-04-28T00:00:00+00:00,9962.925478048926
9962.925478048926,9962.925478048926,0.45437377716167626,9962.925478048926,0.0,0.0,0,0.0,0,-37.07452195107303,0.0,0.0,1745884800,0.0,2025-04-29T00:00:00+00:00,9962.925478048926
9962.925478048926,9962.925478048926,0.45437377716167626,9962.925478048926,0.0,0.0,0,0.0,0,-37.07452195107303,0.0,0.0,1745971200,0.0,2025-04-30T00:00:00+00:00,9962.925478048926
9962.925478048926,9962.925478048926,0.45437377716167626,9962.925478048926,0.0,0.0,0,0.0,0,-37.07452195107303,0.0,0.0,1746057600,0.0,2025-05-01T00:00:00+00:00,9962.925478048926
9962.925478048926,9962.925478048926,0.45437377716167626,9962.925478048926,0.0,0.0,0,0.0,0,-37.07452195107303,0.0,0.0,1746144000,0.0,2025-05-02T00:00:00+00:00,9962.925478048926
9962.925478048926,9962.925478048926,0.45437377716167626,9962.925478048926,0.0,0.0,0,0.0,0,-37.07452195107303,0.0,0.0,1746230400,0.0,2025-05-03T00:00:00+00:00,9962.925478048926
9962.925478048926,9962.925478048926,0.45437377716167626,9962.925478048926,0.0,0.0,0,0.0,0,-37.07452195107303,0.0,0.0,1746316800,0.0,2025-05-04T00:00:00+00:00,9962.925478048926
9962.925478048926,9962.925478048926,0.45437377716167626,9962.925478048926,0.0,0.0,0,0.0,0,-37.07452195107303,0.0,0.0,1746403200,0.0,2025-05-05T00:00:00+00:00,9962.925478048926
9962.925478048926,9962.925478048926,0.45437377716167626,9962.925478048926,0.0,0.0,0,0.0,0,-37.07452195107303,0.0,0.0,1746489600,0.0,2025-05-06T00:00:00+00:00,9962.925478048926
9962.925478048926,9962.925478048926,0.45437377716167626,9962.925478048926,0.0,0.0,0,0.0,0,-37.07452195107303,0.0,0.0,1746576000,0.0,2025-05-07T00:00:00+00:00,9962.925478048926
9962.925478048926,9962.925478048926,0.45437377716167626,9962.925478048926,0.0,0.0,0,0.0,0,-37.07452195107303,0.0,0.0,1746662400,0.0,2025-05-08T00:00:00+00:00,9962.925478048926
9962.925478048926,9962.925478048926,0.45437377716167626,9962.925478048926,0.0,0.0,0,0.0,0,-37.07452195107303,0.0,0.0,1746748800,0.0,2025-05-09T00:00:00+00:00,9962.925478048926
9962.925478048926,9962.925478048926,0.45437377716167626,9962.925478048926,0.0,0.0,0,0.0,0,-37.07452195107303,0.0,0.0,1746835200,0.0,2025-05-10T00:00:00+00:00,9962.925478048926
9962.925478048926,9962.925478048926,0.45437377716167626,9962.925478048926,0.0,0.0,0,0.0,0,-37.07452195107303,0.0,0.0,1746921600,0.0,2025-05-11T00:00:00+00:00,9962.925478048926
9962.925478048926,9962.925478048926,0.45437377716167626,9962.925478048926,0.0,0.0,0,0.0,0,-37.07452195107303,0.0,0.0,1747008000,0.0,2025-05-12T00:00:00+00:00,9962.925478048926
9962.925478048926,9962.925478048926,0.45437377716167626,9962.925478048926,0.0,0.0,0,0.0,0,-37.07452195107303,0.0,0.0,1747094400,0.0,2025-05-13T00:00:00+00:00,9962.925478048926
9962.925478048926,9962.925478048926,0.45437377716167626,9962.925478048926,0.0,0.0,0,0.0,0,-37.07452195107303,0.0,0.0,1747180800,0.0,2025-05-14T00:00:00+00:00,9962.925478048926
9962.925478048926,9962.925478048926,0.45437377716167626,9962.925478048926,0.0,0.0,0,0.0,0,-37.07452195107303,0.0,0.0,1747267200,0.0,2025-05-15T00:00:00+00:00,9962.925478048926
9929.781856857535,9962.925478048926,0.45437377716167626,9962.925478048926,0.0,0.0,0,0.0,1,-37.07452195107303,0.0,33.1436211913922,1747353600,0.0,2025-05-16T00:00:00+00:00,9962.925478048926
9913.537868100288,9913.781128541781,0.5350160617560995,9954.85447480871,402.9483832,40.20833743700803,1,40.20833743700803,0,-46.010534021209935,0.24326044149389864,0.0,1747440000,0.865008829919662,2025-05-17T00:00:00+00:00,9953.98946597879
9942.03527027959,9942.03527027959,0.6631005029517634,9942.03527027959,0.0,0.0,0,0.0,0,-57.964729720409274,0.0,0.0,1747526400,0.0,2025-05-18T00:00:00+00:00,9942.03527027959
9942.03527027959,9942.03527027959,0.6631005029517634,9942.03527027959,0.0,0.0,0,0.0,0,-57.964729720409274,0.0,0.0,1747612800,0.0,2025-05-19T00:00:00+00:00,9942.03527027959
9942.03527027959,9942.03527027959,0.6631005029517634,9942.03527027959,0.0,0.0,0,0.0,0,-57.964729720409274,0.0,0.0,1747699200,0.0,2025-05-20T00:00:00+00:00,9942.03527027959
9942.03527027959,9942.03527027959,0.6631005029517634,9942.03527027959,0.0,0.0,0,0.0,0,-57.964729720409274,0.0,0.0,1747785600,0.0,2025-05-21T00:00:00+00:00,9942.03527027959
9942.03527027959,9942.03527027959,0.6631005029517634,9942.03527027959,0.0,0.0,0,0.0,0,-57.964729720409274,0.0,0.0,1747872000,0.0,2025-05-22T00:00:00+00:00,9942.03527027959
9942.03527027959,9942.03527027959,0.6631005029517634,9942.03527027959,0.0,0.0,0,0.0,0,-57.964729720409274,0.0,0.0,1747958400,0.0,2025-05-23T00:00:00+00:00,9942.03527027959
9942.03527027959,9942.03527027959,0.6631005029517634,9942.03527027959,0.0,0.0,0,0.0,0,-57.964729720409274,0.0,0.0,1748044800,0.0,2025-05-24T00:00:00+00:00,9942.03527027959
9942.03527027959,9942.03527027959,0.6631005029517634,9942.03527027959,0.0,0.0,0,0.0,0,-57.964729720409274,0.0,0.0,1748131200,0.0,2025-05-25T00:00:00+00:00,9942.03527027959
9942.03527027959,9942.03527027959,0.6631005029517634,9942.03527027959,0.0,0.0,0,0.0,0,-57.964729720409274,0.0,0.0,1748217600,0.0,2025-05-26T00:00:00+00:00,9942.03527027959
9942.03527027959,9942.03527027959,0.6631005029517634,9942.03527027959,0.0,0.0,0,0.0,0,-57.964729720409274,0.0,0.0,1748304000,0.0,2025-05-27T00:00:00+00:00,9942.03527027959
9942.03527027959,9942.03527027959,0.6631005029517634,9942.03527027959,0.0,0.0,0,0.0,0,-57.964729720409274,0.0,0.0,1748390400,0.0,2025-05-28T00:00:00+00:00,9942.03527027959
9942.03527027959,9942.03527027959,0.6631005029517634,9942.03527027959,0.0,0.0,0,0.0,0,-57.964729720409274,0.0,0.0,1748476800,0.0,2025-05-29T00:00:00+00:00,9942.03527027959
9942.03527027959,9942.03527027959,0.6631005029517634,9942.03527027959,0.0,0.0,0,0.0,0,-57.964729720409274,0.0,0.0,1748563200,0.0,2025-05-30T00:00:00+00:00,9942.03527027959
9942.03527027959,9942.03527027959,0.6631005029517634,9942.03527027959,0.0,0.0,0,0.0,0,-57.964729720409274,0.0,0.0,1748649600,0.0,2025-05-31T00:00:00+00:00,9942.03527027959
9942.03527027959,9942.03527027959,0.6631005029517634,9942.03527027959,0.0,0.0,0,0.0,0,-57.964729720409274,0.0,0.0,1748736000,0.0,2025-06-01T00:00:00+00:00,9942.03527027959
9942.03527027959,9942.03527027959,0.6631005029517634,9942.03527027959,0.0,0.0,0,0.0,0,-57.964729720409274,0.0,0.0,1748822400,0.0,2025-06-02T00:00:00+00:00,9942.03527027959
9942.03527027959,9942.03527027959,0.6631005029517634,9942.03527027959,0.0,0.0,0,0.0,0,-57.964729720409274,0.0,0.0,1748908800,0.0,2025-06-03T00:00:00+00:00,9942.03527027959
9942.03527027959,9942.03527027959,0.6631005029517634,9942.03527027959,0.0,0.0,0,0.0,0,-57.964729720409274,0.0,0.0,1748995200,0.0,2025-06-04T00:00:00+00:00,9942.03527027959
9942.03527027959,9942.03527027959,0.6631005029517634,9942.03527027959,0.0,0.0,0,0.0,0,-57.964729720409274,0.0,0.0,1749081600,0.0,2025-06-05T00:00:00+00:00,9942.03527027959
9942.03527027959,9942.03527027959,0.6631005029517634,9942.03527027959,0.0,0.0,0,0.0,0,-57.964729720409274,0.0,0.0,1749168000,0.0,2025-06-06T00:00:00+00:00,9942.03527027959
9942.03527027959,9942.03527027959,0.6631005029517634,9942.03527027959,0.0,0.0,0,0.0,0,-57.964729720409274,0.0,0.0,1749254400,0.0,2025-06-07T00:00:00+00:00,9942.03527027959
9942.03527027959,9942.03527027959,0.6631005029517634,9942.03527027959,0.0,0.0,0,0.0,0,-57.964729720409274,0.0,0.0,1749340800,0.0,2025-06-08T00:00:00+00:00,9942.03527027959
9942.03527027959,9942.03527027959,0.6631005029517634,9942.03527027959,0.0,0.0,0,0.0,0,-57.964729720409274,0.0,0.0,1749427200,0.0,2025-06-09T00:00:00+00:00,9942.03527027959
9942.03527027959,9942.03527027959,0.6631005029517634,9942.03527027959,0.0,0.0,0,0.0,0,-57.964729720409274,0.0,0.0,1749513600,0.0,2025-06-10T00:00:00+00:00,9942.03527027959
9942.03527027959,9942.03527027959,0.6631005029517634,9942.03527027959,0.0,0.0,0,0.0,0,-57.964729720409274,0.0,0.0,1749600000,0.0,2025-06-11T00:00:00+00:00,9942.03527027959
9942.03527027959,9942.03527027959,0.6631005029517634,9942.03527027959,0.0,0.0,0,0.0,0,-57.964729720409274,0.0,0.0,1749686400,0.0,2025-06-12T00:00:00+00:00,9942.03527027959
9942.03527027959,9942.03527027959,0.6631005029517634,9942.03527027959,0.0,0.0,0,0.0,0,-57.964729720409274,0.0,0.0,1749772800,0.0,2025-06-13T00:00:00+00:00,9942.03527027959
9942.03527027959,9942.03527027959,0.6631005029517634,9942.03527027959,0.0,0.0,0,0.0,0,-57.964729720409274,0.0,0.0,1749859200,0.0,2025-06-14T00:00:00+00:00,9942.03527027959
9942.03527027959,9942.03527027959,0.6631005029517634,9942.03527027959,0.0,0.0,0,0.0,0,-57.964729720409274,0.0,0.0,1749945600,0.0,2025-06-15T00:00:00+00:00,9942.03527027959
9942.03527027959,9942.03527027959,0.6631005029517634,9942.03527027959,0.0,0.0,0,0.0,0,-57.964729720409274,0.0,0.0,1750032000,0.0,2025-06-16T00:00:00+00:00,9942.03527027959
9942.03527027959,9942.03527027959,0.6631005029517634,9942.03527027959,0.0,0.0,0,0.0,0,-57.964729720409274,0.0,0.0,1750118400,0.0,2025-06-17T00:00:00+00:00,9942.03527027959
9942.03527027959,9942.03527027959,0.6631005029517634,9942.03527027959,0.0,0.0,0,0.0,0,-57.964729720409274,0.0,0.0,1750204800,0.0,2025-06-18T00:00:00+00:00,9942.03527027959
9942.03527027959,9942.03527027959,0.6631005029517634,9942.03527027959,0.0,0.0,0,0.0,0,-57.964729720409274,0.0,0.0,1750291200,0.0,2025-06-19T00:00:00+00:00,9942.03527027959
9942.03527027959,9942.03527027959,0.6631005029517634,9942.03527027959,0.0,0.0,0,0.0,0,-57.964729720409274,0.0,0.0,1750377600,0.0,2025-06-20T00:00:00+00:00,9942.03527027959
9942.03527027959,9942.03527027959,0.6631005029517634,9942.03527027959,0.0,0.0,0,0.0,0,-57.964729720409274,0.0,0.0,1750464000,0.0,2025-06-21T00:00:00+00:00,9942.03527027959
9942.03527027959,9942.03527027959,0.6631005029517634,9942.03527027959,0.0,0.0,0,0.0,0,-57.964729720409274,0.0,0.0,1750550400,0.0,2025-06-22T00:00:00+00:00,9942.03527027959
9942.03527027959,9942.03527027959,0.6631005029517634,9942.03527027959,0.0,0.0,0,0.0,0,-57.964729720409274,0.0,0.0,1750636800,0.0,2025-06-23T00:00:00+00:00,9942.03527027959
9942.03527027959,9942.03527027959,0.6631005029517634,9942.03527027959,0.0,0.0,0,0.0,0,-57.964729720409274,0.0,0.0,1750723200,0.0,2025-06-24T00:00:00+00:00,9942.03527027959
9942.03527027959,9942.03527027959,0.6631005029517634,9942.03527027959,0.0,0.0,0,0.0,0,-57.964729720409274,0.0,0.0,1750809600,0.0,2025-06-25T00:00:00+00:00,9942.03527027959
9942.03527027959,9942.03527027959,0.6631005029517634,9942.03527027959,0.0,0.0,0,0.0,0,-57.964729720409274,0.0,0.0,1750896000,0.0,2025-06-26T00:00:00+00:00,9942.03527027959
9942.03527027959,9942.03527027959,0.6631005029517634,9942.03527027959,0.0,0.0,0,0.0,0,-57.964729720409274,0.0,0.0,1750982400,0.0,2025-06-27T00:00:00+00:00,9942.03527027959
9942.03527027959,9942.03527027959,0.6631005029517634,9942.03527027959,0.0,0.0,0,0.0,0,-57.964729720409274,0.0,0.0,1751068800,0.0,2025-06-28T00:00:00+00:00,9942.03527027959
9942.03527027959,9942.03527027959,0.6631005029517634,9942.03527027959,0.0,0.0,0,0.0,0,-57.964729720409274,0.0,0.0,1751155200,0.0,2025-06-29T00:00:00+00:00,9942.03527027959
9942.03527027959,9942.03527027959,0.6631005029517634,9942.03527027959,0.0,0.0,0,0.0,0,-57.964729720409274,0.0,0.0,1751241600,0.0,2025-06-30T00:00:00+00:00,9942.03527027959
9942.03527027959,9942.03527027959,0.6631005029517634,9942.03527027959,0.0,0.0,0,0.0,0,-57.964729720409274,0.0,0.0,1751328000,0.0,2025-07-01T00:00:00+00:00,9942.03527027959
9942.03527027959,9942.03527027959,0.6631005029517634,9942.03527027959,0.0,0.0,0,0.0,0,-57.964729720409274,0.0,0.0,1751414400,0.0,2025-07-02T00:00:00+00:00,9942.03527027959
9942.03527027959,9942.03527027959,0.6631005029517634,9942.03527027959,0.0,0.0,0,0.0,0,-57.964729720409274,0.0,0.0,1751500800,0.0,2025-07-03T00:00:00+00:00,9942.03527027959
9942.03527027959,9942.03527027959,0.6631005029517634,9942.03527027959,0.0,0.0,0,0.0,0,-57.964729720409274,0.0,0.0,1751587200,0.0,2025-07-04T00:00:00+00:00,9942.03527027959
9942.03527027959,9942.03527027959,0.6631005029517634,9942.03527027959,0.0,0.0,0,0.0,0,-57.964729720409274,0.0,0.0,1751673600,0.0,2025-07-05T00:00:00+00:00,9942.03527027959
9942.03527027959,9942.03527027959,0.6631005029517634,9942.03527027959,0.0,0.0,0,0.0,0,-57.964729720409274,0.0,0.0,1751760000,0.0,2025-07-06T00:00:00+00:00,9942.03527027959
9942.03527027959,9942.03527027959,0.6631005029517634,9942.03527027959,0.0,0.0,0,0.0,0,-57.964729720409274,0.0,0.0,1751846400,0.0,2025-07-07T00:00:00+00:00,9942.03527027959
9942.03527027959,9942.03527027959,0.6631005029517634,9942.03527027959,0.0,0.0,0,0.0,0,-57.964729720409274,0.0,0.0,1751932800,0.0,2025-07-08T00:00:00+00:00,9942.03527027959
9942.03527027959,9942.03527027959,0.6631005029517634,9942.03527027959,0.0,0.0,0,0.0,0,-57.964729720409274,0.0,0.0,1752019200,0.0,2025-07-09T00:00:00+00:00,9942.03527027959
9942.03527027959,9942.03527027959,0.6631005029517634,9942.03527027959,0.0,0.0,0,0.0,0,-57.964729720409274,0.0,0.0,1752105600,0.0,2025-07-10T00:00:00+00:00,9942.03527027959
9942.03527027959,9942.03527027959,0.6631005029517634,9942.03527027959,0.0,0.0,0,0.0,0,-57.964729720409274,0.0,0.0,1752192000,0.0,2025-07-11T00:00:00+00:00,9942.03527027959
9942.03527027959,9942.03527027959,0.6631005029517634,9942.03527027959,0.0,0.0,0,0.0,0,-57.964729720409274,0.0,0.0,1752278400,0.0,2025-07-12T00:00:00+00:00,9942.03527027959
9942.03527027959,9942.03527027959,0.6631005029517634,9942.03527027959,0.0,0.0,0,0.0,0,-57.964729720409274,0.0,0.0,1752364800,0.0,2025-07-13T00:00:00+00:00,9942.03527027959
9942.03527027959,9942.03527027959,0.6631005029517634,9942.03527027959,0.0,0.0,0,0.0,0,-57.964729720409274,0.0,0.0,1752451200,0.0,2025-07-14T00:00:00+00:00,9942.03527027959
9942.03527027959,9942.03527027959,0.6631005029517634,9942.03527027959,0.0,0.0,0,0.0,0,-57.964729720409274,0.0,0.0,1752537600,0.0,2025-07-15T00:00:00+00:00,9942.03527027959
9942.03527027959,9942.03527027959,0.6631005029517634,9942.03527027959,0.0,0.0,0,0.0,0,-57.964729720409274,0.0,0.0,1752624000,0.0,2025-07-16T00:00:00+00:00,9942.03527027959
9942.03527027959,9942.03527027959,0.6631005029517634,9942.03527027959,0.0,0.0,0,0.0,0,-57.964729720409274,0.0,0.0,1752710400,0.0,2025-07-17T00:00:00+00:00,9942.03527027959
9942.03527027959,9942.03527027959,0.6631005029517634,9942.03527027959,0.0,0.0,0,0.0,0,-57.964729720409274,0.0,0.0,1752796800,0.0,2025-07-18T00:00:00+00:00,9942.03527027959
9942.03527027959,9942.03527027959,0.6631005029517634,9942.03527027959,0.0,0.0,0,0.0,0,-57.964729720409274,0.0,0.0,1752883200,0.0,2025-07-19T00:00:00+00:00,9942.03527027959
9942.03527027959,9942.03527027959,0.6631005029517634,9942.03527027959,0.0,0.0,0,0.0,0,-57.964729720409274,0.0,0.0,1752969600,0.0,2025-07-20T00:00:00+00:00,9942.03527027959
9942.03527027959,9942.03527027959,0.6631005029517634,9942.03527027959,0.0,0.0,0,0.0,0,-57.964729720409274,0.0,0.0,1753056000,0.0,2025-07-21T00:00:00+00:00,9942.03527027959
9942.03527027959,9942.03527027959,0.6631005029517634,9942.03527027959,0.0,0.0,0,0.0,0,-57.964729720409274,0.0,0.0,1753142400,0.0,2025-07-22T00:00:00+00:00,9942.03527027959
9942.03527027959,9942.03527027959,0.6631005029517634,9942.03527027959,0.0,0.0,0,0.0,0,-57.964729720409274,0.0,0.0,1753228800,0.0,2025-07-23T00:00:00+00:00,9942.03527027959
9942.03527027959,9942.03527027959,0.6631005029517634,9942.03527027959,0.0,0.0,0,0.0,0,-57.964729720409274,0.0,0.0,1753315200,0.0,2025-07-24T00:00:00+00:00,9942.03527027959
9942.03527027959,9942.03527027959,0.6631005029517634,9942.03527027959,0.0,0.0,0,0.0,0,-57.964729720409274,0.0,0.0,1753401600,0.0,2025-07-25T00:00:00+00:00,9942.03527027959
9942.03527027959,9942.03527027959,0.6631005029517634,9942.03527027959,0.0,0.0,0,0.0,0,-57.964729720409274,0.0,0.0,1753488000,0.0,2025-07-26T00:00:00+00:00,9942.03527027959
9942.03527027959,9942.03527027959,0.6631005029517634,9942.03527027959,0.0,0.0,0,0.0,0,-57.964729720409274,0.0,0.0,1753574400,0.0,2025-07-27T00:00:00+00:00,9942.03527027959
9942.03527027959,9942.03527027959,0.6631005029517634,9942.03527027959,0.0,0.0,0,0.0,0,-57.964729720409274,0.0,0.0,1753660800,0.0,2025-07-28T00:00:00+00:00,9942.03527027959
9942.03527027959,9942.03527027959,0.6631005029517634,9942.03527027959,0.0,0.0,0,0.0,0,-57.964729720409274,0.0,0.0,1753747200,0.0,2025-07-29T00:00:00+00:00,9942.03527027959
9942.03527027959,9942.03527027959,0.6631005029517634,9942.03527027959,0.0,0.0,0,0.0,0,-57.964729720409274,0.0,0.0,1753833600,0.0,2025-07-30T00:00:00+00:00,9942.03527027959
9942.03527027959,9942.03527027959,0.6631005029517634,9942.03527027959,0.0,0.0,0,0.0,0,-57.964729720409274,0.0,0.0,1753920000,0.0,2025-07-31T00:00:00+00:00,9942.03527027959
9942.03527027959,9942.03527027959,0.6631005029517634,9942.03527027959,0.0,0.0,0,0.0,0,-57.964729720409274,0.0,0.0,1754006400,0.0,2025-08-01T00:00:00+00:00,9942.03527027959
9942.03527027959,9942.03527027959,0.6631005029517634,9942.03527027959,0.0,0.0,0,0.0,0,-57.964729720409274,0.0,0.0,1754092800,0.0,2025-08-02T00:00:00+00:00,9942.03527027959
9942.03527027959,9942.03527027959,0.6631005029517634,9942.03527027959,0.0,0.0,0,0.0,0,-57.964729720409274,0.0,0.0,1754179200,0.0,2025-08-03T00:00:00+00:00,9942.03527027959
9942.03527027959,9942.03527027959,0.6631005029517634,9942.03527027959,0.0,0.0,0,0.0,0,-57.964729720409274,0.0,0.0,1754265600,0.0,2025-08-04T00:00:00+00:00,9942.03527027959
9942.03527027959,9942.03527027959,0.6631005029517634,9942.03527027959,0.0,0.0,0,0.0,0,-57.964729720409274,0.0,0.0,1754352000,0.0,2025-08-05T00:00:00+00:00,9942.03527027959
9942.03527027959,9942.03527027959,0.6631005029517634,9942.03527027959,0.0,0.0,0,0.0,0,-57.964729720409274,0.0,0.0,1754438400,0.0,2025-08-06T00:00:00+00:00,9942.03527027959
9942.03527027959,9942.03527027959,0.6631005029517634,9942.03527027959,0.0,0.0,0,0.0,0,-57.964729720409274,0.0,0.0,1754524800,0.0,2025-08-07T00:00:00+00:00,9942.03527027959
9942.03527027959,9942.03527027959,0.6631005029517634,9942.03527027959,0.0,0.0,0,0.0,0,-57.964729720409274,0.0,0.0,1754611200,0.0,2025-08-08T00:00:00+00:00,9942.03527027959
9942.03527027959,9942.03527027959,0.6631005029517634,9942.03527027959,0.0,0.0,0,0.0,0,-57.964729720409274,0.0,0.0,1754697600,0.0,2025-08-09T00:00:00+00:00,9942.03527027959
9899.842654671684,9942.03527027959,0.6631005029517634,9942.03527027959,0.0,0.0,0,0.0,1,-57.964729720409274,0.0,42.1926156079065,1754784000,0.0,2025-08-10T00:00:00+00:00,9942.03527027959
9929.766314809722,9929.766314809722,0.7856870723323195,9929.766314809722,0.0,0.0,0,0.0,0,-70.23368519027812,0.0,0.0,1754870400,0.0,2025-08-11T00:00:00+00:00,9929.766314809722
9929.766314809722,9929.766314809722,0.7856870723323195,9929.766314809722,0.0,0.0,0,0.0,0,-70.23368519027812,0.0,0.0,1754956800,0.0,2025-08-12T00:00:00+00:00,9929.766314809722
9929.766314809722,9929.766314809722,0.7856870723323195,9929.766314809722,0.0,0.0,0,0.0,0,-70.23368519027812,0.0,0.0,1755043200,0.0,2025-08-13T00:00:00+00:00,9929.766314809722
9929.766314809722,9929.766314809722,0.7856870723323195,9929.766314809722,0.0,0.0,0,0.0,0,-70.23368519027812,0.0,0.0,1755129600,0.0,2025-08-14T00:00:00+00:00,9929.766314809722
9929.766314809722,9929.766314809722,0.7856870723323195,9929.766314809722,0.0,0.0,0,0.0,0,-70.23368519027812,0.0,0.0,1755216000,0.0,2025-08-15T00:00:00+00:00,9929.766314809722
9929.766314809722,9929.766314809722,0.7856870723323195,9929.766314809722,0.0,0.0,0,0.0,0,-70.23368519027812,0.0,0.0,1755302400,0.0,2025-08-16T00:00:00+00:00,9929.766314809722
9929.766314809722,9929.766314809722,0.7856870723323195,9929.766314809722,0.0,0.0,0,0.0,0,-70.23368519027812,0.0,0.0,1755388800,0.0,2025-08-17T00:00:00+00:00,9929.766314809722
9929.766314809722,9929.766314809722,0.7856870723323195,9929.766314809722,0.0,0.0,0,0.0,0,-70.23368519027812,0.0,0.0,1755475200,0.0,2025-08-18T00:00:00+00:00,9929.766314809722
9929.766314809722,9929.766314809722,0.7856870723323195,9929.766314809722,0.0,0.0,0,0.0,0,-70.23368519027812,0.0,0.0,1755561600,0.0,2025-08-19T00:00:00+00:00,9929.766314809722
9929.766314809722,9929.766314809722,0.7856870723323195,9929.766314809722,0.0,0.0,0,0.0,0,-70.23368519027812,0.0,0.0,1755648000,0.0,2025-08-20T00:00:00+00:00,9929.766314809722
9929.766314809722,9929.766314809722,0.7856870723323195,9929.766314809722,0.0,0.0,0,0.0,0,-70.23368519027812,0.0,0.0,1755734400,0.0,2025-08-21T00:00:00+00:00,9929.766314809722
9929.766314809722,9929.766314809722,0.7856870723323195,9929.766314809722,0.0,0.0,0,0.0,0,-70.23368519027812,0.0,0.0,1755820800,0.0,2025-08-22T00:00:00+00:00,9929.766314809722
9929.766314809722,9929.766314809722,0.7856870723323195,9929.766314809722,0.0,0.0,0,0.0,0,-70.23368519027812,0.0,0.0,1755907200,0.0,2025-08-23T00:00:00+00:00,9929.766314809722
9929.766314809722,9929.766314809722,0.7856870723323195,9929.766314809722,0.0,0.0,0,0.0,0,-70.23368519027812,0.0,0.0,1755993600,0.0,2025-08-24T00:00:00+00:00,9929.766314809722
9929.766314809722,9929.766314809722,0.7856870723323195,9929.766314809722,0.0,0.0,0,0.0,0,-70.23368519027812,0.0,0.0,1756080000,0.0,2025-08-25T00:00:00+00:00,9929.766314809722
9929.766314809722,9929.766314809722,0.7856870723323195,9929.766314809722,0.0,0.0,0,0.0,0,-70.23368519027812,0.0,0.0,1756166400,0.0,2025-08-26T00:00:00+00:00,9929.766314809722
9929.766314809722,9929.766314809722,0.7856870723323195,9929.766314809722,0.0,0.0,0,0.0,0,-70.23368519027812,0.0,0.0,1756252800,0.0,2025-08-27T00:00:00+00:00,9929.766314809722
9929.766314809722,9929.766314809722,0.7856870723323195,9929.766314809722,0.0,0.0,0,0.0,0,-70.23368519027812,0.0,0.0,1756339200,0.0,2025-08-28T00:00:00+00:00,9929.766314809722
9929.766314809722,9929.766314809722,0.7856870723323195,9929.766314809722,0.0,0.0,0,0.0,0,-70.23368519027812,0.0,0.0,1756425600,0.0,2025-08-29T00:00:00+00:00,9929.766314809722
9929.766314809722,9929.766314809722,0.7856870723323195,9929.766314809722,0.0,0.0,0,0.0,0,-70.23368519027812,0.0,0.0,1756512000,0.0,2025-08-30T00:00:00+00:00,9929.766314809722
9929.766314809722,9929.766314809722,0.7856870723323195,9929.766314809722,0.0,0.0,0,0.0,0,-70.23368519027812,0.0,0.0,1756598400,0.0,2025-08-31T00:00:00+00:00,9929.766314809722
9929.766314809722,9929.766314809722,0.7856870723323195,9929.766314809722,0.0,0.0,0,0.0,0,-70.23368519027812,0.0,0.0,1756684800,0.0,2025-09-01T00:00:00+00:00,9929.766314809722
9929.766314809722,9929.766314809722,0.7856870723323195,9929.766314809722,0.0,0.0,0,0.0,0,-70.23368519027812,0.0,0.0,1756771200,0.0,2025-09-02T00:00:00+00:00,9929.766314809722
9929.766314809722,9929.766314809722,0.7856870723323195,9929.766314809722,0.0,0.0,0,0.0,0,-70.23368519027812,0.0,0.0,1756857600,0.0,2025-09-03T00:00:00+00:00,9929.766314809722
9929.766314809722,9929.766314809722,0.7856870723323195,9929.766314809722,0.0,0.0,0,0.0,0,-70.23368519027812,0.0,0.0,1756944000,0.0,2025-09-04T00:00:00+00:00,9929.766314809722
9929.766314809722,9929.766314809722,0.7856870723323195,9929.766314809722,0.0,0.0,0,0.0,0,-70.23368519027812,0.0,0.0,1757030400,0.0,2025-09-05T00:00:00+00:00,9929.766314809722
9929.766314809722,9929.766314809722,0.7856870723323195,9929.766314809722,0.0,0.0,0,0.0,0,-70.23368519027812,0.0,0.0,1757116800,0.0,2025-09-06T00:00:00+00:00,9929.766314809722
9929.766314809722,9929.766314809722,0.7856870723323195,9929.766314809722,0.0,0.0,0,0.0,0,-70.23368519027812,0.0,0.0,1757203200,0.0,2025-09-07T00:00:00+00:00,9929.766314809722
9929.766314809722,9929.766314809722,0.7856870723323195,9929.766314809722,0.0,0.0,0,0.0,0,-70.23368519027812,0.0,0.0,1757289600,0.0,2025-09-08T00:00:00+00:00,9929.766314809722
9929.766314809722,9929.766314809722,0.7856870723323195,9929.766314809722,0.0,0.0,0,0.0,0,-70.23368519027812,0.0,0.0,1757376000,0.0,2025-09-09T00:00:00+00:00,9929.766314809722
9929.766314809722,9929.766314809722,0.7856870723323195,9929.766314809722,0.0,0.0,0,0.0,0,-70.23368519027812,0.0,0.0,1757462400,0.0,2025-09-10T00:00:00+00:00,9929.766314809722
9929.766314809722,9929.766314809722,0.7856870723323195,9929.766314809722,0.0,0.0,0,0.0,0,-70.23368519027812,0.0,0.0,1757548800,0.0,2025-09-11T00:00:00+00:00,9929.766314809722
9929.766314809722,9929.766314809722,0.7856870723323195,9929.766314809722,0.0,0.0,0,0.0,0,-70.23368519027812,0.0,0.0,1757635200,0.0,2025-09-12T00:00:00+00:00,9929.766314809722
9929.766314809722,9929.766314809722,0.7856870723323195,9929.766314809722,0.0,0.0,0,0.0,0,-70.23368519027812,0.0,0.0,1757721600,0.0,2025-09-13T00:00:00+00:00,9929.766314809722
9929.766314809722,9929.766314809722,0.7856870723323195,9929.766314809722,0.0,0.0,0,0.0,0,-70.23368519027812,0.0,0.0,1757808000,0.0,2025-09-14T00:00:00+00:00,9929.766314809722
9929.766314809722,9929.766314809722,0.7856870723323195,9929.766314809722,0.0,0.0,0,0.0,0,-70.23368519027812,0.0,0.0,1757894400,0.0,2025-09-15T00:00:00+00:00,9929.766314809722
9929.766314809722,9929.766314809722,0.7856870723323195,9929.766314809722,0.0,0.0,0,0.0,0,-70.23368519027812,0.0,0.0,1757980800,0.0,2025-09-16T00:00:00+00:00,9929.766314809722
9929.766314809722,9929.766314809722,0.7856870723323195,9929.766314809722,0.0,0.0,0,0.0,0,-70.23368519027812,0.0,0.0,1758067200,0.0,2025-09-17T00:00:00+00:00,9929.766314809722
9929.766314809722,9929.766314809722,0.7856870723323195,9929.766314809722,0.0,0.0,0,0.0,0,-70.23368519027812,0.0,0.0,1758153600,0.0,2025-09-18T00:00:00+00:00,9929.766314809722
9929.766314809722,9929.766314809722,0.7856870723323195,9929.766314809722,0.0,0.0,0,0.0,0,-70.23368519027812,0.0,0.0,1758240000,0.0,2025-09-19T00:00:00+00:00,9929.766314809722
9929.766314809722,9929.766314809722,0.7856870723323195,9929.766314809722,0.0,0.0,0,0.0,0,-70.23368519027812,0.0,0.0,1758326400,0.0,2025-09-20T00:00:00+00:00,9929.766314809722
9929.766314809722,9929.766314809722,0.7856870723323195,9929.766314809722,0.0,0.0,0,0.0,0,-70.23368519027812,0.0,0.0,1758412800,0.0,2025-09-21T00:00:00+00:00,9929.766314809722
9929.766314809722,9929.766314809722,0.7856870723323195,9929.766314809722,0.0,0.0,0,0.0,0,-70.23368519027812,0.0,0.0,1758499200,0.0,2025-09-22T00:00:00+00:00,9929.766314809722
9929.766314809722,9929.766314809722,0.7856870723323195,9929.766314809722,0.0,0.0,0,0.0,0,-70.23368519027812,0.0,0.0,1758585600,0.0,2025-09-23T00:00:00+00:00,9929.766314809722
9929.766314809722,9929.766314809722,0.7856870723323195,9929.766314809722,0.0,0.0,0,0.0,0,-70.23368519027812,0.0,0.0,1758672000,0.0,2025-09-24T00:00:00+00:00,9929.766314809722
9929.766314809722,9929.766314809722,0.7856870723323195,9929.766314809722,0.0,0.0,0,0.0,0,-70.23368519027812,0.0,0.0,1758758400,0.0,2025-09-25T00:00:00+00:00,9929.766314809722
9929.766314809722,9929.766314809722,0.7856870723323195,9929.766314809722,0.0,0.0,0,0.0,0,-70.23368519027812,0.0,0.0,1758844800,0.0,2025-09-26T00:00:00+00:00,9929.766314809722
9929.766314809722,9929.766314809722,0.7856870723323195,9929.766314809722,0.0,0.0,0,0.0,0,-70.23368519027812,0.0,0.0,1758931200,0.0,2025-09-27T00:00:00+00:00,9929.766314809722
9929.766314809722,9929.766314809722,0.7856870723323195,9929.766314809722,0.0,0.0,0,0.0,0,-70.23368519027812,0.0,0.0,1759017600,0.0,2025-09-28T00:00:00+00:00,9929.766314809722
9929.766314809722,9929.766314809722,0.7856870723323195,9929.766314809722,0.0,0.0,0,0.0,0,-70.23368519027812,0.0,0.0,1759104000,0.0,2025-09-29T00:00:00+00:00,9929.766314809722
9929.766314809722,9929.766314809722,0.7856870723323195,9929.766314809722,0.0,0.0,0,0.0,0,-70.23368519027812,0.0,0.0,1759190400,0.0,2025-09-30T00:00:00+00:00,9929.766314809722
9929.766314809722,9929.766314809722,0.7856870723323195,9929.766314809722,0.0,0.0,0,0.0,0,-70.23368519027812,0.0,0.0,1759276800,0.0,2025-10-01T00:00:00+00:00,9929.766314809722
9929.766314809722,9929.766314809722,0.7856870723323195,9929.766314809722,0.0,0.0,0,0.0,0,-70.23368519027812,0.0,0.0,1759363200,0.0,2025-10-02T00:00:00+00:00,9929.766314809722
9929.766314809722,9929.766314809722,0.7856870723323195,9929.766314809722,0.0,0.0,0,0.0,0,-70.23368519027812,0.0,0.0,1759449600,0.0,2025-10-03T00:00:00+00:00,9929.766314809722
9929.766314809722,9929.766314809722,0.7856870723323195,9929.766314809722,0.0,0.0,0,0.0,0,-70.23368519027812,0.0,0.0,1759536000,0.0,2025-10-04T00:00:00+00:00,9929.766314809722
9929.766314809722,9929.766314809722,0.7856870723323195,9929.766314809722,0.0,0.0,0,0.0,0,-70.23368519027812,0.0,0.0,1759622400,0.0,2025-10-05T00:00:00+00:00,9929.766314809722
9929.766314809722,9929.766314809722,0.7856870723323195,9929.766314809722,0.0,0.0,0,0.0,0,-70.23368519027812,0.0,0.0,1759708800,0.0,2025-10-06T00:00:00+00:00,9929.766314809722
9929.766314809722,9929.766314809722,0.7856870723323195,9929.766314809722,0.0,0.0,0,0.0,0,-70.23368519027812,0.0,0.0,1759795200,0.0,2025-10-07T00:00:00+00:00,9929.766314809722
9929.766314809722,9929.766314809722,0.7856870723323195,9929.766314809722,0.0,0.0,0,0.0,0,-70.23368519027812,0.0,0.0,1759881600,0.0,2025-10-08T00:00:00+00:00,9929.766314809722
9929.766314809722,9929.766314809722,0.7856870723323195,9929.766314809722,0.0,0.0,0,0.0,0,-70.23368519027812,0.0,0.0,1759968000,0.0,2025-10-09T00:00:00+00:00,9929.766314809722
9929.766314809722,9929.766314809722,0.7856870723323195,9929.766314809722,0.0,0.0,0,0.0,0,-70.23368519027812,0.0,0.0,1760054400,0.0,2025-10-10T00:00:00+00:00,9929.766314809722
9929.766314809722,9929.766314809722,0.7856870723323195,9929.766314809722,0.0,0.0,0,0.0,0,-70.23368519027812,0.0,0.0,1760140800,0.0,2025-10-11T00:00:00+00:00,9929.766314809722
9929.766314809722,9929.766314809722,0.7856870723323195,9929.766314809722,0.0,0.0,0,0.0,0,-70.23368519027812,0.0,0.0,1760227200,0.0,2025-10-12T00:00:00+00:00,9929.766314809722
9929.766314809722,9929.766314809722,0.7856870723323195,9929.766314809722,0.0,0.0,0,0.0,0,-70.23368519027812,0.0,0.0,1760313600,0.0,2025-10-13T00:00:00+00:00,9929.766314809722
9929.766314809722,9929.766314809722,0.7856870723323195,9929.766314809722,0.0,0.0,0,0.0,0,-70.23368519027812,0.0,0.0,1760400000,0.0,2025-10-14T00:00:00+00:00,9929.766314809722
9929.766314809722,9929.766314809722,0.7856870723323195,9929.766314809722,0.0,0.0,0,0.0,0,-70.23368519027812,0.0,0.0,1760486400,0.0,2025-10-15T00:00:00+00:00,9929.766314809722
9929.766314809722,9929.766314809722,0.7856870723323195,9929.766314809722,0.0,0.0,0,0.0,0,-70.23368519027812,0.0,0.0,1760572800,0.0,2025-10-16T00:00:00+00:00,9929.766314809722
9929.766314809722,9929.766314809722,0.7856870723323195,9929.766314809722,0.0,0.0,0,0.0,0,-70.23368519027812,0.0,0.0,1760659200,0.0,2025-10-17T00:00:00+00:00,9929.766314809722
9929.766314809722,9929.766314809722,0.7856870723323195,9929.766314809722,0.0,0.0,0,0.0,0,-70.23368519027812,0.0,0.0,1760745600,0.0,2025-10-18T00:00:00+00:00,9929.766314809722
9929.766314809722,9929.766314809722,0.7856870723323195,9929.766314809722,0.0,0.0,0,0.0,0,-70.23368519027812,0.0,0.0,1760832000,0.0,2025-10-19T00:00:00+00:00,9929.766314809722
9929.766314809722,9929.766314809722,0.7856870723323195,9929.766314809722,0.0,0.0,0,0.0,0,-70.23368519027812,0.0,0.0,1760918400,0.0,2025-10-20T00:00:00+00:00,9929.766314809722
9929.766314809722,9929.766314809722,0.7856870723323195,9929.766314809722,0.0,0.0,0,0.0,0,-70.23368519027812,0.0,0.0,1761004800,0.0,2025-10-21T00:00:00+00:00,9929.766314809722
9929.766314809722,9929.766314809722,0.7856870723323195,9929.766314809722,0.0,0.0,0,0.0,0,-70.23368519027812,0.0,0.0,1761091200,0.0,2025-10-22T00:00:00+00:00,9929.766314809722
9929.766314809722,9929.766314809722,0.7856870723323195,9929.766314809722,0.0,0.0,0,0.0,0,-70.23368519027812,0.0,0.0,1761177600,0.0,2025-10-23T00:00:00+00:00,9929.766314809722
9929.766314809722,9929.766314809722,0.7856870723323195,9929.766314809722,0.0,0.0,0,0.0,0,-70.23368519027812,0.0,0.0,1761264000,0.0,2025-10-24T00:00:00+00:00,9929.766314809722
9929.766314809722,9929.766314809722,0.7856870723323195,9929.766314809722,0.0,0.0,0,0.0,0,-70.23368519027812,0.0,0.0,1761350400,0.0,2025-10-25T00:00:00+00:00,9929.766314809722
9929.766314809722,9929.766314809722,0.7856870723323195,9929.766314809722,0.0,0.0,0,0.0,0,-70.23368519027812,0.0,0.0,1761436800,0.0,2025-10-26T00:00:00+00:00,9929.766314809722
9929.766314809722,9929.766314809722,0.7856870723323195,9929.766314809722,0.0,0.0,0,0.0,0,-70.23368519027812,0.0,0.0,1761523200,0.0,2025-10-27T00:00:00+00:00,9929.766314809722
9929.766314809722,9929.766314809722,0.7856870723323195,9929.766314809722,0.0,0.0,0,0.0,0,-70.23368519027812,0.0,0.0,1761609600,0.0,2025-10-28T00:00:00+00:00,9929.766314809722
9929.766314809722,9929.766314809722,0.7856870723323195,9929.766314809722,0.0,0.0,0,0.0,0,-70.23368519027812,0.0,0.0,1761696000,0.0,2025-10-29T00:00:00+00:00,9929.766314809722
9929.766314809722,9929.766314809722,0.7856870723323195,9929.766314809722,0.0,0.0,0,0.0,0,-70.23368519027812,0.0,0.0,1761782400,0.0,2025-10-30T00:00:00+00:00,9929.766314809722
9929.766314809722,9929.766314809722,0.7856870723323195,9929.766314809722,0.0,0.0,0,0.0,0,-70.23368519027812,0.0,0.0,1761868800,0.0,2025-10-31T00:00:00+00:00,9929.766314809722
9929.766314809722,9929.766314809722,0.7856870723323195,9929.766314809722,0.0,0.0,0,0.0,0,-70.23368519027812,0.0,0.0,1761955200,0.0,2025-11-01T00:00:00+00:00,9929.766314809722
9929.766314809722,9929.766314809722,0.7856870723323195,9929.766314809722,0.0,0.0,0,0.0,0,-70.23368519027812,0.0,0.0,1762041600,0.0,2025-11-02T00:00:00+00:00,9929.766314809722
9929.766314809722,9929.766314809722,0.7856870723323195,9929.766314809722,0.0,0.0,0,0.0,0,-70.23368519027812,0.0,0.0,1762128000,0.0,2025-11-03T00:00:00+00:00,9929.766314809722
9929.766314809722,9929.766314809722,0.7856870723323195,9929.766314809722,0.0,0.0,0,0.0,0,-70.23368519027812,0.0,0.0,1762214400,0.0,2025-11-04T00:00:00+00:00,9929.766314809722
9929.766314809722,9929.766314809722,0.7856870723323195,9929.766314809722,0.0,0.0,0,0.0,0,-70.23368519027812,0.0,0.0,1762300800,0.0,2025-11-05T00:00:00+00:00,9929.766314809722
9929.766314809722,9929.766314809722,0.7856870723323195,9929.766314809722,0.0,0.0,0,0.0,0,-70.23368519027812,0.0,0.0,1762387200,0.0,2025-11-06T00:00:00+00:00,9929.766314809722
9929.766314809722,9929.766314809722,0.7856870723323195,9929.766314809722,0.0,0.0,0,0.0,0,-70.23368519027812,0.0,0.0,1762473600,0.0,2025-11-07T00:00:00+00:00,9929.766314809722
9929.766314809722,9929.766314809722,0.7856870723323195,9929.766314809722,0.0,0.0,0,0.0,0,-70.23368519027812,0.0,0.0,1762560000,0.0,2025-11-08T00:00:00+00:00,9929.766314809722
9929.766314809722,9929.766314809722,0.7856870723323195,9929.766314809722,0.0,0.0,0,0.0,0,-70.23368519027812,0.0,0.0,1762646400,0.0,2025-11-09T00:00:00+00:00,9929.766314809722
9929.766314809722,9929.766314809722,0.7856870723323195,9929.766314809722,0.0,0.0,0,0.0,0,-70.23368519027812,0.0,0.0,1762732800,0.0,2025-11-10T00:00:00+00:00,9929.766314809722
9929.766314809722,9929.766314809722,0.7856870723323195,9929.766314809722,0.0,0.0,0,0.0,0,-70.23368519027812,0.0,0.0,1762819200,0.0,2025-11-11T00:00:00+00:00,9929.766314809722
9929.766314809722,9929.766314809722,0.7856870723323195,9929.766314809722,0.0,0.0,0,0.0,0,-70.23368519027812,0.0,0.0,1762905600,0.0,2025-11-12T00:00:00+00:00,9929.766314809722
9929.766314809722,9929.766314809722,0.7856870723323195,9929.766314809722,0.0,0.0,0,0.0,0,-70.23368519027812,0.0,0.0,1762992000,0.0,2025-11-13T00:00:00+00:00,9929.766314809722
9929.766314809722,9929.766314809722,0.7856870723323195,9929.766314809722,0.0,0.0,0,0.0,0,-70.23368519027812,0.0,0.0,1763078400,0.0,2025-11-14T00:00:00+00:00,9929.766314809722
9929.766314809722,9929.766314809722,0.7856870723323195,9929.766314809722,0.0,0.0,0,0.0,0,-70.23368519027812,0.0,0.0,1763164800,0.0,2025-11-15T00:00:00+00:00,9929.766314809722
9929.766314809722,9929.766314809722,0.7856870723323195,9929.766314809722,0.0,0.0,0,0.0,0,-70.23368519027812,0.0,0.0,1763251200,0.0,2025-11-16T00:00:00+00:00,9929.766314809722
9929.766314809722,9929.766314809722,0.7856870723323195,9929.766314809722,0.0,0.0,0,0.0,0,-70.23368519027812,0.0,0.0,1763337600,0.0,2025-11-17T00:00:00+00:00,9929.766314809722
9929.766314809722,9929.766314809722,0.7856870723323195,9929.766314809722,0.0,0.0,0,0.0,0,-70.23368519027812,0.0,0.0,1763424000,0.0,2025-11-18T00:00:00+00:00,9929.766314809722
9929.766314809722,9929.766314809722,0.7856870723323195,9929.766314809722,0.0,0.0,0,0.0,0,-70.23368519027812,0.0,0.0,1763510400,0.0,2025-11-19T00:00:00+00:00,9929.766314809722
9929.766314809722,9929.766314809722,0.7856870723323195,9929.766314809722,0.0,0.0,0,0.0,0,-70.23368519027812,0.0,0.0,1763596800,0.0,2025-11-20T00:00:00+00:00,9929.766314809722
9929.766314809722,9929.766314809722,0.7856870723323195,9929.766314809722,0.0,0.0,0,0.0,0,-70.23368519027812,0.0,0.0,1763683200,0.0,2025-11-21T00:00:00+00:00,9929.766314809722
9929.766314809722,9929.766314809722,0.7856870723323195,9929.766314809722,0.0,0.0,0,0.0,0,-70.23368519027812,0.0,0.0,1763769600,0.0,2025-11-22T00:00:00+00:00,9929.766314809722
9929.766314809722,9929.766314809722,0.7856870723323195,9929.766314809722,0.0,0.0,0,0.0,0,-70.23368519027812,0.0,0.0,1763856000,0.0,2025-11-23T00:00:00+00:00,9929.766314809722
9929.766314809722,9929.766314809722,0.7856870723323195,9929.766314809722,0.0,0.0,0,0.0,0,-70.23368519027812,0.0,0.0,1763942400,0.0,2025-11-24T00:00:00+00:00,9929.766314809722
9929.766314809722,9929.766314809722,0.7856870723323195,9929.766314809722,0.0,0.0,0,0.0,0,-70.23368519027812,0.0,0.0,1764028800,0.0,2025-11-25T00:00:00+00:00,9929.766314809722
9929.766314809722,9929.766314809722,0.7856870723323195,9929.766314809722,0.0,0.0,0,0.0,0,-70.23368519027812,0.0,0.0,1764115200,0.0,2025-11-26T00:00:00+00:00,9929.766314809722
9929.766314809722,9929.766314809722,0.7856870723323195,9929.766314809722,0.0,0.0,0,0.0,0,-70.23368519027812,0.0,0.0,1764201600,0.0,2025-11-27T00:00:00+00:00,9929.766314809722
9929.766314809722,9929.766314809722,0.7856870723323195,9929.766314809722,0.0,0.0,0,0.0,0,-70.23368519027812,0.0,0.0,1764288000,0.0,2025-11-28T00:00:00+00:00,9929.766314809722
9929.766314809722,9929.766314809722,0.7856870723323195,9929.766314809722,0.0,0.0,0,0.0,0,-70.23368519027812,0.0,0.0,1764374400,0.0,2025-11-29T00:00:00+00:00,9929.766314809722
9929.766314809722,9929.766314809722,0.7856870723323195,9929.766314809722,0.0,0.0,0,0.0,0,-70.23368519027812,0.0,0.0,1764460800,0.0,2025-11-30T00:00:00+00:00,9929.766314809722
9929.766314809722,9929.766314809722,0.7856870723323195,9929.766314809722,0.0,0.0,0,0.0,0,-70.23368519027812,0.0,0.0,1764547200,0.0,2025-12-01T00:00:00+00:00,9929.766314809722
9929.766314809722,9929.766314809722,0.7856870723323195,9929.766314809722,0.0,0.0,0,0.0,0,-70.23368519027812,0.0,0.0,1764633600,0.0,2025-12-02T00:00:00+00:00,9929.766314809722
9929.766314809722,9929.766314809722,0.7856870723323195,9929.766314809722,0.0,0.0,0,0.0,0,-70.23368519027812,0.0,0.0,1764720000,0.0,2025-12-03T00:00:00+00:00,9929.766314809722
9929.766314809722,9929.766314809722,0.7856870723323195,9929.766314809722,0.0,0.0,0,0.0,0,-70.23368519027812,0.0,0.0,1764806400,0.0,2025-12-04T00:00:00+00:00,9929.766314809722
9929.766314809722,9929.766314809722,0.7856870723323195,9929.766314809722,0.0,0.0,0,0.0,0,-70.23368519027812,0.0,0.0,1764892800,0.0,2025-12-05T00:00:00+00:00,9929.766314809722
9929.766314809722,9929.766314809722,0.7856870723323195,9929.766314809722,0.0,0.0,0,0.0,0,-70.23368519027812,0.0,0.0,1764979200,0.0,2025-12-06T00:00:00+00:00,9929.766314809722
9929.766314809722,9929.766314809722,0.7856870723323195,9929.766314809722,0.0,0.0,0,0.0,0,-70.23368519027812,0.0,0.0,1765065600,0.0,2025-12-07T00:00:00+00:00,9929.766314809722
9929.766314809722,9929.766314809722,0.7856870723323195,9929.766314809722,0.0,0.0,0,0.0,0,-70.23368519027812,0.0,0.0,1765152000,0.0,2025-12-08T00:00:00+00:00,9929.766314809722
9929.766314809722,9929.766314809722,0.7856870723323195,9929.766314809722,0.0,0.0,0,0.0,0,-70.23368519027812,0.0,0.0,1765238400,0.0,2025-12-09T00:00:00+00:00,9929.766314809722
9929.766314809722,9929.766314809722,0.7856870723323195,9929.766314809722,0.0,0.0,0,0.0,0,-70.23368519027812,0.0,0.0,1765324800,0.0,2025-12-10T00:00:00+00:00,9929.766314809722
9929.766314809722,9929.766314809722,0.7856870723323195,9929.766314809722,0.0,0.0,0,0.0,0,-70.23368519027812,0.0,0.0,1765411200,0.0,2025-12-11T00:00:00+00:00,9929.766314809722
9929.766314809722,9929.766314809722,0.7856870723323195,9929.766314809722,0.0,0.0,0,0.0,0,-70.23368519027812,0.0,0.0,1765497600,0.0,2025-12-12T00:00:00+00:00,9929.766314809722
9929.766314809722,9929.766314809722,0.7856870723323195,9929.766314809722,0.0,0.0,0,0.0,0,-70.23368519027812,0.0,0.0,1765584000,0.0,2025-12-13T00:00:00+00:00,9929.766314809722
9929.766314809722,9929.766314809722,0.7856870723323195,9929.766314809722,0.0,0.0,0,0.0,0,-70.23368519027812,0.0,0.0,1765670400,0.0,2025-12-14T00:00:00+00:00,9929.766314809722
9929.766314809722,9929.766314809722,0.7856870723323195,9929.766314809722,0.0,0.0,0,0.0,0,-70.23368519027812,0.0,0.0,1765756800,0.0,2025-12-15T00:00:00+00:00,9929.766314809722
9929.766314809722,9929.766314809722,0.7856870723323195,9929.766314809722,0.0,0.0,0,0.0,0,-70.23368519027812,0.0,0.0,1765843200,0.0,2025-12-16T00:00:00+00:00,9929.766314809722
9929.766314809722,9929.766314809722,0.7856870723323195,9929.766314809722,0.0,0.0,0,0.0,0,-70.23368519027812,0.0,0.0,1765929600,0.0,2025-12-17T00:00:00+00:00,9929.766314809722
9929.766314809722,9929.766314809722,0.7856870723323195,9929.766314809722,0.0,0.0,0,0.0,0,-70.23368519027812,0.0,0.0,1766016000,0.0,2025-12-18T00:00:00+00:00,9929.766314809722
9929.766314809722,9929.766314809722,0.7856870723323195,9929.766314809722,0.0,0.0,0,0.0,0,-70.23368519027812,0.0,0.0,1766102400,0.0,2025-12-19T00:00:00+00:00,9929.766314809722
9929.766314809722,9929.766314809722,0.7856870723323195,9929.766314809722,0.0,0.0,0,0.0,0,-70.23368519027812,0.0,0.0,1766188800,0.0,2025-12-20T00:00:00+00:00,9929.766314809722
9929.766314809722,9929.766314809722,0.7856870723323195,9929.766314809722,0.0,0.0,0,0.0,0,-70.23368519027812,0.0,0.0,1766275200,0.0,2025-12-21T00:00:00+00:00,9929.766314809722
9929.766314809722,9929.766314809722,0.7856870723323195,9929.766314809722,0.0,0.0,0,0.0,0,-70.23368519027812,0.0,0.0,1766361600,0.0,2025-12-22T00:00:00+00:00,9929.766314809722
9929.766314809722,9929.766314809722,0.7856870723323195,9929.766314809722,0.0,0.0,0,0.0,0,-70.23368519027812,0.0,0.0,1766448000,0.0,2025-12-23T00:00:00+00:00,9929.766314809722
9929.766314809722,9929.766314809722,0.7856870723323195,9929.766314809722,0.0,0.0,0,0.0,0,-70.23368519027812,0.0,0.0,1766534400,0.0,2025-12-24T00:00:00+00:00,9929.766314809722
9929.766314809722,9929.766314809722,0.7856870723323195,9929.766314809722,0.0,0.0,0,0.0,0,-70.23368519027812,0.0,0.0,1766620800,0.0,2025-12-25T00:00:00+00:00,9929.766314809722
9929.766314809722,9929.766314809722,0.7856870723323195,9929.766314809722,0.0,0.0,0,0.0,0,-70.23368519027812,0.0,0.0,1766707200,0.0,2025-12-26T00:00:00+00:00,9929.766314809722
9929.766314809722,9929.766314809722,0.7856870723323195,9929.766314809722,0.0,0.0,0,0.0,0,-70.23368519027812,0.0,0.0,1766793600,0.0,2025-12-27T00:00:00+00:00,9929.766314809722
9929.766314809722,9929.766314809722,0.7856870723323195,9929.766314809722,0.0,0.0,0,0.0,0,-70.23368519027812,0.0,0.0,1766880000,0.0,2025-12-28T00:00:00+00:00,9929.766314809722
9929.766314809722,9929.766314809722,0.7856870723323195,9929.766314809722,0.0,0.0,0,0.0,0,-70.23368519027812,0.0,0.0,1766966400,0.0,2025-12-29T00:00:00+00:00,9929.766314809722
9929.766314809722,9929.766314809722,0.7856870723323195,9929.766314809722,0.0,0.0,0,0.0,0,-70.23368519027812,0.0,0.0,1767052800,0.0,2025-12-30T00:00:00+00:00,9929.766314809722
9929.766314809722,9929.766314809722,0.7856870723323195,9929.766314809722,0.0,0.0,0,0.0,0,-70.23368519027812,0.0,0.0,1767139200,0.0,2025-12-31T00:00:00+00:00,9929.766314809722
9929.766314809722,9929.766314809722,0.7856870723323195,9929.766314809722,0.0,0.0,0,0.0,0,-70.23368519027812,0.0,0.0,1767225600,0.0,2026-01-01T00:00:00+00:00,9929.766314809722
9929.766314809722,9929.766314809722,0.7856870723323195,9929.766314809722,0.0,0.0,0,0.0,0,-70.23368519027812,0.0,0.0,1767312000,0.0,2026-01-02T00:00:00+00:00,9929.766314809722
9929.766314809722,9929.766314809722,0.7856870723323195,9929.766314809722,0.0,0.0,0,0.0,0,-70.23368519027812,0.0,0.0,1767398400,0.0,2026-01-03T00:00:00+00:00,9929.766314809722
9929.766314809722,9929.766314809722,0.7856870723323195,9929.766314809722,0.0,0.0,0,0.0,0,-70.23368519027812,0.0,0.0,1767484800,0.0,2026-01-04T00:00:00+00:00,9929.766314809722
9929.766314809722,9929.766314809722,0.7856870723323195,9929.766314809722,0.0,0.0,0,0.0,0,-70.23368519027812,0.0,0.0,1767571200,0.0,2026-01-05T00:00:00+00:00,9929.766314809722
9929.766314809722,9929.766314809722,0.7856870723323195,9929.766314809722,0.0,0.0,0,0.0,0,-70.23368519027812,0.0,0.0,1767657600,0.0,2026-01-06T00:00:00+00:00,9929.766314809722
9929.766314809722,9929.766314809722,0.7856870723323195,9929.766314809722,0.0,0.0,0,0.0,0,-70.23368519027812,0.0,0.0,1767744000,0.0,2026-01-07T00:00:00+00:00,9929.766314809722
9929.766314809722,9929.766314809722,0.7856870723323195,9929.766314809722,0.0,0.0,0,0.0,0,-70.23368519027812,0.0,0.0,1767830400,0.0,2026-01-08T00:00:00+00:00,9929.766314809722
9929.766314809722,9929.766314809722,0.7856870723323195,9929.766314809722,0.0,0.0,0,0.0,0,-70.23368519027812,0.0,0.0,1767916800,0.0,2026-01-09T00:00:00+00:00,9929.766314809722
9929.766314809722,9929.766314809722,0.7856870723323195,9929.766314809722,0.0,0.0,0,0.0,0,-70.23368519027812,0.0,0.0,1768003200,0.0,2026-01-10T00:00:00+00:00,9929.766314809722
9929.766314809722,9929.766314809722,0.7856870723323195,9929.766314809722,0.0,0.0,0,0.0,0,-70.23368519027812,0.0,0.0,1768089600,0.0,2026-01-11T00:00:00+00:00,9929.766314809722
9929.766314809722,9929.766314809722,0.7856870723323195,9929.766314809722,0.0,0.0,0,0.0,0,-70.23368519027812,0.0,0.0,1768176000,0.0,2026-01-12T00:00:00+00:00,9929.766314809722
9929.766314809722,9929.766314809722,0.7856870723323195,9929.766314809722,0.0,0.0,0,0.0,0,-70.23368519027812,0.0,0.0,1768262400,0.0,2026-01-13T00:00:00+00:00,9929.766314809722
9929.766314809722,9929.766314809722,0.7856870723323195,9929.766314809722,0.0,0.0,0,0.0,0,-70.23368519027812,0.0,0.0,1768348800,0.0,2026-01-14T00:00:00+00:00,9929.766314809722
9929.766314809722,9929.766314809722,0.7856870723323195,9929.766314809722,0.0,0.0,0,0.0,0,-70.23368519027812,0.0,0.0,1768435200,0.0,2026-01-15T00:00:00+00:00,9929.766314809722
9929.766314809722,9929.766314809722,0.7856870723323195,9929.766314809722,0.0,0.0,0,0.0,0,-70.23368519027812,0.0,0.0,1768521600,0.0,2026-01-16T00:00:00+00:00,9929.766314809722
9929.766314809722,9929.766314809722,0.7856870723323195,9929.766314809722,0.0,0.0,0,0.0,0,-70.23368519027812,0.0,0.0,1768608000,0.0,2026-01-17T00:00:00+00:00,9929.766314809722
9929.766314809722,9929.766314809722,0.7856870723323195,9929.766314809722,0.0,0.0,0,0.0,0,-70.23368519027812,0.0,0.0,1768694400,0.0,2026-01-18T00:00:00+00:00,9929.766314809722
9929.766314809722,9929.766314809722,0.7856870723323195,9929.766314809722,0.0,0.0,0,0.0,0,-70.23368519027812,0.0,0.0,1768780800,0.0,2026-01-19T00:00:00+00:00,9929.766314809722
9929.766314809722,9929.766314809722,0.7856870723323195,9929.766314809722,0.0,0.0,0,0.0,0,-70.23368519027812,0.0,0.0,1768867200,0.0,2026-01-20T00:00:00+00:00,9929.766314809722
9929.766314809722,9929.766314809722,0.7856870723323195,9929.766314809722,0.0,0.0,0,0.0,0,-70.23368519027812,0.0,0.0,1768953600,0.0,2026-01-21T00:00:00+00:00,9929.766314809722
9929.766314809722,9929.766314809722,0.7856870723323195,9929.766314809722,0.0,0.0,0,0.0,0,-70.23368519027812,0.0,0.0,1769040000,0.0,2026-01-22T00:00:00+00:00,9929.766314809722
9929.766314809722,9929.766314809722,0.7856870723323195,9929.766314809722,0.0,0.0,0,0.0,0,-70.23368519027812,0.0,0.0,1769126400,0.0,2026-01-23T00:00:00+00:00,9929.766314809722
9929.766314809722,9929.766314809722,0.7856870723323195,9929.766314809722,0.0,0.0,0,0.0,0,-70.23368519027812,0.0,0.0,1769212800,0.0,2026-01-24T00:00:00+00:00,9929.766314809722
9929.766314809722,9929.766314809722,0.7856870723323195,9929.766314809722,0.0,0.0,0,0.0,0,-70.23368519027812,0.0,0.0,1769299200,0.0,2026-01-25T00:00:00+00:00,9929.766314809722
9929.766314809722,9929.766314809722,0.7856870723323195,9929.766314809722,0.0,0.0,0,0.0,0,-70.23368519027812,0.0,0.0,1769385600,0.0,2026-01-26T00:00:00+00:00,9929.766314809722
9929.766314809722,9929.766314809722,0.7856870723323195,9929.766314809722,0.0,0.0,0,0.0,0,-70.23368519027812,0.0,0.0,1769472000,0.0,2026-01-27T00:00:00+00:00,9929.766314809722
9929.766314809722,9929.766314809722,0.7856870723323195,9929.766314809722,0.0,0.0,0,0.0,0,-70.23368519027812,0.0,0.0,1769558400,0.0,2026-01-28T00:00:00+00:00,9929.766314809722
9929.766314809722,9929.766314809722,0.7856870723323195,9929.766314809722,0.0,0.0,0,0.0,0,-70.23368519027812,0.0,0.0,1769644800,0.0,2026-01-29T00:00:00+00:00,9929.766314809722
9929.766314809722,9929.766314809722,0.7856870723323195,9929.766314809722,0.0,0.0,0,0.0,0,-70.23368519027812,0.0,0.0,1769731200,0.0,2026-01-30T00:00:00+00:00,9929.766314809722
9929.766314809722,9929.766314809722,0.7856870723323195,9929.766314809722,0.0,0.0,0,0.0,0,-70.23368519027812,0.0,0.0,1769817600,0.0,2026-01-31T00:00:00+00:00,9929.766314809722
9929.766314809722,9929.766314809722,0.7856870723323195,9929.766314809722,0.0,0.0,0,0.0,0,-70.23368519027812,0.0,0.0,1769904000,0.0,2026-02-01T00:00:00+00:00,9929.766314809722
9929.766314809722,9929.766314809722,0.7856870723323195,9929.766314809722,0.0,0.0,0,0.0,0,-70.23368519027812,0.0,0.0,1769990400,0.0,2026-02-02T00:00:00+00:00,9929.766314809722
9929.766314809722,9929.766314809722,0.7856870723323195,9929.766314809722,0.0,0.0,0,0.0,0,-70.23368519027812,0.0,0.0,1770076800,0.0,2026-02-03T00:00:00+00:00,9929.766314809722
9929.766314809722,9929.766314809722,0.7856870723323195,9929.766314809722,0.0,0.0,0,0.0,0,-70.23368519027812,0.0,0.0,1770163200,0.0,2026-02-04T00:00:00+00:00,9929.766314809722
9929.766314809722,9929.766314809722,0.7856870723323195,9929.766314809722,0.0,0.0,0,0.0,0,-70.23368519027812,0.0,0.0,1770249600,0.0,2026-02-05T00:00:00+00:00,9929.766314809722
9929.766314809722,9929.766314809722,0.7856870723323195,9929.766314809722,0.0,0.0,0,0.0,0,-70.23368519027812,0.0,0.0,1770336000,0.0,2026-02-06T00:00:00+00:00,9929.766314809722
9929.766314809722,9929.766314809722,0.7856870723323195,9929.766314809722,0.0,0.0,0,0.0,0,-70.23368519027812,0.0,0.0,1770422400,0.0,2026-02-07T00:00:00+00:00,9929.766314809722
9929.766314809722,9929.766314809722,0.7856870723323195,9929.766314809722,0.0,0.0,0,0.0,0,-70.23368519027812,0.0,0.0,1770508800,0.0,2026-02-08T00:00:00+00:00,9929.766314809722
9929.766314809722,9929.766314809722,0.7856870723323195,9929.766314809722,0.0,0.0,0,0.0,0,-70.23368519027812,0.0,0.0,1770595200,0.0,2026-02-09T00:00:00+00:00,9929.766314809722
9929.766314809722,9929.766314809722,0.7856870723323195,9929.766314809722,0.0,0.0,0,0.0,0,-70.23368519027812,0.0,0.0,1770681600,0.0,2026-02-10T00:00:00+00:00,9929.766314809722
9929.766314809722,9929.766314809722,0.7856870723323195,9929.766314809722,0.0,0.0,0,0.0,0,-70.23368519027812,0.0,0.0,1770768000,0.0,2026-02-11T00:00:00+00:00,9929.766314809722
9929.766314809722,9929.766314809722,0.7856870723323195,9929.766314809722,0.0,0.0,0,0.0,0,-70.23368519027812,0.0,0.0,1770854400,0.0,2026-02-12T00:00:00+00:00,9929.766314809722
9929.766314809722,9929.766314809722,0.7856870723323195,9929.766314809722,0.0,0.0,0,0.0,0,-70.23368519027812,0.0,0.0,1770940800,0.0,2026-02-13T00:00:00+00:00,9929.766314809722
9929.766314809722,9929.766314809722,0.7856870723323195,9929.766314809722,0.0,0.0,0,0.0,0,-70.23368519027812,0.0,0.0,1771027200,0.0,2026-02-14T00:00:00+00:00,9929.766314809722
9929.766314809722,9929.766314809722,0.7856870723323195,9929.766314809722,0.0,0.0,0,0.0,0,-70.23368519027812,0.0,0.0,1771113600,0.0,2026-02-15T00:00:00+00:00,9929.766314809722
9929.766314809722,9929.766314809722,0.7856870723323195,9929.766314809722,0.0,0.0,0,0.0,0,-70.23368519027812,0.0,0.0,1771200000,0.0,2026-02-16T00:00:00+00:00,9929.766314809722
9929.766314809722,9929.766314809722,0.7856870723323195,9929.766314809722,0.0,0.0,0,0.0,0,-70.23368519027812,0.0,0.0,1771286400,0.0,2026-02-17T00:00:00+00:00,9929.766314809722
9929.766314809722,9929.766314809722,0.7856870723323195,9929.766314809722,0.0,0.0,0,0.0,0,-70.23368519027812,0.0,0.0,1771372800,0.0,2026-02-18T00:00:00+00:00,9929.766314809722
9929.766314809722,9929.766314809722,0.7856870723323195,9929.766314809722,0.0,0.0,0,0.0,0,-70.23368519027812,0.0,0.0,1771459200,0.0,2026-02-19T00:00:00+00:00,9929.766314809722
9929.766314809722,9929.766314809722,0.7856870723323195,9929.766314809722,0.0,0.0,0,0.0,0,-70.23368519027812,0.0,0.0,1771545600,0.0,2026-02-20T00:00:00+00:00,9929.766314809722
9929.766314809722,9929.766314809722,0.7856870723323195,9929.766314809722,0.0,0.0,0,0.0,0,-70.23368519027812,0.0,0.0,1771632000,0.0,2026-02-21T00:00:00+00:00,9929.766314809722
9929.766314809722,9929.766314809722,0.7856870723323195,9929.766314809722,0.0,0.0,0,0.0,0,-70.23368519027812,0.0,0.0,1771718400,0.0,2026-02-22T00:00:00+00:00,9929.766314809722
9929.766314809722,9929.766314809722,0.7856870723323195,9929.766314809722,0.0,0.0,0,0.0,0,-70.23368519027812,0.0,0.0,1771804800,0.0,2026-02-23T00:00:00+00:00,9929.766314809722
9929.766314809722,9929.766314809722,0.7856870723323195,9929.766314809722,0.0,0.0,0,0.0,0,-70.23368519027812,0.0,0.0,1771891200,0.0,2026-02-24T00:00:00+00:00,9929.766314809722
9929.766314809722,9929.766314809722,0.7856870723323195,9929.766314809722,0.0,0.0,0,0.0,0,-70.23368519027812,0.0,0.0,1771977600,0.0,2026-02-25T00:00:00+00:00,9929.766314809722
9929.766314809722,9929.766314809722,0.7856870723323195,9929.766314809722,0.0,0.0,0,0.0,0,-70.23368519027812,0.0,0.0,1772064000,0.0,2026-02-26T00:00:00+00:00,9929.766314809722
9929.766314809722,9929.766314809722,0.7856870723323195,9929.766314809722,0.0,0.0,0,0.0,0,-70.23368519027812,0.0,0.0,1772150400,0.0,2026-02-27T00:00:00+00:00,9929.766314809722
9929.766314809722,9929.766314809722,0.7856870723323195,9929.766314809722,0.0,0.0,0,0.0,0,-70.23368519027812,0.0,0.0,1772236800,0.0,2026-02-28T00:00:00+00:00,9929.766314809722
9929.766314809722,9929.766314809722,0.7856870723323195,9929.766314809722,0.0,0.0,0,0.0,0,-70.23368519027812,0.0,0.0,1772323200,0.0,2026-03-01T00:00:00+00:00,9929.766314809722
9929.766314809722,9929.766314809722,0.7856870723323195,9929.766314809722,0.0,0.0,0,0.0,0,-70.23368519027812,0.0,0.0,1772409600,0.0,2026-03-02T00:00:00+00:00,9929.766314809722
9929.766314809722,9929.766314809722,0.7856870723323195,9929.766314809722,0.0,0.0,0,0.0,0,-70.23368519027812,0.0,0.0,1772496000,0.0,2026-03-03T00:00:00+00:00,9929.766314809722
9929.766314809722,9929.766314809722,0.7856870723323195,9929.766314809722,0.0,0.0,0,0.0,0,-70.23368519027812,0.0,0.0,1772582400,0.0,2026-03-04T00:00:00+00:00,9929.766314809722
9929.766314809722,9929.766314809722,0.7856870723323195,9929.766314809722,0.0,0.0,0,0.0,0,-70.23368519027812,0.0,0.0,1772668800,0.0,2026-03-05T00:00:00+00:00,9929.766314809722
9929.766314809722,9929.766314809722,0.7856870723323195,9929.766314809722,0.0,0.0,0,0.0,0,-70.23368519027812,0.0,0.0,1772755200,0.0,2026-03-06T00:00:00+00:00,9929.766314809722
9929.766314809722,9929.766314809722,0.7856870723323195,9929.766314809722,0.0,0.0,0,0.0,0,-70.23368519027812,0.0,0.0,1772841600,0.0,2026-03-07T00:00:00+00:00,9929.766314809722
9929.766314809722,9929.766314809722,0.7856870723323195,9929.766314809722,0.0,0.0,0,0.0,0,-70.23368519027812,0.0,0.0,1772928000,0.0,2026-03-08T00:00:00+00:00,9929.766314809722
9929.766314809722,9929.766314809722,0.7856870723323195,9929.766314809722,0.0,0.0,0,0.0,0,-70.23368519027812,0.0,0.0,1773014400,0.0,2026-03-09T00:00:00+00:00,9929.766314809722
9929.766314809722,9929.766314809722,0.7856870723323195,9929.766314809722,0.0,0.0,0,0.0,0,-70.23368519027812,0.0,0.0,1773100800,0.0,2026-03-10T00:00:00+00:00,9929.766314809722
9929.766314809722,9929.766314809722,0.7856870723323195,9929.766314809722,0.0,0.0,0,0.0,0,-70.23368519027812,0.0,0.0,1773187200,0.0,2026-03-11T00:00:00+00:00,9929.766314809722
9929.766314809722,9929.766314809722,0.7856870723323195,9929.766314809722,0.0,0.0,0,0.0,0,-70.23368519027812,0.0,0.0,1773273600,0.0,2026-03-12T00:00:00+00:00,9929.766314809722
9929.766314809722,9929.766314809722,0.7856870723323195,9929.766314809722,0.0,0.0,0,0.0,0,-70.23368519027812,0.0,0.0,1773360000,0.0,2026-03-13T00:00:00+00:00,9929.766314809722
9929.766314809722,9929.766314809722,0.7856870723323195,9929.766314809722,0.0,0.0,0,0.0,0,-70.23368519027812,0.0,0.0,1773446400,0.0,2026-03-14T00:00:00+00:00,9929.766314809722
9929.766314809722,9929.766314809722,0.7856870723323195,9929.766314809722,0.0,0.0,0,0.0,0,-70.23368519027812,0.0,0.0,1773532800,0.0,2026-03-15T00:00:00+00:00,9929.766314809722
9929.766314809722,9929.766314809722,0.7856870723323195,9929.766314809722,0.0,0.0,0,0.0,0,-70.23368519027812,0.0,0.0,1773619200,0.0,2026-03-16T00:00:00+00:00,9929.766314809722
9929.766314809722,9929.766314809722,0.7856870723323195,9929.766314809722,0.0,0.0,0,0.0,0,-70.23368519027812,0.0,0.0,1773705600,0.0,2026-03-17T00:00:00+00:00,9929.766314809722
9929.766314809722,9929.766314809722,0.7856870723323195,9929.766314809722,0.0,0.0,0,0.0,0,-70.23368519027812,0.0,0.0,1773792000,0.0,2026-03-18T00:00:00+00:00,9929.766314809722
9929.766314809722,9929.766314809722,0.7856870723323195,9929.766314809722,0.0,0.0,0,0.0,0,-70.23368519027812,0.0,0.0,1773878400,0.0,2026-03-19T00:00:00+00:00,9929.766314809722
9929.766314809722,9929.766314809722,0.7856870723323195,9929.766314809722,0.0,0.0,0,0.0,0,-70.23368519027812,0.0,0.0,1773964800,0.0,2026-03-20T00:00:00+00:00,9929.766314809722
9929.766314809722,9929.766314809722,0.7856870723323195,9929.766314809722,0.0,0.0,0,0.0,0,-70.23368519027812,0.0,0.0,1774051200,0.0,2026-03-21T00:00:00+00:00,9929.766314809722
9929.766314809722,9929.766314809722,0.7856870723323195,9929.766314809722,0.0,0.0,0,0.0,0,-70.23368519027812,0.0,0.0,1774137600,0.0,2026-03-22T00:00:00+00:00,9929.766314809722
9929.766314809722,9929.766314809722,0.7856870723323195,9929.766314809722,0.0,0.0,0,0.0,0,-70.23368519027812,0.0,0.0,1774224000,0.0,2026-03-23T00:00:00+00:00,9929.766314809722
9929.766314809722,9929.766314809722,0.7856870723323195,9929.766314809722,0.0,0.0,0,0.0,0,-70.23368519027812,0.0,0.0,1774310400,0.0,2026-03-24T00:00:00+00:00,9929.766314809722
9929.766314809722,9929.766314809722,0.7856870723323195,9929.766314809722,0.0,0.0,0,0.0,0,-70.23368519027812,0.0,0.0,1774396800,0.0,2026-03-25T00:00:00+00:00,9929.766314809722
9929.766314809722,9929.766314809722,0.7856870723323195,9929.766314809722,0.0,0.0,0,0.0,0,-70.23368519027812,0.0,0.0,1774483200,0.0,2026-03-26T00:00:00+00:00,9929.766314809722
9929.766314809722,9929.766314809722,0.7856870723323195,9929.766314809722,0.0,0.0,0,0.0,0,-70.23368519027812,0.0,0.0,1774569600,0.0,2026-03-27T00:00:00+00:00,9929.766314809722
9929.766314809722,9929.766314809722,0.7856870723323195,9929.766314809722,0.0,0.0,0,0.0,0,-70.23368519027812,0.0,0.0,1774656000,0.0,2026-03-28T00:00:00+00:00,9929.766314809722
9929.766314809722,9929.766314809722,0.7856870723323195,9929.766314809722,0.0,0.0,0,0.0,0,-70.23368519027812,0.0,0.0,1774742400,0.0,2026-03-29T00:00:00+00:00,9929.766314809722
9929.766314809722,9929.766314809722,0.7856870723323195,9929.766314809722,0.0,0.0,0,0.0,0,-70.23368519027812,0.0,0.0,1774828800,0.0,2026-03-30T00:00:00+00:00,9929.766314809722
9929.766314809722,9929.766314809722,0.7856870723323195,9929.766314809722,0.0,0.0,0,0.0,0,-70.23368519027812,0.0,0.0,1774915200,0.0,2026-03-31T00:00:00+00:00,9929.766314809722
9929.766314809722,9929.766314809722,0.7856870723323195,9929.766314809722,0.0,0.0,0,0.0,0,-70.23368519027812,0.0,0.0,1775001600,0.0,2026-04-01T00:00:00+00:00,9929.766314809722
9929.766314809722,9929.766314809722,0.7856870723323195,9929.766314809722,0.0,0.0,0,0.0,0,-70.23368519027812,0.0,0.0,1775088000,0.0,2026-04-02T00:00:00+00:00,9929.766314809722
9929.766314809722,9929.766314809722,0.7856870723323195,9929.766314809722,0.0,0.0,0,0.0,0,-70.23368519027812,0.0,0.0,1775174400,0.0,2026-04-03T00:00:00+00:00,9929.766314809722
9929.766314809722,9929.766314809722,0.7856870723323195,9929.766314809722,0.0,0.0,0,0.0,0,-70.23368519027812,0.0,0.0,1775260800,0.0,2026-04-04T00:00:00+00:00,9929.766314809722
9929.766314809722,9929.766314809722,0.7856870723323195,9929.766314809722,0.0,0.0,0,0.0,0,-70.23368519027812,0.0,0.0,1775347200,0.0,2026-04-05T00:00:00+00:00,9929.766314809722
9929.766314809722,9929.766314809722,0.7856870723323195,9929.766314809722,0.0,0.0,0,0.0,0,-70.23368519027812,0.0,0.0,1775433600,0.0,2026-04-06T00:00:00+00:00,9929.766314809722
9929.766314809722,9929.766314809722,0.7856870723323195,9929.766314809722,0.0,0.0,0,0.0,0,-70.23368519027812,0.0,0.0,1775520000,0.0,2026-04-07T00:00:00+00:00,9929.766314809722
9929.766314809722,9929.766314809722,0.7856870723323195,9929.766314809722,0.0,0.0,0,0.0,0,-70.23368519027812,0.0,0.0,1775606400,0.0,2026-04-08T00:00:00+00:00,9929.766314809722
9929.766314809722,9929.766314809722,0.7856870723323195,9929.766314809722,0.0,0.0,0,0.0,0,-70.23368519027812,0.0,0.0,1775692800,0.0,2026-04-09T00:00:00+00:00,9929.766314809722
9929.766314809722,9929.766314809722,0.7856870723323195,9929.766314809722,0.0,0.0,0,0.0,0,-70.23368519027812,0.0,0.0,1775779200,0.0,2026-04-10T00:00:00+00:00,9929.766314809722
9929.766314809722,9929.766314809722,0.7856870723323195,9929.766314809722,0.0,0.0,0,0.0,0,-70.23368519027812,0.0,0.0,1775865600,0.0,2026-04-11T00:00:00+00:00,9929.766314809722
9929.766314809722,9929.766314809722,0.7856870723323195,9929.766314809722,0.0,0.0,0,0.0,0,-70.23368519027812,0.0,0.0,1775952000,0.0,2026-04-12T00:00:00+00:00,9929.766314809722
9929.766314809722,9929.766314809722,0.7856870723323195,9929.766314809722,0.0,0.0,0,0.0,0,-70.23368519027812,0.0,0.0,1776038400,0.0,2026-04-13T00:00:00+00:00,9929.766314809722
9929.766314809722,9929.766314809722,0.7856870723323195,9929.766314809722,0.0,0.0,0,0.0,0,-70.23368519027812,0.0,0.0,1776124800,0.0,2026-04-14T00:00:00+00:00,9929.766314809722
9929.766314809722,9929.766314809722,0.7856870723323195,9929.766314809722,0.0,0.0,0,0.0,0,-70.23368519027812,0.0,0.0,1776211200,0.0,2026-04-15T00:00:00+00:00,9929.766314809722
9929.766314809722,9929.766314809722,0.7856870723323195,9929.766314809722,0.0,0.0,0,0.0,0,-70.23368519027812,0.0,0.0,1776297600,0.0,2026-04-16T00:00:00+00:00,9929.766314809722
9929.766314809722,9929.766314809722,0.7856870723323195,9929.766314809722,0.0,0.0,0,0.0,0,-70.23368519027812,0.0,0.0,1776384000,0.0,2026-04-17T00:00:00+00:00,9929.766314809722
9929.766314809722,9929.766314809722,0.7856870723323195,9929.766314809722,0.0,0.0,0,0.0,0,-70.23368519027812,0.0,0.0,1776470400,0.0,2026-04-18T00:00:00+00:00,9929.766314809722
9929.766314809722,9929.766314809722,0.7856870723323195,9929.766314809722,0.0,0.0,0,0.0,0,-70.23368519027812,0.0,0.0,1776556800,0.0,2026-04-19T00:00:00+00:00,9929.766314809722
9929.766314809722,9929.766314809722,0.7856870723323195,9929.766314809722,0.0,0.0,0,0.0,0,-70.23368519027812,0.0,0.0,1776643200,0.0,2026-04-20T00:00:00+00:00,9929.766314809722
9929.766314809722,9929.766314809722,0.7856870723323195,9929.766314809722,0.0,0.0,0,0.0,0,-70.23368519027812,0.0,0.0,1776729600,0.0,2026-04-21T00:00:00+00:00,9929.766314809722
9929.766314809722,9929.766314809722,0.7856870723323195,9929.766314809722,0.0,0.0,0,0.0,0,-70.23368519027812,0.0,0.0,1776816000,0.0,2026-04-22T00:00:00+00:00,9929.766314809722
9929.766314809722,9929.766314809722,0.7856870723323195,9929.766314809722,0.0,0.0,0,0.0,0,-70.23368519027812,0.0,0.0,1776902400,0.0,2026-04-23T00:00:00+00:00,9929.766314809722
9929.766314809722,9929.766314809722,0.7856870723323195,9929.766314809722,0.0,0.0,0,0.0,0,-70.23368519027812,0.0,0.0,1776988800,0.0,2026-04-24T00:00:00+00:00,9929.766314809722
9929.766314809722,9929.766314809722,0.7856870723323195,9929.766314809722,0.0,0.0,0,0.0,0,-70.23368519027812,0.0,0.0,1777075200,0.0,2026-04-25T00:00:00+00:00,9929.766314809722
9929.766314809722,9929.766314809722,0.7856870723323195,9929.766314809722,0.0,0.0,0,0.0,0,-70.23368519027812,0.0,0.0,1777161600,0.0,2026-04-26T00:00:00+00:00,9929.766314809722
9929.766314809722,9929.766314809722,0.7856870723323195,9929.766314809722,0.0,0.0,0,0.0,0,-70.23368519027812,0.0,0.0,1777248000,0.0,2026-04-27T00:00:00+00:00,9929.766314809722
9929.766314809722,9929.766314809722,0.7856870723323195,9929.766314809722,0.0,0.0,0,0.0,0,-70.23368519027812,0.0,0.0,1777334400,0.0,2026-04-28T00:00:00+00:00,9929.766314809722
9929.766314809722,9929.766314809722,0.7856870723323195,9929.766314809722,0.0,0.0,0,0.0,0,-70.23368519027812,0.0,0.0,1777420800,0.0,2026-04-29T00:00:00+00:00,9929.766314809722
9929.766314809722,9929.766314809722,0.7856870723323195,9929.766314809722,0.0,0.0,0,0.0,0,-70.23368519027812,0.0,0.0,1777507200,0.0,2026-04-30T00:00:00+00:00,9929.766314809722
9929.766314809722,9929.766314809722,0.7856870723323195,9929.766314809722,0.0,0.0,0,0.0,0,-70.23368519027812,0.0,0.0,1777593600,0.0,2026-05-01T00:00:00+00:00,9929.766314809722
9929.766314809722,9929.766314809722,0.7856870723323195,9929.766314809722,0.0,0.0,0,0.0,0,-70.23368519027812,0.0,0.0,1777680000,0.0,2026-05-02T00:00:00+00:00,9929.766314809722
9929.766314809722,9929.766314809722,0.7856870723323195,9929.766314809722,0.0,0.0,0,0.0,0,-70.23368519027812,0.0,0.0,1777766400,0.0,2026-05-03T00:00:00+00:00,9929.766314809722
9929.766314809722,9929.766314809722,0.7856870723323195,9929.766314809722,0.0,0.0,0,0.0,0,-70.23368519027812,0.0,0.0,1777852800,0.0,2026-05-04T00:00:00+00:00,9929.766314809722
9929.766314809722,9929.766314809722,0.7856870723323195,9929.766314809722,0.0,0.0,0,0.0,0,-70.23368519027812,0.0,0.0,1777939200,0.0,2026-05-05T00:00:00+00:00,9929.766314809722
9929.766314809722,9929.766314809722,0.7856870723323195,9929.766314809722,0.0,0.0,0,0.0,0,-70.23368519027812,0.0,0.0,1778025600,0.0,2026-05-06T00:00:00+00:00,9929.766314809722
9929.766314809722,9929.766314809722,0.7856870723323195,9929.766314809722,0.0,0.0,0,0.0,0,-70.23368519027812,0.0,0.0,1778112000,0.0,2026-05-07T00:00:00+00:00,9929.766314809722
9929.766314809722,9929.766314809722,0.7856870723323195,9929.766314809722,0.0,0.0,0,0.0,0,-70.23368519027812,0.0,0.0,1778198400,0.0,2026-05-08T00:00:00+00:00,9929.766314809722
9929.766314809722,9929.766314809722,0.7856870723323195,9929.766314809722,0.0,0.0,0,0.0,0,-70.23368519027812,0.0,0.0,1778284800,0.0,2026-05-09T00:00:00+00:00,9929.766314809722
9929.766314809722,9929.766314809722,0.7856870723323195,9929.766314809722,0.0,0.0,0,0.0,0,-70.23368519027812,0.0,0.0,1778371200,0.0,2026-05-10T00:00:00+00:00,9929.766314809722
9929.766314809722,9929.766314809722,0.7856870723323195,9929.766314809722,0.0,0.0,0,0.0,0,-70.23368519027812,0.0,0.0,1778457600,0.0,2026-05-11T00:00:00+00:00,9929.766314809722
9929.766314809722,9929.766314809722,0.7856870723323195,9929.766314809722,0.0,0.0,0,0.0,0,-70.23368519027812,0.0,0.0,1778544000,0.0,2026-05-12T00:00:00+00:00,9929.766314809722
9929.766314809722,9929.766314809722,0.7856870723323195,9929.766314809722,0.0,0.0,0,0.0,0,-70.23368519027812,0.0,0.0,1778630400,0.0,2026-05-13T00:00:00+00:00,9929.766314809722
9929.766314809722,9929.766314809722,0.7856870723323195,9929.766314809722,0.0,0.0,0,0.0,0,-70.23368519027812,0.0,0.0,1778716800,0.0,2026-05-14T00:00:00+00:00,9929.766314809722
9929.766314809722,9929.766314809722,0.7856870723323195,9929.766314809722,0.0,0.0,0,0.0,0,-70.23368519027812,0.0,0.0,1778803200,0.0,2026-05-15T00:00:00+00:00,9929.766314809722
9929.766314809722,9929.766314809722,0.7856870723323195,9929.766314809722,0.0,0.0,0,0.0,0,-70.23368519027812,0.0,0.0,1778889600,0.0,2026-05-16T00:00:00+00:00,9929.766314809722
9929.766314809722,9929.766314809722,0.7856870723323195,9929.766314809722,0.0,0.0,0,0.0,0,-70.23368519027812,0.0,0.0,1778976000,0.0,2026-05-17T00:00:00+00:00,9929.766314809722
9929.766314809722,9929.766314809722,0.7856870723323195,9929.766314809722,0.0,0.0,0,0.0,0,-70.23368519027812,0.0,0.0,1779062400,0.0,2026-05-18T00:00:00+00:00,9929.766314809722
9929.766314809722,9929.766314809722,0.7856870723323195,9929.766314809722,0.0,0.0,0,0.0,0,-70.23368519027812,0.0,0.0,1779148800,0.0,2026-05-19T00:00:00+00:00,9929.766314809722
9929.766314809722,9929.766314809722,0.7856870723323195,9929.766314809722,0.0,0.0,0,0.0,0,-70.23368519027812,0.0,0.0,1779235200,0.0,2026-05-20T00:00:00+00:00,9929.766314809722
9929.766314809722,9929.766314809722,0.7856870723323195,9929.766314809722,0.0,0.0,0,0.0,0,-70.23368519027812,0.0,0.0,1779321600,0.0,2026-05-21T00:00:00+00:00,9929.766314809722
9929.766314809722,9929.766314809722,0.7856870723323195,9929.766314809722,0.0,0.0,0,0.0,0,-70.23368519027812,0.0,0.0,1779408000,0.0,2026-05-22T00:00:00+00:00,9929.766314809722
9929.766314809722,9929.766314809722,0.7856870723323195,9929.766314809722,0.0,0.0,0,0.0,0,-70.23368519027812,0.0,0.0,1779494400,0.0,2026-05-23T00:00:00+00:00,9929.766314809722
9929.766314809722,9929.766314809722,0.7856870723323195,9929.766314809722,0.0,0.0,0,0.0,0,-70.23368519027812,0.0,0.0,1779580800,0.0,2026-05-24T00:00:00+00:00,9929.766314809722
9929.766314809722,9929.766314809722,0.7856870723323195,9929.766314809722,0.0,0.0,0,0.0,0,-70.23368519027812,0.0,0.0,1779667200,0.0,2026-05-25T00:00:00+00:00,9929.766314809722
