available_cash,cash,drawdown_pct,equity,gross_notional,initial_margin,open_count,open_margin,pending_count,realized_net,reserved_close_fees,reserved_pending,time,unrealized,utc,wallet_balance
10000.0,10000.0,0,10000.0,0.0,0.0,0,0.0,0,0.0,0.0,0.0,1701043200,0.0,2023-11-27T00:00:00+00:00,10000.0
10000.0,10000.0,0,10000.0,0.0,0.0,0,0.0,0,0.0,0.0,0.0,1701129600,0.0,2023-11-28T00:00:00+00:00,10000.0
10000.0,10000.0,0,10000.0,0.0,0.0,0,0.0,0,0.0,0.0,0.0,1701216000,0.0,2023-11-29T00:00:00+00:00,10000.0
10000.0,10000.0,0,10000.0,0.0,0.0,0,0.0,0,0.0,0.0,0.0,1701302400,0.0,2023-11-30T00:00:00+00:00,10000.0
10000.0,10000.0,0,10000.0,0.0,0.0,0,0.0,0,0.0,0.0,0.0,1701388800,0.0,2023-12-01T00:00:00+00:00,10000.0
10000.0,10000.0,0,10000.0,0.0,0.0,0,0.0,0,0.0,0.0,0.0,1701475200,0.0,2023-12-02T00:00:00+00:00,10000.0
10000.0,10000.0,0,10000.0,0.0,0.0,0,0.0,0,0.0,0.0,0.0,1701561600,0.0,2023-12-03T00:00:00+00:00,10000.0
10000.0,10000.0,0,10000.0,0.0,0.0,0,0.0,0,0.0,0.0,0.0,1701648000,0.0,2023-12-04T00:00:00+00:00,10000.0
10000.0,10000.0,0,10000.0,0.0,0.0,0,0.0,0,0.0,0.0,0.0,1701734400,0.0,2023-12-05T00:00:00+00:00,10000.0
10000.0,10000.0,0,10000.0,0.0,0.0,0,0.0,0,0.0,0.0,0.0,1701820800,0.0,2023-12-06T00:00:00+00:00,10000.0
10000.0,10000.0,0,10000.0,0.0,0.0,0,0.0,0,0.0,0.0,0.0,1701907200,0.0,2023-12-07T00:00:00+00:00,10000.0
10000.0,10000.0,0,10000.0,0.0,0.0,0,0.0,0,0.0,0.0,0.0,1701993600,0.0,2023-12-08T00:00:00+00:00,10000.0
10000.0,10000.0,0,10000.0,0.0,0.0,0,0.0,0,0.0,0.0,0.0,1702080000,0.0,2023-12-09T00:00:00+00:00,10000.0
10000.0,10000.0,0,10000.0,0.0,0.0,0,0.0,0,0.0,0.0,0.0,1702166400,0.0,2023-12-10T00:00:00+00:00,10000.0
10000.0,10000.0,0,10000.0,0.0,0.0,0,0.0,0,0.0,0.0,0.0,1702252800,0.0,2023-12-11T00:00:00+00:00,10000.0
10000.0,10000.0,0,10000.0,0.0,0.0,0,0.0,0,0.0,0.0,0.0,1702339200,0.0,2023-12-12T00:00:00+00:00,10000.0
10000.0,10000.0,0,10000.0,0.0,0.0,0,0.0,0,0.0,0.0,0.0,1702425600,0.0,2023-12-13T00:00:00+00:00,10000.0
10000.0,10000.0,0,10000.0,0.0,0.0,0,0.0,0,0.0,0.0,0.0,1702512000,0.0,2023-12-14T00:00:00+00:00,10000.0
10000.0,10000.0,0,10000.0,0.0,0.0,0,0.0,0,0.0,0.0,0.0,1702598400,0.0,2023-12-15T00:00:00+00:00,10000.0
10000.0,10000.0,0,10000.0,0.0,0.0,0,0.0,0,0.0,0.0,0.0,1702684800,0.0,2023-12-16T00:00:00+00:00,10000.0
10000.0,10000.0,0,10000.0,0.0,0.0,0,0.0,0,0.0,0.0,0.0,1702771200,0.0,2023-12-17T00:00:00+00:00,10000.0
10000.0,10000.0,0,10000.0,0.0,0.0,0,0.0,0,0.0,0.0,0.0,1702857600,0.0,2023-12-18T00:00:00+00:00,10000.0
10000.0,10000.0,0,10000.0,0.0,0.0,0,0.0,0,0.0,0.0,0.0,1702944000,0.0,2023-12-19T00:00:00+00:00,10000.0
10000.0,10000.0,0,10000.0,0.0,0.0,0,0.0,0,0.0,0.0,0.0,1703030400,0.0,2023-12-20T00:00:00+00:00,10000.0
10000.0,10000.0,0,10000.0,0.0,0.0,0,0.0,0,0.0,0.0,0.0,1703116800,0.0,2023-12-21T00:00:00+00:00,10000.0
10000.0,10000.0,0,10000.0,0.0,0.0,0,0.0,0,0.0,0.0,0.0,1703203200,0.0,2023-12-22T00:00:00+00:00,10000.0
10000.0,10000.0,0,10000.0,0.0,0.0,0,0.0,0,0.0,0.0,0.0,1703289600,0.0,2023-12-23T00:00:00+00:00,10000.0
10000.0,10000.0,0,10000.0,0.0,0.0,0,0.0,0,0.0,0.0,0.0,1703376000,0.0,2023-12-24T00:00:00+00:00,10000.0
10000.0,10000.0,0,10000.0,0.0,0.0,0,0.0,0,0.0,0.0,0.0,1703462400,0.0,2023-12-25T00:00:00+00:00,10000.0
10000.0,10000.0,0,10000.0,0.0,0.0,0,0.0,0,0.0,0.0,0.0,1703548800,0.0,2023-12-26T00:00:00+00:00,10000.0
10000.0,10000.0,0,10000.0,0.0,0.0,0,0.0,0,0.0,0.0,0.0,1703635200,0.0,2023-12-27T00:00:00+00:00,10000.0
10000.0,10000.0,0,10000.0,0.0,0.0,0,0.0,0,0.0,0.0,0.0,1703721600,0.0,2023-12-28T00:00:00+00:00,10000.0
10000.0,10000.0,0,10000.0,0.0,0.0,0,0.0,0,0.0,0.0,0.0,1703808000,0.0,2023-12-29T00:00:00+00:00,10000.0
10000.0,10000.0,0,10000.0,0.0,0.0,0,0.0,0,0.0,0.0,0.0,1703894400,0.0,2023-12-30T00:00:00+00:00,10000.0
10000.0,10000.0,0,10000.0,0.0,0.0,0,0.0,0,0.0,0.0,0.0,1703980800,0.0,2023-12-31T00:00:00+00:00,10000.0
10000.0,10000.0,0,10000.0,0.0,0.0,0,0.0,0,0.0,0.0,0.0,1704067200,0.0,2024-01-01T00:00:00+00:00,10000.0
10000.0,10000.0,0,10000.0,0.0,0.0,0,0.0,0,0.0,0.0,0.0,1704153600,0.0,2024-01-02T00:00:00+00:00,10000.0
10000.0,10000.0,0,10000.0,0.0,0.0,0,0.0,0,0.0,0.0,0.0,1704240000,0.0,2024-01-03T00:00:00+00:00,10000.0
10000.0,10000.0,0,10000.0,0.0,0.0,0,0.0,0,0.0,0.0,0.0,1704326400,0.0,2024-01-04T00:00:00+00:00,10000.0
10000.0,10000.0,0,10000.0,0.0,0.0,0,0.0,0,0.0,0.0,0.0,1704412800,0.0,2024-01-05T00:00:00+00:00,10000.0
10000.0,10000.0,0,10000.0,0.0,0.0,0,0.0,0,0.0,0.0,0.0,1704499200,0.0,2024-01-06T00:00:00+00:00,10000.0
10000.0,10000.0,0,10000.0,0.0,0.0,0,0.0,0,0.0,0.0,0.0,1704585600,0.0,2024-01-07T00:00:00+00:00,10000.0
10000.0,10000.0,0,10000.0,0.0,0.0,0,0.0,0,0.0,0.0,0.0,1704672000,0.0,2024-01-08T00:00:00+00:00,10000.0
10000.0,10000.0,0,10000.0,0.0,0.0,0,0.0,0,0.0,0.0,0.0,1704758400,0.0,2024-01-09T00:00:00+00:00,10000.0
10000.0,10000.0,0,10000.0,0.0,0.0,0,0.0,0,0.0,0.0,0.0,1704844800,0.0,2024-01-10T00:00:00+00:00,10000.0
10000.0,10000.0,0,10000.0,0.0,0.0,0,0.0,0,0.0,0.0,0.0,1704931200,0.0,2024-01-11T00:00:00+00:00,10000.0
10000.0,10000.0,0,10000.0,0.0,0.0,0,0.0,0,0.0,0.0,0.0,1705017600,0.0,2024-01-12T00:00:00+00:00,10000.0
10000.0,10000.0,0,10000.0,0.0,0.0,0,0.0,0,0.0,0.0,0.0,1705104000,0.0,2024-01-13T00:00:00+00:00,10000.0
10000.0,10000.0,0,10000.0,0.0,0.0,0,0.0,0,0.0,0.0,0.0,1705190400,0.0,2024-01-14T00:00:00+00:00,10000.0
10000.0,10000.0,0,10000.0,0.0,0.0,0,0.0,0,0.0,0.0,0.0,1705276800,0.0,2024-01-15T00:00:00+00:00,10000.0
10000.0,10000.0,0,10000.0,0.0,0.0,0,0.0,0,0.0,0.0,0.0,1705363200,0.0,2024-01-16T00:00:00+00:00,10000.0
10000.0,10000.0,0,10000.0,0.0,0.0,0,0.0,0,0.0,0.0,0.0,1705449600,0.0,2024-01-17T00:00:00+00:00,10000.0
10000.0,10000.0,0,10000.0,0.0,0.0,0,0.0,0,0.0,0.0,0.0,1705536000,0.0,2024-01-18T00:00:00+00:00,10000.0
9964.393526776588,9964.606275937618,0.0581065731467989,9994.18934268532,346.069422,35.165150583588705,1,35.165150583588705,0,-0.2285734787933266,0.2127491610307117,0.0,1705622400,-5.582083835887056,2024-01-19T00:00:00+00:00,9999.771426521207
9987.720176827092,9987.720176827092,0.12279823172908211,9987.720176827092,0.0,0.0,0,0.0,0,-12.279823172907886,0.0,0.0,1705708800,0.0,2024-01-20T00:00:00+00:00,9987.720176827092
9987.720176827092,9987.720176827092,0.12279823172908211,9987.720176827092,0.0,0.0,0,0.0,0,-12.279823172907886,0.0,0.0,1705795200,0.0,2024-01-21T00:00:00+00:00,9987.720176827092
9987.720176827092,9987.720176827092,0.12279823172908211,9987.720176827092,0.0,0.0,0,0.0,0,-12.279823172907886,0.0,0.0,1705881600,0.0,2024-01-22T00:00:00+00:00,9987.720176827092
9987.720176827092,9987.720176827092,0.12279823172908211,9987.720176827092,0.0,0.0,0,0.0,0,-12.279823172907886,0.0,0.0,1705968000,0.0,2024-01-23T00:00:00+00:00,9987.720176827092
9987.720176827092,9987.720176827092,0.12279823172908211,9987.720176827092,0.0,0.0,0,0.0,0,-12.279823172907886,0.0,0.0,1706054400,0.0,2024-01-24T00:00:00+00:00,9987.720176827092
9987.720176827092,9987.720176827092,0.12279823172908211,9987.720176827092,0.0,0.0,0,0.0,0,-12.279823172907886,0.0,0.0,1706140800,0.0,2024-01-25T00:00:00+00:00,9987.720176827092
9987.720176827092,9987.720176827092,0.12279823172908211,9987.720176827092,0.0,0.0,0,0.0,0,-12.279823172907886,0.0,0.0,1706227200,0.0,2024-01-26T00:00:00+00:00,9987.720176827092
9987.720176827092,9987.720176827092,0.12279823172908211,9987.720176827092,0.0,0.0,0,0.0,0,-12.279823172907886,0.0,0.0,1706313600,0.0,2024-01-27T00:00:00+00:00,9987.720176827092
9987.720176827092,9987.720176827092,0.12279823172908211,9987.720176827092,0.0,0.0,0,0.0,0,-12.279823172907886,0.0,0.0,1706400000,0.0,2024-01-28T00:00:00+00:00,9987.720176827092
9987.720176827092,9987.720176827092,0.12279823172908211,9987.720176827092,0.0,0.0,0,0.0,0,-12.279823172907886,0.0,0.0,1706486400,0.0,2024-01-29T00:00:00+00:00,9987.720176827092
9987.720176827092,9987.720176827092,0.12279823172908211,9987.720176827092,0.0,0.0,0,0.0,0,-12.279823172907886,0.0,0.0,1706572800,0.0,2024-01-30T00:00:00+00:00,9987.720176827092
9987.720176827092,9987.720176827092,0.12279823172908211,9987.720176827092,0.0,0.0,0,0.0,0,-12.279823172907886,0.0,0.0,1706659200,0.0,2024-01-31T00:00:00+00:00,9987.720176827092
9987.720176827092,9987.720176827092,0.12279823172908211,9987.720176827092,0.0,0.0,0,0.0,0,-12.279823172907886,0.0,0.0,1706745600,0.0,2024-02-01T00:00:00+00:00,9987.720176827092
9987.720176827092,9987.720176827092,0.12279823172908211,9987.720176827092,0.0,0.0,0,0.0,0,-12.279823172907886,0.0,0.0,1706832000,0.0,2024-02-02T00:00:00+00:00,9987.720176827092
9987.720176827092,9987.720176827092,0.12279823172908211,9987.720176827092,0.0,0.0,0,0.0,0,-12.279823172907886,0.0,0.0,1706918400,0.0,2024-02-03T00:00:00+00:00,9987.720176827092
9987.720176827092,9987.720176827092,0.12279823172908211,9987.720176827092,0.0,0.0,0,0.0,0,-12.279823172907886,0.0,0.0,1707004800,0.0,2024-02-04T00:00:00+00:00,9987.720176827092
9987.720176827092,9987.720176827092,0.12279823172908211,9987.720176827092,0.0,0.0,0,0.0,0,-12.279823172907886,0.0,0.0,1707091200,0.0,2024-02-05T00:00:00+00:00,9987.720176827092
9987.720176827092,9987.720176827092,0.12279823172908211,9987.720176827092,0.0,0.0,0,0.0,0,-12.279823172907886,0.0,0.0,1707177600,0.0,2024-02-06T00:00:00+00:00,9987.720176827092
9987.720176827092,9987.720176827092,0.12279823172908211,9987.720176827092,0.0,0.0,0,0.0,0,-12.279823172907886,0.0,0.0,1707264000,0.0,2024-02-07T00:00:00+00:00,9987.720176827092
9987.720176827092,9987.720176827092,0.12279823172908211,9987.720176827092,0.0,0.0,0,0.0,0,-12.279823172907886,0.0,0.0,1707350400,0.0,2024-02-08T00:00:00+00:00,9987.720176827092
9987.720176827092,9987.720176827092,0.12279823172908211,9987.720176827092,0.0,0.0,0,0.0,0,-12.279823172907886,0.0,0.0,1707436800,0.0,2024-02-09T00:00:00+00:00,9987.720176827092
9987.720176827092,9987.720176827092,0.12279823172908211,9987.720176827092,0.0,0.0,0,0.0,0,-12.279823172907886,0.0,0.0,1707523200,0.0,2024-02-10T00:00:00+00:00,9987.720176827092
9987.720176827092,9987.720176827092,0.12279823172908211,9987.720176827092,0.0,0.0,0,0.0,0,-12.279823172907886,0.0,0.0,1707609600,0.0,2024-02-11T00:00:00+00:00,9987.720176827092
9987.720176827092,9987.720176827092,0.12279823172908211,9987.720176827092,0.0,0.0,0,0.0,0,-12.279823172907886,0.0,0.0,1707696000,0.0,2024-02-12T00:00:00+00:00,9987.720176827092
9987.720176827092,9987.720176827092,0.12279823172908211,9987.720176827092,0.0,0.0,0,0.0,0,-12.279823172907886,0.0,0.0,1707782400,0.0,2024-02-13T00:00:00+00:00,9987.720176827092
9987.720176827092,9987.720176827092,0.12279823172908211,9987.720176827092,0.0,0.0,0,0.0,0,-12.279823172907886,0.0,0.0,1707868800,0.0,2024-02-14T00:00:00+00:00,9987.720176827092
9987.720176827092,9987.720176827092,0.12279823172908211,9987.720176827092,0.0,0.0,0,0.0,0,-12.279823172907886,0.0,0.0,1707955200,0.0,2024-02-15T00:00:00+00:00,9987.720176827092
9987.720176827092,9987.720176827092,0.12279823172908211,9987.720176827092,0.0,0.0,0,0.0,0,-12.279823172907886,0.0,0.0,1708041600,0.0,2024-02-16T00:00:00+00:00,9987.720176827092
9987.720176827092,9987.720176827092,0.12279823172908211,9987.720176827092,0.0,0.0,0,0.0,0,-12.279823172907886,0.0,0.0,1708128000,0.0,2024-02-17T00:00:00+00:00,9987.720176827092
9987.720176827092,9987.720176827092,0.12279823172908211,9987.720176827092,0.0,0.0,0,0.0,0,-12.279823172907886,0.0,0.0,1708214400,0.0,2024-02-18T00:00:00+00:00,9987.720176827092
9987.720176827092,9987.720176827092,0.12279823172908211,9987.720176827092,0.0,0.0,0,0.0,0,-12.279823172907886,0.0,0.0,1708300800,0.0,2024-02-19T00:00:00+00:00,9987.720176827092
9987.720176827092,9987.720176827092,0.12279823172908211,9987.720176827092,0.0,0.0,0,0.0,0,-12.279823172907886,0.0,0.0,1708387200,0.0,2024-02-20T00:00:00+00:00,9987.720176827092
9987.720176827092,9987.720176827092,0.12279823172908211,9987.720176827092,0.0,0.0,0,0.0,0,-12.279823172907886,0.0,0.0,1708473600,0.0,2024-02-21T00:00:00+00:00,9987.720176827092
9987.720176827092,9987.720176827092,0.12279823172908211,9987.720176827092,0.0,0.0,0,0.0,0,-12.279823172907886,0.0,0.0,1708560000,0.0,2024-02-22T00:00:00+00:00,9987.720176827092
9987.720176827092,9987.720176827092,0.12279823172908211,9987.720176827092,0.0,0.0,0,0.0,0,-12.279823172907886,0.0,0.0,1708646400,0.0,2024-02-23T00:00:00+00:00,9987.720176827092
9987.720176827092,9987.720176827092,0.12279823172908211,9987.720176827092,0.0,0.0,0,0.0,0,-12.279823172907886,0.0,0.0,1708732800,0.0,2024-02-24T00:00:00+00:00,9987.720176827092
9987.720176827092,9987.720176827092,0.12279823172908211,9987.720176827092,0.0,0.0,0,0.0,0,-12.279823172907886,0.0,0.0,1708819200,0.0,2024-02-25T00:00:00+00:00,9987.720176827092
9987.720176827092,9987.720176827092,0.12279823172908211,9987.720176827092,0.0,0.0,0,0.0,0,-12.279823172907886,0.0,0.0,1708905600,0.0,2024-02-26T00:00:00+00:00,9987.720176827092
9987.720176827092,9987.720176827092,0.12279823172908211,9987.720176827092,0.0,0.0,0,0.0,0,-12.279823172907886,0.0,0.0,1708992000,0.0,2024-02-27T00:00:00+00:00,9987.720176827092
9987.720176827092,9987.720176827092,0.12279823172908211,9987.720176827092,0.0,0.0,0,0.0,0,-12.279823172907886,0.0,0.0,1709078400,0.0,2024-02-28T00:00:00+00:00,9987.720176827092
9987.720176827092,9987.720176827092,0.12279823172908211,9987.720176827092,0.0,0.0,0,0.0,0,-12.279823172907886,0.0,0.0,1709164800,0.0,2024-02-29T00:00:00+00:00,9987.720176827092
9987.720176827092,9987.720176827092,0.12279823172908211,9987.720176827092,0.0,0.0,0,0.0,0,-12.279823172907886,0.0,0.0,1709251200,0.0,2024-03-01T00:00:00+00:00,9987.720176827092
9987.720176827092,9987.720176827092,0.12279823172908211,9987.720176827092,0.0,0.0,0,0.0,0,-12.279823172907886,0.0,0.0,1709337600,0.0,2024-03-02T00:00:00+00:00,9987.720176827092
9987.720176827092,9987.720176827092,0.12279823172908211,9987.720176827092,0.0,0.0,0,0.0,0,-12.279823172907886,0.0,0.0,1709424000,0.0,2024-03-03T00:00:00+00:00,9987.720176827092
9987.720176827092,9987.720176827092,0.12279823172908211,9987.720176827092,0.0,0.0,0,0.0,0,-12.279823172907886,0.0,0.0,1709510400,0.0,2024-03-04T00:00:00+00:00,9987.720176827092
9987.720176827092,9987.720176827092,0.12279823172908211,9987.720176827092,0.0,0.0,0,0.0,0,-12.279823172907886,0.0,0.0,1709596800,0.0,2024-03-05T00:00:00+00:00,9987.720176827092
9987.720176827092,9987.720176827092,0.12279823172908211,9987.720176827092,0.0,0.0,0,0.0,0,-12.279823172907886,0.0,0.0,1709683200,0.0,2024-03-06T00:00:00+00:00,9987.720176827092
9987.720176827092,9987.720176827092,0.12279823172908211,9987.720176827092,0.0,0.0,0,0.0,0,-12.279823172907886,0.0,0.0,1709769600,0.0,2024-03-07T00:00:00+00:00,9987.720176827092
9987.720176827092,9987.720176827092,0.12279823172908211,9987.720176827092,0.0,0.0,0,0.0,0,-12.279823172907886,0.0,0.0,1709856000,0.0,2024-03-08T00:00:00+00:00,9987.720176827092
9987.720176827092,9987.720176827092,0.12279823172908211,9987.720176827092,0.0,0.0,0,0.0,0,-12.279823172907886,0.0,0.0,1709942400,0.0,2024-03-09T00:00:00+00:00,9987.720176827092
9987.720176827092,9987.720176827092,0.12279823172908211,9987.720176827092,0.0,0.0,0,0.0,0,-12.279823172907886,0.0,0.0,1710028800,0.0,2024-03-10T00:00:00+00:00,9987.720176827092
9987.720176827092,9987.720176827092,0.12279823172908211,9987.720176827092,0.0,0.0,0,0.0,0,-12.279823172907886,0.0,0.0,1710115200,0.0,2024-03-11T00:00:00+00:00,9987.720176827092
9987.720176827092,9987.720176827092,0.12279823172908211,9987.720176827092,0.0,0.0,0,0.0,0,-12.279823172907886,0.0,0.0,1710201600,0.0,2024-03-12T00:00:00+00:00,9987.720176827092
9987.720176827092,9987.720176827092,0.12279823172908211,9987.720176827092,0.0,0.0,0,0.0,0,-12.279823172907886,0.0,0.0,1710288000,0.0,2024-03-13T00:00:00+00:00,9987.720176827092
9987.720176827092,9987.720176827092,0.12279823172908211,9987.720176827092,0.0,0.0,0,0.0,0,-12.279823172907886,0.0,0.0,1710374400,0.0,2024-03-14T00:00:00+00:00,9987.720176827092
9987.720176827092,9987.720176827092,0.12279823172908211,9987.720176827092,0.0,0.0,0,0.0,0,-12.279823172907886,0.0,0.0,1710460800,0.0,2024-03-15T00:00:00+00:00,9987.720176827092
9987.720176827092,9987.720176827092,0.12279823172908211,9987.720176827092,0.0,0.0,0,0.0,0,-12.279823172907886,0.0,0.0,1710547200,0.0,2024-03-16T00:00:00+00:00,9987.720176827092
9987.720176827092,9987.720176827092,0.12279823172908211,9987.720176827092,0.0,0.0,0,0.0,0,-12.279823172907886,0.0,0.0,1710633600,0.0,2024-03-17T00:00:00+00:00,9987.720176827092
9987.720176827092,9987.720176827092,0.12279823172908211,9987.720176827092,0.0,0.0,0,0.0,0,-12.279823172907886,0.0,0.0,1710720000,0.0,2024-03-18T00:00:00+00:00,9987.720176827092
9987.720176827092,9987.720176827092,0.12279823172908211,9987.720176827092,0.0,0.0,0,0.0,0,-12.279823172907886,0.0,0.0,1710806400,0.0,2024-03-19T00:00:00+00:00,9987.720176827092
9987.720176827092,9987.720176827092,0.12279823172908211,9987.720176827092,0.0,0.0,0,0.0,0,-12.279823172907886,0.0,0.0,1710892800,0.0,2024-03-20T00:00:00+00:00,9987.720176827092
9987.720176827092,9987.720176827092,0.12279823172908211,9987.720176827092,0.0,0.0,0,0.0,0,-12.279823172907886,0.0,0.0,1710979200,0.0,2024-03-21T00:00:00+00:00,9987.720176827092
9987.720176827092,9987.720176827092,0.12279823172908211,9987.720176827092,0.0,0.0,0,0.0,0,-12.279823172907886,0.0,0.0,1711065600,0.0,2024-03-22T00:00:00+00:00,9987.720176827092
9987.720176827092,9987.720176827092,0.12279823172908211,9987.720176827092,0.0,0.0,0,0.0,0,-12.279823172907886,0.0,0.0,1711152000,0.0,2024-03-23T00:00:00+00:00,9987.720176827092
9987.720176827092,9987.720176827092,0.12279823172908211,9987.720176827092,0.0,0.0,0,0.0,0,-12.279823172907886,0.0,0.0,1711238400,0.0,2024-03-24T00:00:00+00:00,9987.720176827092
9987.720176827092,9987.720176827092,0.12279823172908211,9987.720176827092,0.0,0.0,0,0.0,0,-12.279823172907886,0.0,0.0,1711324800,0.0,2024-03-25T00:00:00+00:00,9987.720176827092
9987.720176827092,9987.720176827092,0.12279823172908211,9987.720176827092,0.0,0.0,0,0.0,0,-12.279823172907886,0.0,0.0,1711411200,0.0,2024-03-26T00:00:00+00:00,9987.720176827092
9987.720176827092,9987.720176827092,0.12279823172908211,9987.720176827092,0.0,0.0,0,0.0,0,-12.279823172907886,0.0,0.0,1711497600,0.0,2024-03-27T00:00:00+00:00,9987.720176827092
9987.720176827092,9987.720176827092,0.12279823172908211,9987.720176827092,0.0,0.0,0,0.0,0,-12.279823172907886,0.0,0.0,1711584000,0.0,2024-03-28T00:00:00+00:00,9987.720176827092
9987.720176827092,9987.720176827092,0.12279823172908211,9987.720176827092,0.0,0.0,0,0.0,0,-12.279823172907886,0.0,0.0,1711670400,0.0,2024-03-29T00:00:00+00:00,9987.720176827092
9987.720176827092,9987.720176827092,0.12279823172908211,9987.720176827092,0.0,0.0,0,0.0,0,-12.279823172907886,0.0,0.0,1711756800,0.0,2024-03-30T00:00:00+00:00,9987.720176827092
9987.720176827092,9987.720176827092,0.12279823172908211,9987.720176827092,0.0,0.0,0,0.0,0,-12.279823172907886,0.0,0.0,1711843200,0.0,2024-03-31T00:00:00+00:00,9987.720176827092
9987.720176827092,9987.720176827092,0.12279823172908211,9987.720176827092,0.0,0.0,0,0.0,0,-12.279823172907886,0.0,0.0,1711929600,0.0,2024-04-01T00:00:00+00:00,9987.720176827092
9987.720176827092,9987.720176827092,0.12279823172908211,9987.720176827092,0.0,0.0,0,0.0,0,-12.279823172907886,0.0,0.0,1712016000,0.0,2024-04-02T00:00:00+00:00,9987.720176827092
9987.720176827092,9987.720176827092,0.12279823172908211,9987.720176827092,0.0,0.0,0,0.0,0,-12.279823172907886,0.0,0.0,1712102400,0.0,2024-04-03T00:00:00+00:00,9987.720176827092
9987.720176827092,9987.720176827092,0.12279823172908211,9987.720176827092,0.0,0.0,0,0.0,0,-12.279823172907886,0.0,0.0,1712188800,0.0,2024-04-04T00:00:00+00:00,9987.720176827092
9987.720176827092,9987.720176827092,0.12279823172908211,9987.720176827092,0.0,0.0,0,0.0,0,-12.279823172907886,0.0,0.0,1712275200,0.0,2024-04-05T00:00:00+00:00,9987.720176827092
9987.720176827092,9987.720176827092,0.12279823172908211,9987.720176827092,0.0,0.0,0,0.0,0,-12.279823172907886,0.0,0.0,1712361600,0.0,2024-04-06T00:00:00+00:00,9987.720176827092
9987.720176827092,9987.720176827092,0.12279823172908211,9987.720176827092,0.0,0.0,0,0.0,0,-12.279823172907886,0.0,0.0,1712448000,0.0,2024-04-07T00:00:00+00:00,9987.720176827092
9987.720176827092,9987.720176827092,0.12279823172908211,9987.720176827092,0.0,0.0,0,0.0,0,-12.279823172907886,0.0,0.0,1712534400,0.0,2024-04-08T00:00:00+00:00,9987.720176827092
9987.720176827092,9987.720176827092,0.12279823172908211,9987.720176827092,0.0,0.0,0,0.0,0,-12.279823172907886,0.0,0.0,1712620800,0.0,2024-04-09T00:00:00+00:00,9987.720176827092
9987.720176827092,9987.720176827092,0.12279823172908211,9987.720176827092,0.0,0.0,0,0.0,0,-12.279823172907886,0.0,0.0,1712707200,0.0,2024-04-10T00:00:00+00:00,9987.720176827092
9987.720176827092,9987.720176827092,0.12279823172908211,9987.720176827092,0.0,0.0,0,0.0,0,-12.279823172907886,0.0,0.0,1712793600,0.0,2024-04-11T00:00:00+00:00,9987.720176827092
9987.720176827092,9987.720176827092,0.12279823172908211,9987.720176827092,0.0,0.0,0,0.0,0,-12.279823172907886,0.0,0.0,1712880000,0.0,2024-04-12T00:00:00+00:00,9987.720176827092
9987.720176827092,9987.720176827092,0.12279823172908211,9987.720176827092,0.0,0.0,0,0.0,0,-12.279823172907886,0.0,0.0,1712966400,0.0,2024-04-13T00:00:00+00:00,9987.720176827092
9987.720176827092,9987.720176827092,0.12279823172908211,9987.720176827092,0.0,0.0,0,0.0,0,-12.279823172907886,0.0,0.0,1713052800,0.0,2024-04-14T00:00:00+00:00,9987.720176827092
9987.720176827092,9987.720176827092,0.12279823172908211,9987.720176827092,0.0,0.0,0,0.0,0,-12.279823172907886,0.0,0.0,1713139200,0.0,2024-04-15T00:00:00+00:00,9987.720176827092
9987.720176827092,9987.720176827092,0.12279823172908211,9987.720176827092,0.0,0.0,0,0.0,0,-12.279823172907886,0.0,0.0,1713225600,0.0,2024-04-16T00:00:00+00:00,9987.720176827092
9987.720176827092,9987.720176827092,0.12279823172908211,9987.720176827092,0.0,0.0,0,0.0,0,-12.279823172907886,0.0,0.0,1713312000,0.0,2024-04-17T00:00:00+00:00,9987.720176827092
9987.720176827092,9987.720176827092,0.12279823172908211,9987.720176827092,0.0,0.0,0,0.0,0,-12.279823172907886,0.0,0.0,1713398400,0.0,2024-04-18T00:00:00+00:00,9987.720176827092
9987.720176827092,9987.720176827092,0.12279823172908211,9987.720176827092,0.0,0.0,0,0.0,0,-12.279823172907886,0.0,0.0,1713484800,0.0,2024-04-19T00:00:00+00:00,9987.720176827092
9987.720176827092,9987.720176827092,0.12279823172908211,9987.720176827092,0.0,0.0,0,0.0,0,-12.279823172907886,0.0,0.0,1713571200,0.0,2024-04-20T00:00:00+00:00,9987.720176827092
9987.720176827092,9987.720176827092,0.12279823172908211,9987.720176827092,0.0,0.0,0,0.0,0,-12.279823172907886,0.0,0.0,1713657600,0.0,2024-04-21T00:00:00+00:00,9987.720176827092
9987.720176827092,9987.720176827092,0.12279823172908211,9987.720176827092,0.0,0.0,0,0.0,0,-12.279823172907886,0.0,0.0,1713744000,0.0,2024-04-22T00:00:00+00:00,9987.720176827092
9960.225294993685,9960.389902420424,0.105856511431901,9989.41434885681,270.261784,27.20783913058047,1,27.20783913058047,0,-12.402258448995498,0.1646074267400119,0.0,1713830400,1.816607305804737,2024-04-23T00:00:00+00:00,9987.597741551004
9960.298304509208,9960.462911935947,0.06740585627666995,9993.259414372333,266.489728,27.20783913058047,1,27.20783913058047,0,-12.329248933472499,0.1646074267400119,0.0,1713916800,5.588663305804733,2024-04-24T00:00:00+00:00,9987.670751066527
9960.3799280266,9960.544535453339,0.014358458613983327,10005.432285889723,254.39847999999998,27.20783913058047,1,27.20783913058047,0,-12.247625416080757,0.1646074267400119,0.0,1714003200,17.67991130580475,2024-04-25T00:00:00+00:00,9987.752374583919
9960.419417484314,9960.584024911053,0.02113142172019966,10010.501183347438,249.369072,27.20783913058047,1,27.20783913058047,0,-12.208135958366633,0.1646074267400119,0.0,1714089600,22.70931930580473,2024-04-26T00:00:00+00:00,9987.791864041634
9960.493852690608,9960.658460117347,0.0009317088962235154,10020.221058553732,239.723632,27.20783913058047,1,27.20783913058047,0,-12.13370075207319,0.1646074267400119,0.0,1714176000,32.35475930580472,2024-04-27T00:00:00+00:00,9987.866299247928
9960.516405268463,9960.681012695202,0.10867476868692272,10016.695467131587,243.27177600000002,27.20783913058047,1,27.20783913058047,0,-12.111148174217853,0.1646074267400119,0.0,1714262400,28.806615305804716,2024-04-28T00:00:00+00:00,9987.888851825783
9960.572736378599,9960.737343805338,0.05143021209302878,10022.435718241722,237.587856,27.20783913058047,1,27.20783913058047,0,-12.054817064081899,0.1646074267400119,0.0,1714348800,34.490535305804734,2024-04-29T00:00:00+00:00,9987.945182935919
9960.628950495025,9960.793557921765,0.07133767978763084,10022.88808435815,237.19170400000002,27.20783913058047,1,27.20783913058047,0,-11.998602947654206,0.1646074267400119,0.0,1714435200,34.88668730580471,2024-04-30T00:00:00+00:00,9988.001397052345
9960.68572509294,9960.85033251968,0.06322782207932587,10041.908482956065,218.22808,27.20783913058047,1,27.20783913058047,0,-11.941828349740424,0.1646074267400119,0.0,1714521600,53.85031130580472,2024-05-01T00:00:00+00:00,9988.05817165026
9960.692578747618,9960.857186174357,0.24025732773353958,10028.394496610741,231.74892,27.20783913058047,1,27.20783913058047,0,-11.934974695063431,0.1646074267400119,0.0,1714608000,40.32947130580471,2024-05-02T00:00:00+00:00,9988.065025304937
9960.759724973808,9960.924332400547,0.29030591776740833,10023.363338836933,236.84722399999998,27.20783913058047,1,27.20783913058047,0,-11.867828468873071,0.1646074267400119,0.0,1714694400,35.231167305804746,2024-05-03T00:00:00+00:00,9988.132171531128
9960.754852049819,9960.919459476558,0.3947002515702347,10012.869049912943,247.33664,27.20783913058047,1,27.20783913058047,0,-11.872701392861359,0.1646074267400119,0.0,1714780800,24.74175130580474,2024-05-04T00:00:00+00:00,9988.127298607138
9960.810122054228,9960.974729480968,0.43510062181699727,10008.807783917353,251.453176,27.20783913058047,1,27.20783913058047,0,-11.817431388451496,0.1646074267400119,0.0,1714867200,20.625215305804716,2024-05-05T00:00:00+00:00,9988.182568611548
9960.84896940694,9961.013576833679,0.42940264912847415,10009.380575270065,250.919232,27.20783913058047,1,27.20783913058047,0,-11.778584035740854,0.1646074267400119,0.0,1714953600,21.159159305804717,2024-05-06T00:00:00+00:00,9988.221415964259
9960.92500171339,9961.08960914013,0.5513255044232612,9997.124223576515,263.251616,27.20783913058047,1,27.20783913058047,0,-11.702551729290446,0.1646074267400119,0.0,1715040000,8.826775305804725,2024-05-07T00:00:00+00:00,9988.29744827071
9961.006625230782,9961.171232657522,0.4677564750501628,10005.525039093907,254.93242399999997,27.20783913058047,1,27.20783913058047,0,-11.620928211898706,0.1646074267400119,0.0,1715126400,17.145967305804746,2024-05-08T00:00:00+00:00,9988.379071788102
9961.088248748174,9961.252856174913,0.36568276127284527,10015.786046611298,244.75303999999997,27.20783913058047,1,27.20783913058047,0,-11.539304694506964,0.1646074267400119,0.0,1715212800,27.32535130580474,2024-05-09T00:00:00+00:00,9988.460695305494
9961.14957249679,9961.314179923529,0.5422379484933626,9998.037754359913,262.562656,27.20783913058047,1,27.20783913058047,0,-11.477980945890549,0.1646074267400119,0.0,1715299200,9.515735305804736,2024-05-10T00:00:00+00:00,9988.52201905411
9961.231196014181,9961.39580344092,0.4303978735026859,10009.280529877306,251.40150400000002,27.20783913058047,1,27.20783913058047,0,-11.396357428498808,0.1646074267400119,0.0,1715385600,20.676887305804716,2024-05-11T00:00:00+00:00,9988.603642571501
9961.28020005324,9961.444807479978,0.4196300144171494,10010.362973916364,250.368064,27.20783913058047,1,27.20783913058047,0,-11.347353389440718,0.1646074267400119,0.0,1715472000,21.710327305804707,2024-05-12T00:00:00+00:00,9988.652646610559
9961.297452544033,9961.462059970772,0.38519045724614287,10013.825026407158,246.92326400000002,27.20783913058047,1,27.20783913058047,0,-11.330100898648018,0.1646074267400119,0.0,1715558400,25.155127305804708,2024-05-13T00:00:00+00:00,9988.669899101353
9961.29041387605,9961.455021302789,0.45499572185881965,10006.807819739173,253.933432,27.20783913058047,1,27.20783913058047,0,-11.337139566631098,0.1646074267400119,0.0,1715644800,18.14495930580472,2024-05-14T00:00:00+00:00,9988.66286043337
9961.360792393529,9961.525399820268,0.36074415545259697,10016.282502256652,244.529128,27.20783913058047,1,27.20783913058047,0,-11.266761049152025,0.1646074267400119,0.0,1715731200,27.549263305804732,2024-05-15T00:00:00+00:00,9988.733238950848
9961.392984708787,9961.557592135527,0.6422776728743251,9987.981214571912,272.86260799999997,27.20783913058047,1,27.20783913058047,0,-11.234568733892722,0.1646074267400119,0.0,1715817600,-0.7842166941952472,2024-05-16T00:00:00+00:00,9988.765431266107
9961.474608226179,9961.639215652918,0.6575716333275916,9986.443782089304,274.481664,27.20783913058047,1,27.20783913058047,0,-11.152945216500981,0.1646074267400119,0.0,1715904000,-2.403272694195292,2024-05-17T00:00:00+00:00,9988.847054783499
9976.69348961084,9976.69348961084,0.7545648927131943,9976.69348961084,0.0,0.0,0,0.0,0,-23.306510389159644,0.0,0.0,1715990400,0.0,2024-05-18T00:00:00+00:00,9976.69348961084
9976.69348961084,9976.69348961084,0.7545648927131943,9976.69348961084,0.0,0.0,0,0.0,0,-23.306510389159644,0.0,0.0,1716076800,0.0,2024-05-19T00:00:00+00:00,9976.69348961084
9976.69348961084,9976.69348961084,0.7545648927131943,9976.69348961084,0.0,0.0,0,0.0,0,-23.306510389159644,0.0,0.0,1716163200,0.0,2024-05-20T00:00:00+00:00,9976.69348961084
9976.69348961084,9976.69348961084,0.7545648927131943,9976.69348961084,0.0,0.0,0,0.0,0,-23.306510389159644,0.0,0.0,1716249600,0.0,2024-05-21T00:00:00+00:00,9976.69348961084
9976.69348961084,9976.69348961084,0.7545648927131943,9976.69348961084,0.0,0.0,0,0.0,0,-23.306510389159644,0.0,0.0,1716336000,0.0,2024-05-22T00:00:00+00:00,9976.69348961084
9976.69348961084,9976.69348961084,0.7545648927131943,9976.69348961084,0.0,0.0,0,0.0,0,-23.306510389159644,0.0,0.0,1716422400,0.0,2024-05-23T00:00:00+00:00,9976.69348961084
9976.69348961084,9976.69348961084,0.7545648927131943,9976.69348961084,0.0,0.0,0,0.0,0,-23.306510389159644,0.0,0.0,1716508800,0.0,2024-05-24T00:00:00+00:00,9976.69348961084
9976.69348961084,9976.69348961084,0.7545648927131943,9976.69348961084,0.0,0.0,0,0.0,0,-23.306510389159644,0.0,0.0,1716595200,0.0,2024-05-25T00:00:00+00:00,9976.69348961084
9976.69348961084,9976.69348961084,0.7545648927131943,9976.69348961084,0.0,0.0,0,0.0,0,-23.306510389159644,0.0,0.0,1716681600,0.0,2024-05-26T00:00:00+00:00,9976.69348961084
9976.69348961084,9976.69348961084,0.7545648927131943,9976.69348961084,0.0,0.0,0,0.0,0,-23.306510389159644,0.0,0.0,1716768000,0.0,2024-05-27T00:00:00+00:00,9976.69348961084
9976.69348961084,9976.69348961084,0.7545648927131943,9976.69348961084,0.0,0.0,0,0.0,0,-23.306510389159644,0.0,0.0,1716854400,0.0,2024-05-28T00:00:00+00:00,9976.69348961084
9976.69348961084,9976.69348961084,0.7545648927131943,9976.69348961084,0.0,0.0,0,0.0,0,-23.306510389159644,0.0,0.0,1716940800,0.0,2024-05-29T00:00:00+00:00,9976.69348961084
9976.69348961084,9976.69348961084,0.7545648927131943,9976.69348961084,0.0,0.0,0,0.0,0,-23.306510389159644,0.0,0.0,1717027200,0.0,2024-05-30T00:00:00+00:00,9976.69348961084
9976.69348961084,9976.69348961084,0.7545648927131943,9976.69348961084,0.0,0.0,0,0.0,0,-23.306510389159644,0.0,0.0,1717113600,0.0,2024-05-31T00:00:00+00:00,9976.69348961084
9976.69348961084,9976.69348961084,0.7545648927131943,9976.69348961084,0.0,0.0,0,0.0,0,-23.306510389159644,0.0,0.0,1717200000,0.0,2024-06-01T00:00:00+00:00,9976.69348961084
9976.69348961084,9976.69348961084,0.7545648927131943,9976.69348961084,0.0,0.0,0,0.0,0,-23.306510389159644,0.0,0.0,1717286400,0.0,2024-06-02T00:00:00+00:00,9976.69348961084
9976.69348961084,9976.69348961084,0.7545648927131943,9976.69348961084,0.0,0.0,0,0.0,0,-23.306510389159644,0.0,0.0,1717372800,0.0,2024-06-03T00:00:00+00:00,9976.69348961084
9976.69348961084,9976.69348961084,0.7545648927131943,9976.69348961084,0.0,0.0,0,0.0,0,-23.306510389159644,0.0,0.0,1717459200,0.0,2024-06-04T00:00:00+00:00,9976.69348961084
9976.69348961084,9976.69348961084,0.7545648927131943,9976.69348961084,0.0,0.0,0,0.0,0,-23.306510389159644,0.0,0.0,1717545600,0.0,2024-06-05T00:00:00+00:00,9976.69348961084
9976.69348961084,9976.69348961084,0.7545648927131943,9976.69348961084,0.0,0.0,0,0.0,0,-23.306510389159644,0.0,0.0,1717632000,0.0,2024-06-06T00:00:00+00:00,9976.69348961084
9976.69348961084,9976.69348961084,0.7545648927131943,9976.69348961084,0.0,0.0,0,0.0,0,-23.306510389159644,0.0,0.0,1717718400,0.0,2024-06-07T00:00:00+00:00,9976.69348961084
9976.69348961084,9976.69348961084,0.7545648927131943,9976.69348961084,0.0,0.0,0,0.0,0,-23.306510389159644,0.0,0.0,1717804800,0.0,2024-06-08T00:00:00+00:00,9976.69348961084
9976.69348961084,9976.69348961084,0.7545648927131943,9976.69348961084,0.0,0.0,0,0.0,0,-23.306510389159644,0.0,0.0,1717891200,0.0,2024-06-09T00:00:00+00:00,9976.69348961084
9976.69348961084,9976.69348961084,0.7545648927131943,9976.69348961084,0.0,0.0,0,0.0,0,-23.306510389159644,0.0,0.0,1717977600,0.0,2024-06-10T00:00:00+00:00,9976.69348961084
9976.69348961084,9976.69348961084,0.7545648927131943,9976.69348961084,0.0,0.0,0,0.0,0,-23.306510389159644,0.0,0.0,1718064000,0.0,2024-06-11T00:00:00+00:00,9976.69348961084
9941.88968028993,9942.097633523244,0.7080770043184526,9981.3667061975,348.62098999999995,34.37243525841613,1,34.37243525841613,0,-23.52993121833935,0.2079532333134176,0.0,1718150400,4.89663741583867,2024-06-12T00:00:00+00:00,9976.47006878166
9941.8144665271,9942.022419760413,0.6476913671908391,9987.437000434667,354.766498,34.37243525841613,1,34.37243525841613,0,-23.605144981171815,0.2079532333134176,0.0,1718236800,11.042145415838704,2024-06-13T00:00:00+00:00,9976.394855018829
9941.778420154244,9941.986373387557,0.7381440141339124,9978.344206061813,345.70975,34.37243525841613,1,34.37243525841613,0,-23.641191354027317,0.2079532333134176,0.0,1718323200,1.9853974158386885,2024-06-14T00:00:00+00:00,9976.358808645973
9941.731285233773,9941.939238467086,0.7257394847692611,9979.591177141341,347.003856,34.37243525841613,1,34.37243525841613,0,-23.688326274497182,0.2079532333134176,0.0,1718409600,3.27950341583869,2024-06-15T00:00:00+00:00,9976.311673725502
9941.645886918373,9941.853840151687,0.6403827474991353,9988.17170282594,355.66978,34.37243525841613,1,34.37243525841613,0,-23.773724589896716,0.2079532333134176,0.0,1718496000,11.945427415838697,2024-06-16T00:00:00+00:00,9976.226275410103
9941.59612594385,9941.804079177164,0.5867856113081826,9993.559579851419,361.107418,34.37243525841613,1,34.37243525841613,0,-23.823485564420327,0.2079532333134176,0.0,1718582400,17.383065415838693,2024-06-17T00:00:00+00:00,9976.17651443558
9941.610888904794,9941.818842138107,0.698443071094057,9982.335161812362,349.86823699999997,34.37243525841613,1,34.37243525841613,0,-23.808722603476838,0.2079532333134176,0.0,1718668800,6.143884415838692,2024-06-18T00:00:00+00:00,9976.191277396523
9941.579462187237,9941.787415420551,0.7254447240980788,9979.620808094805,347.18531,34.37243525841613,1,34.37243525841613,0,-23.840149321033607,0.2079532333134176,0.0,1718755200,3.4609574158387066,2024-06-19T00:00:00+00:00,9976.159850678967
9941.490056045886,9941.6980092792,0.6504523738857237,9987.159448953455,354.813357,34.37243525841613,1,34.37243525841613,0,-23.929555462384272,0.2079532333134176,0.0,1718841600,11.089004415838684,2024-06-20T00:00:00+00:00,9976.070444537616
9941.483494347995,9941.691447581308,0.6982623463071214,9982.353329255562,350.013799,34.37243525841613,1,34.37243525841613,0,-23.936117160275103,0.2079532333134176,0.0,1718928000,6.289446415838696,2024-06-21T00:00:00+00:00,9976.063882839724
9941.400928321262,9941.608881554575,0.6932123027736492,9982.86098722883,350.604023,34.37243525841613,1,34.37243525841613,0,-24.018683187009344,0.2079532333134176,0.0,1719014400,6.879670415838703,2024-06-22T00:00:00+00:00,9975.981316812991
9941.352091965246,9941.56004519856,0.7162513840801799,9980.544972872814,348.336845,34.37243525841613,1,34.37243525841613,0,-24.067519543024503,0.2079532333134176,0.0,1719100800,4.6124924158386795,2024-06-23T00:00:00+00:00,9975.932480456975
9941.33171254838,9941.539665781695,0.7905307961135977,9973.07800045595,340.890252,34.37243525841613,1,34.37243525841613,0,-24.08789895988922,0.2079532333134176,0.0,1719187200,-2.834100584161326,2024-06-24T00:00:00+00:00,9975.91210104011
9963.896218099268,9963.896218099268,0.8818686713322976,9963.896218099268,0.0,0.0,0,0.0,0,-36.10378190073156,0.0,0.0,1719273600,0.0,2024-06-25T00:00:00+00:00,9963.896218099268
9963.896218099268,9963.896218099268,0.8818686713322976,9963.896218099268,0.0,0.0,0,0.0,0,-36.10378190073156,0.0,0.0,1719360000,0.0,2024-06-26T00:00:00+00:00,9963.896218099268
9963.896218099268,9963.896218099268,0.8818686713322976,9963.896218099268,0.0,0.0,0,0.0,0,-36.10378190073156,0.0,0.0,1719446400,0.0,2024-06-27T00:00:00+00:00,9963.896218099268
9963.896218099268,9963.896218099268,0.8818686713322976,9963.896218099268,0.0,0.0,0,0.0,0,-36.10378190073156,0.0,0.0,1719532800,0.0,2024-06-28T00:00:00+00:00,9963.896218099268
9963.896218099268,9963.896218099268,0.8818686713322976,9963.896218099268,0.0,0.0,0,0.0,0,-36.10378190073156,0.0,0.0,1719619200,0.0,2024-06-29T00:00:00+00:00,9963.896218099268
9963.896218099268,9963.896218099268,0.8818686713322976,9963.896218099268,0.0,0.0,0,0.0,0,-36.10378190073156,0.0,0.0,1719705600,0.0,2024-06-30T00:00:00+00:00,9963.896218099268
9963.896218099268,9963.896218099268,0.8818686713322976,9963.896218099268,0.0,0.0,0,0.0,0,-36.10378190073156,0.0,0.0,1719792000,0.0,2024-07-01T00:00:00+00:00,9963.896218099268
9963.896218099268,9963.896218099268,0.8818686713322976,9963.896218099268,0.0,0.0,0,0.0,0,-36.10378190073156,0.0,0.0,1719878400,0.0,2024-07-02T00:00:00+00:00,9963.896218099268
9963.896218099268,9963.896218099268,0.8818686713322976,9963.896218099268,0.0,0.0,0,0.0,0,-36.10378190073156,0.0,0.0,1719964800,0.0,2024-07-03T00:00:00+00:00,9963.896218099268
9963.896218099268,9963.896218099268,0.8818686713322976,9963.896218099268,0.0,0.0,0,0.0,0,-36.10378190073156,0.0,0.0,1720051200,0.0,2024-07-04T00:00:00+00:00,9963.896218099268
9963.896218099268,9963.896218099268,0.8818686713322976,9963.896218099268,0.0,0.0,0,0.0,0,-36.10378190073156,0.0,0.0,1720137600,0.0,2024-07-05T00:00:00+00:00,9963.896218099268
9963.896218099268,9963.896218099268,0.8818686713322976,9963.896218099268,0.0,0.0,0,0.0,0,-36.10378190073156,0.0,0.0,1720224000,0.0,2024-07-06T00:00:00+00:00,9963.896218099268
9936.392126701894,9936.556752968998,0.9014627064513281,9961.926518612376,273.95072000000005,27.2109532403072,1,27.2109532403072,0,-36.23229379069488,0.16462626710385858,0.0,1720310400,-1.8411875969279936,2024-07-07T00:00:00+00:00,9963.767706209304
9936.472265680282,9936.636891947386,0.7648798116497768,9975.656577590764,260.3008,27.2109532403072,1,27.2109532403072,0,-36.152154812306854,0.16462626710385858,0.0,1720396800,11.808732403072053,2024-07-08T00:00:00+00:00,9963.847845187693
9936.524156968113,9936.688783235217,0.957779280040072,9956.265268878595,279.74399999999997,27.2109532403072,1,27.2109532403072,0,-36.10026352447759,0.16462626710385858,0.0,1720483200,-7.634467596927968,2024-07-09T00:00:00+00:00,9963.899736475523
9951.747094011338,9951.747094011338,1.0027248555515067,9951.747094011338,0.0,0.0,0,0.0,0,-48.25290598866276,0.0,0.0,1720569600,0.0,2024-07-10T00:00:00+00:00,9951.747094011338
9951.747094011338,9951.747094011338,1.0027248555515067,9951.747094011338,0.0,0.0,0,0.0,0,-48.25290598866276,0.0,0.0,1720656000,0.0,2024-07-11T00:00:00+00:00,9951.747094011338
9951.747094011338,9951.747094011338,1.0027248555515067,9951.747094011338,0.0,0.0,0,0.0,0,-48.25290598866276,0.0,0.0,1720742400,0.0,2024-07-12T00:00:00+00:00,9951.747094011338
9951.747094011338,9951.747094011338,1.0027248555515067,9951.747094011338,0.0,0.0,0,0.0,0,-48.25290598866276,0.0,0.0,1720828800,0.0,2024-07-13T00:00:00+00:00,9951.747094011338
9951.747094011338,9951.747094011338,1.0027248555515067,9951.747094011338,0.0,0.0,0,0.0,0,-48.25290598866276,0.0,0.0,1720915200,0.0,2024-07-14T00:00:00+00:00,9951.747094011338
9951.747094011338,9951.747094011338,1.0027248555515067,9951.747094011338,0.0,0.0,0,0.0,0,-48.25290598866276,0.0,0.0,1721001600,0.0,2024-07-15T00:00:00+00:00,9951.747094011338
9951.747094011338,9951.747094011338,1.0027248555515067,9951.747094011338,0.0,0.0,0,0.0,0,-48.25290598866276,0.0,0.0,1721088000,0.0,2024-07-16T00:00:00+00:00,9951.747094011338
9951.747094011338,9951.747094011338,1.0027248555515067,9951.747094011338,0.0,0.0,0,0.0,0,-48.25290598866276,0.0,0.0,1721174400,0.0,2024-07-17T00:00:00+00:00,9951.747094011338
9951.747094011338,9951.747094011338,1.0027248555515067,9951.747094011338,0.0,0.0,0,0.0,0,-48.25290598866276,0.0,0.0,1721260800,0.0,2024-07-18T00:00:00+00:00,9951.747094011338
9951.747094011338,9951.747094011338,1.0027248555515067,9951.747094011338,0.0,0.0,0,0.0,0,-48.25290598866276,0.0,0.0,1721347200,0.0,2024-07-19T00:00:00+00:00,9951.747094011338
9951.747094011338,9951.747094011338,1.0027248555515067,9951.747094011338,0.0,0.0,0,0.0,0,-48.25290598866276,0.0,0.0,1721433600,0.0,2024-07-20T00:00:00+00:00,9951.747094011338
9951.747094011338,9951.747094011338,1.0027248555515067,9951.747094011338,0.0,0.0,0,0.0,0,-48.25290598866276,0.0,0.0,1721520000,0.0,2024-07-21T00:00:00+00:00,9951.747094011338
9951.747094011338,9951.747094011338,1.0027248555515067,9951.747094011338,0.0,0.0,0,0.0,0,-48.25290598866276,0.0,0.0,1721606400,0.0,2024-07-22T00:00:00+00:00,9951.747094011338
9951.747094011338,9951.747094011338,1.0027248555515067,9951.747094011338,0.0,0.0,0,0.0,0,-48.25290598866276,0.0,0.0,1721692800,0.0,2024-07-23T00:00:00+00:00,9951.747094011338
9951.747094011338,9951.747094011338,1.0027248555515067,9951.747094011338,0.0,0.0,0,0.0,0,-48.25290598866276,0.0,0.0,1721779200,0.0,2024-07-24T00:00:00+00:00,9951.747094011338
9951.747094011338,9951.747094011338,1.0027248555515067,9951.747094011338,0.0,0.0,0,0.0,0,-48.25290598866276,0.0,0.0,1721865600,0.0,2024-07-25T00:00:00+00:00,9951.747094011338
9951.747094011338,9951.747094011338,1.0027248555515067,9951.747094011338,0.0,0.0,0,0.0,0,-48.25290598866276,0.0,0.0,1721952000,0.0,2024-07-26T00:00:00+00:00,9951.747094011338
9951.747094011338,9951.747094011338,1.0027248555515067,9951.747094011338,0.0,0.0,0,0.0,0,-48.25290598866276,0.0,0.0,1722038400,0.0,2024-07-27T00:00:00+00:00,9951.747094011338
9951.747094011338,9951.747094011338,1.0027248555515067,9951.747094011338,0.0,0.0,0,0.0,0,-48.25290598866276,0.0,0.0,1722124800,0.0,2024-07-28T00:00:00+00:00,9951.747094011338
9951.747094011338,9951.747094011338,1.0027248555515067,9951.747094011338,0.0,0.0,0,0.0,0,-48.25290598866276,0.0,0.0,1722211200,0.0,2024-07-29T00:00:00+00:00,9951.747094011338
9951.747094011338,9951.747094011338,1.0027248555515067,9951.747094011338,0.0,0.0,0,0.0,0,-48.25290598866276,0.0,0.0,1722297600,0.0,2024-07-30T00:00:00+00:00,9951.747094011338
9951.747094011338,9951.747094011338,1.0027248555515067,9951.747094011338,0.0,0.0,0,0.0,0,-48.25290598866276,0.0,0.0,1722384000,0.0,2024-07-31T00:00:00+00:00,9951.747094011338
9951.747094011338,9951.747094011338,1.0027248555515067,9951.747094011338,0.0,0.0,0,0.0,0,-48.25290598866276,0.0,0.0,1722470400,0.0,2024-08-01T00:00:00+00:00,9951.747094011338
9951.747094011338,9951.747094011338,1.0027248555515067,9951.747094011338,0.0,0.0,0,0.0,0,-48.25290598866276,0.0,0.0,1722556800,0.0,2024-08-02T00:00:00+00:00,9951.747094011338
9951.747094011338,9951.747094011338,1.0027248555515067,9951.747094011338,0.0,0.0,0,0.0,0,-48.25290598866276,0.0,0.0,1722643200,0.0,2024-08-03T00:00:00+00:00,9951.747094011338
9951.747094011338,9951.747094011338,1.0027248555515067,9951.747094011338,0.0,0.0,0,0.0,0,-48.25290598866276,0.0,0.0,1722729600,0.0,2024-08-04T00:00:00+00:00,9951.747094011338
9951.747094011338,9951.747094011338,1.0027248555515067,9951.747094011338,0.0,0.0,0,0.0,0,-48.25290598866276,0.0,0.0,1722816000,0.0,2024-08-05T00:00:00+00:00,9951.747094011338
9951.747094011338,9951.747094011338,1.0027248555515067,9951.747094011338,0.0,0.0,0,0.0,0,-48.25290598866276,0.0,0.0,1722902400,0.0,2024-08-06T00:00:00+00:00,9951.747094011338
9951.747094011338,9951.747094011338,1.0027248555515067,9951.747094011338,0.0,0.0,0,0.0,0,-48.25290598866276,0.0,0.0,1722988800,0.0,2024-08-07T00:00:00+00:00,9951.747094011338
9951.747094011338,9951.747094011338,1.0027248555515067,9951.747094011338,0.0,0.0,0,0.0,0,-48.25290598866276,0.0,0.0,1723075200,0.0,2024-08-08T00:00:00+00:00,9951.747094011338
9951.747094011338,9951.747094011338,1.0027248555515067,9951.747094011338,0.0,0.0,0,0.0,0,-48.25290598866276,0.0,0.0,1723161600,0.0,2024-08-09T00:00:00+00:00,9951.747094011338
9951.747094011338,9951.747094011338,1.0027248555515067,9951.747094011338,0.0,0.0,0,0.0,0,-48.25290598866276,0.0,0.0,1723248000,0.0,2024-08-10T00:00:00+00:00,9951.747094011338
9951.747094011338,9951.747094011338,1.0027248555515067,9951.747094011338,0.0,0.0,0,0.0,0,-48.25290598866276,0.0,0.0,1723334400,0.0,2024-08-11T00:00:00+00:00,9951.747094011338
9951.747094011338,9951.747094011338,1.0027248555515067,9951.747094011338,0.0,0.0,0,0.0,0,-48.25290598866276,0.0,0.0,1723420800,0.0,2024-08-12T00:00:00+00:00,9951.747094011338
9951.747094011338,9951.747094011338,1.0027248555515067,9951.747094011338,0.0,0.0,0,0.0,0,-48.25290598866276,0.0,0.0,1723507200,0.0,2024-08-13T00:00:00+00:00,9951.747094011338
9951.747094011338,9951.747094011338,1.0027248555515067,9951.747094011338,0.0,0.0,0,0.0,0,-48.25290598866276,0.0,0.0,1723593600,0.0,2024-08-14T00:00:00+00:00,9951.747094011338
9951.747094011338,9951.747094011338,1.0027248555515067,9951.747094011338,0.0,0.0,0,0.0,0,-48.25290598866276,0.0,0.0,1723680000,0.0,2024-08-15T00:00:00+00:00,9951.747094011338
9951.747094011338,9951.747094011338,1.0027248555515067,9951.747094011338,0.0,0.0,0,0.0,0,-48.25290598866276,0.0,0.0,1723766400,0.0,2024-08-16T00:00:00+00:00,9951.747094011338
9951.747094011338,9951.747094011338,1.0027248555515067,9951.747094011338,0.0,0.0,0,0.0,0,-48.25290598866276,0.0,0.0,1723852800,0.0,2024-08-17T00:00:00+00:00,9951.747094011338
9951.747094011338,9951.747094011338,1.0027248555515067,9951.747094011338,0.0,0.0,0,0.0,0,-48.25290598866276,0.0,0.0,1723939200,0.0,2024-08-18T00:00:00+00:00,9951.747094011338
9951.747094011338,9951.747094011338,1.0027248555515067,9951.747094011338,0.0,0.0,0,0.0,0,-48.25290598866276,0.0,0.0,1724025600,0.0,2024-08-19T00:00:00+00:00,9951.747094011338
9951.747094011338,9951.747094011338,1.0027248555515067,9951.747094011338,0.0,0.0,0,0.0,0,-48.25290598866276,0.0,0.0,1724112000,0.0,2024-08-20T00:00:00+00:00,9951.747094011338
9951.747094011338,9951.747094011338,1.0027248555515067,9951.747094011338,0.0,0.0,0,0.0,0,-48.25290598866276,0.0,0.0,1724198400,0.0,2024-08-21T00:00:00+00:00,9951.747094011338
9951.747094011338,9951.747094011338,1.0027248555515067,9951.747094011338,0.0,0.0,0,0.0,0,-48.25290598866276,0.0,0.0,1724284800,0.0,2024-08-22T00:00:00+00:00,9951.747094011338
9951.747094011338,9951.747094011338,1.0027248555515067,9951.747094011338,0.0,0.0,0,0.0,0,-48.25290598866276,0.0,0.0,1724371200,0.0,2024-08-23T00:00:00+00:00,9951.747094011338
9951.747094011338,9951.747094011338,1.0027248555515067,9951.747094011338,0.0,0.0,0,0.0,0,-48.25290598866276,0.0,0.0,1724457600,0.0,2024-08-24T00:00:00+00:00,9951.747094011338
9951.747094011338,9951.747094011338,1.0027248555515067,9951.747094011338,0.0,0.0,0,0.0,0,-48.25290598866276,0.0,0.0,1724544000,0.0,2024-08-25T00:00:00+00:00,9951.747094011338
9951.747094011338,9951.747094011338,1.0027248555515067,9951.747094011338,0.0,0.0,0,0.0,0,-48.25290598866276,0.0,0.0,1724630400,0.0,2024-08-26T00:00:00+00:00,9951.747094011338
9951.747094011338,9951.747094011338,1.0027248555515067,9951.747094011338,0.0,0.0,0,0.0,0,-48.25290598866276,0.0,0.0,1724716800,0.0,2024-08-27T00:00:00+00:00,9951.747094011338
9951.747094011338,9951.747094011338,1.0027248555515067,9951.747094011338,0.0,0.0,0,0.0,0,-48.25290598866276,0.0,0.0,1724803200,0.0,2024-08-28T00:00:00+00:00,9951.747094011338
9951.747094011338,9951.747094011338,1.0027248555515067,9951.747094011338,0.0,0.0,0,0.0,0,-48.25290598866276,0.0,0.0,1724889600,0.0,2024-08-29T00:00:00+00:00,9951.747094011338
9951.747094011338,9951.747094011338,1.0027248555515067,9951.747094011338,0.0,0.0,0,0.0,0,-48.25290598866276,0.0,0.0,1724976000,0.0,2024-08-30T00:00:00+00:00,9951.747094011338
9951.747094011338,9951.747094011338,1.0027248555515067,9951.747094011338,0.0,0.0,0,0.0,0,-48.25290598866276,0.0,0.0,1725062400,0.0,2024-08-31T00:00:00+00:00,9951.747094011338
9951.747094011338,9951.747094011338,1.0027248555515067,9951.747094011338,0.0,0.0,0,0.0,0,-48.25290598866276,0.0,0.0,1725148800,0.0,2024-09-01T00:00:00+00:00,9951.747094011338
9951.747094011338,9951.747094011338,1.0027248555515067,9951.747094011338,0.0,0.0,0,0.0,0,-48.25290598866276,0.0,0.0,1725235200,0.0,2024-09-02T00:00:00+00:00,9951.747094011338
9951.747094011338,9951.747094011338,1.0027248555515067,9951.747094011338,0.0,0.0,0,0.0,0,-48.25290598866276,0.0,0.0,1725321600,0.0,2024-09-03T00:00:00+00:00,9951.747094011338
9951.747094011338,9951.747094011338,1.0027248555515067,9951.747094011338,0.0,0.0,0,0.0,0,-48.25290598866276,0.0,0.0,1725408000,0.0,2024-09-04T00:00:00+00:00,9951.747094011338
9951.747094011338,9951.747094011338,1.0027248555515067,9951.747094011338,0.0,0.0,0,0.0,0,-48.25290598866276,0.0,0.0,1725494400,0.0,2024-09-05T00:00:00+00:00,9951.747094011338
9951.747094011338,9951.747094011338,1.0027248555515067,9951.747094011338,0.0,0.0,0,0.0,0,-48.25290598866276,0.0,0.0,1725580800,0.0,2024-09-06T00:00:00+00:00,9951.747094011338
9951.747094011338,9951.747094011338,1.0027248555515067,9951.747094011338,0.0,0.0,0,0.0,0,-48.25290598866276,0.0,0.0,1725667200,0.0,2024-09-07T00:00:00+00:00,9951.747094011338
9951.747094011338,9951.747094011338,1.0027248555515067,9951.747094011338,0.0,0.0,0,0.0,0,-48.25290598866276,0.0,0.0,1725753600,0.0,2024-09-08T00:00:00+00:00,9951.747094011338
9951.747094011338,9951.747094011338,1.0027248555515067,9951.747094011338,0.0,0.0,0,0.0,0,-48.25290598866276,0.0,0.0,1725840000,0.0,2024-09-09T00:00:00+00:00,9951.747094011338
9951.747094011338,9951.747094011338,1.0027248555515067,9951.747094011338,0.0,0.0,0,0.0,0,-48.25290598866276,0.0,0.0,1725926400,0.0,2024-09-10T00:00:00+00:00,9951.747094011338
9951.747094011338,9951.747094011338,1.0027248555515067,9951.747094011338,0.0,0.0,0,0.0,0,-48.25290598866276,0.0,0.0,1726012800,0.0,2024-09-11T00:00:00+00:00,9951.747094011338
9951.747094011338,9951.747094011338,1.0027248555515067,9951.747094011338,0.0,0.0,0,0.0,0,-48.25290598866276,0.0,0.0,1726099200,0.0,2024-09-12T00:00:00+00:00,9951.747094011338
9951.747094011338,9951.747094011338,1.0027248555515067,9951.747094011338,0.0,0.0,0,0.0,0,-48.25290598866276,0.0,0.0,1726185600,0.0,2024-09-13T00:00:00+00:00,9951.747094011338
9951.747094011338,9951.747094011338,1.0027248555515067,9951.747094011338,0.0,0.0,0,0.0,0,-48.25290598866276,0.0,0.0,1726272000,0.0,2024-09-14T00:00:00+00:00,9951.747094011338
9951.747094011338,9951.747094011338,1.0027248555515067,9951.747094011338,0.0,0.0,0,0.0,0,-48.25290598866276,0.0,0.0,1726358400,0.0,2024-09-15T00:00:00+00:00,9951.747094011338
9951.747094011338,9951.747094011338,1.0027248555515067,9951.747094011338,0.0,0.0,0,0.0,0,-48.25290598866276,0.0,0.0,1726444800,0.0,2024-09-16T00:00:00+00:00,9951.747094011338
9951.747094011338,9951.747094011338,1.0027248555515067,9951.747094011338,0.0,0.0,0,0.0,0,-48.25290598866276,0.0,0.0,1726531200,0.0,2024-09-17T00:00:00+00:00,9951.747094011338
9951.747094011338,9951.747094011338,1.0027248555515067,9951.747094011338,0.0,0.0,0,0.0,0,-48.25290598866276,0.0,0.0,1726617600,0.0,2024-09-18T00:00:00+00:00,9951.747094011338
9951.747094011338,9951.747094011338,1.0027248555515067,9951.747094011338,0.0,0.0,0,0.0,0,-48.25290598866276,0.0,0.0,1726704000,0.0,2024-09-19T00:00:00+00:00,9951.747094011338
9951.747094011338,9951.747094011338,1.0027248555515067,9951.747094011338,0.0,0.0,0,0.0,0,-48.25290598866276,0.0,0.0,1726790400,0.0,2024-09-20T00:00:00+00:00,9951.747094011338
9951.747094011338,9951.747094011338,1.0027248555515067,9951.747094011338,0.0,0.0,0,0.0,0,-48.25290598866276,0.0,0.0,1726876800,0.0,2024-09-21T00:00:00+00:00,9951.747094011338
9951.747094011338,9951.747094011338,1.0027248555515067,9951.747094011338,0.0,0.0,0,0.0,0,-48.25290598866276,0.0,0.0,1726963200,0.0,2024-09-22T00:00:00+00:00,9951.747094011338
9951.747094011338,9951.747094011338,1.0027248555515067,9951.747094011338,0.0,0.0,0,0.0,0,-48.25290598866276,0.0,0.0,1727049600,0.0,2024-09-23T00:00:00+00:00,9951.747094011338
9951.747094011338,9951.747094011338,1.0027248555515067,9951.747094011338,0.0,0.0,0,0.0,0,-48.25290598866276,0.0,0.0,1727136000,0.0,2024-09-24T00:00:00+00:00,9951.747094011338
9951.747094011338,9951.747094011338,1.0027248555515067,9951.747094011338,0.0,0.0,0,0.0,0,-48.25290598866276,0.0,0.0,1727222400,0.0,2024-09-25T00:00:00+00:00,9951.747094011338
9951.747094011338,9951.747094011338,1.0027248555515067,9951.747094011338,0.0,0.0,0,0.0,0,-48.25290598866276,0.0,0.0,1727308800,0.0,2024-09-26T00:00:00+00:00,9951.747094011338
9951.747094011338,9951.747094011338,1.0027248555515067,9951.747094011338,0.0,0.0,0,0.0,0,-48.25290598866276,0.0,0.0,1727395200,0.0,2024-09-27T00:00:00+00:00,9951.747094011338
9951.747094011338,9951.747094011338,1.0027248555515067,9951.747094011338,0.0,0.0,0,0.0,0,-48.25290598866276,0.0,0.0,1727481600,0.0,2024-09-28T00:00:00+00:00,9951.747094011338
9951.747094011338,9951.747094011338,1.0027248555515067,9951.747094011338,0.0,0.0,0,0.0,0,-48.25290598866276,0.0,0.0,1727568000,0.0,2024-09-29T00:00:00+00:00,9951.747094011338
9951.747094011338,9951.747094011338,1.0027248555515067,9951.747094011338,0.0,0.0,0,0.0,0,-48.25290598866276,0.0,0.0,1727654400,0.0,2024-09-30T00:00:00+00:00,9951.747094011338
9951.747094011338,9951.747094011338,1.0027248555515067,9951.747094011338,0.0,0.0,0,0.0,0,-48.25290598866276,0.0,0.0,1727740800,0.0,2024-10-01T00:00:00+00:00,9951.747094011338
9951.747094011338,9951.747094011338,1.0027248555515067,9951.747094011338,0.0,0.0,0,0.0,0,-48.25290598866276,0.0,0.0,1727827200,0.0,2024-10-02T00:00:00+00:00,9951.747094011338
9951.747094011338,9951.747094011338,1.0027248555515067,9951.747094011338,0.0,0.0,0,0.0,0,-48.25290598866276,0.0,0.0,1727913600,0.0,2024-10-03T00:00:00+00:00,9951.747094011338
9951.747094011338,9951.747094011338,1.0027248555515067,9951.747094011338,0.0,0.0,0,0.0,0,-48.25290598866276,0.0,0.0,1728000000,0.0,2024-10-04T00:00:00+00:00,9951.747094011338
9951.747094011338,9951.747094011338,1.0027248555515067,9951.747094011338,0.0,0.0,0,0.0,0,-48.25290598866276,0.0,0.0,1728086400,0.0,2024-10-05T00:00:00+00:00,9951.747094011338
9951.747094011338,9951.747094011338,1.0027248555515067,9951.747094011338,0.0,0.0,0,0.0,0,-48.25290598866276,0.0,0.0,1728172800,0.0,2024-10-06T00:00:00+00:00,9951.747094011338
9951.747094011338,9951.747094011338,1.0027248555515067,9951.747094011338,0.0,0.0,0,0.0,0,-48.25290598866276,0.0,0.0,1728259200,0.0,2024-10-07T00:00:00+00:00,9951.747094011338
9951.747094011338,9951.747094011338,1.0027248555515067,9951.747094011338,0.0,0.0,0,0.0,0,-48.25290598866276,0.0,0.0,1728345600,0.0,2024-10-08T00:00:00+00:00,9951.747094011338
9951.747094011338,9951.747094011338,1.0027248555515067,9951.747094011338,0.0,0.0,0,0.0,0,-48.25290598866276,0.0,0.0,1728432000,0.0,2024-10-09T00:00:00+00:00,9951.747094011338
9951.747094011338,9951.747094011338,1.0027248555515067,9951.747094011338,0.0,0.0,0,0.0,0,-48.25290598866276,0.0,0.0,1728518400,0.0,2024-10-10T00:00:00+00:00,9951.747094011338
9951.747094011338,9951.747094011338,1.0027248555515067,9951.747094011338,0.0,0.0,0,0.0,0,-48.25290598866276,0.0,0.0,1728604800,0.0,2024-10-11T00:00:00+00:00,9951.747094011338
9951.747094011338,9951.747094011338,1.0027248555515067,9951.747094011338,0.0,0.0,0,0.0,0,-48.25290598866276,0.0,0.0,1728691200,0.0,2024-10-12T00:00:00+00:00,9951.747094011338
9951.747094011338,9951.747094011338,1.0027248555515067,9951.747094011338,0.0,0.0,0,0.0,0,-48.25290598866276,0.0,0.0,1728777600,0.0,2024-10-13T00:00:00+00:00,9951.747094011338
9951.747094011338,9951.747094011338,1.0027248555515067,9951.747094011338,0.0,0.0,0,0.0,0,-48.25290598866276,0.0,0.0,1728864000,0.0,2024-10-14T00:00:00+00:00,9951.747094011338
9951.747094011338,9951.747094011338,1.0027248555515067,9951.747094011338,0.0,0.0,0,0.0,0,-48.25290598866276,0.0,0.0,1728950400,0.0,2024-10-15T00:00:00+00:00,9951.747094011338
9951.747094011338,9951.747094011338,1.0027248555515067,9951.747094011338,0.0,0.0,0,0.0,0,-48.25290598866276,0.0,0.0,1729036800,0.0,2024-10-16T00:00:00+00:00,9951.747094011338
9951.747094011338,9951.747094011338,1.0027248555515067,9951.747094011338,0.0,0.0,0,0.0,0,-48.25290598866276,0.0,0.0,1729123200,0.0,2024-10-17T00:00:00+00:00,9951.747094011338
9951.747094011338,9951.747094011338,1.0027248555515067,9951.747094011338,0.0,0.0,0,0.0,0,-48.25290598866276,0.0,0.0,1729209600,0.0,2024-10-18T00:00:00+00:00,9951.747094011338
9951.747094011338,9951.747094011338,1.0027248555515067,9951.747094011338,0.0,0.0,0,0.0,0,-48.25290598866276,0.0,0.0,1729296000,0.0,2024-10-19T00:00:00+00:00,9951.747094011338
9951.747094011338,9951.747094011338,1.0027248555515067,9951.747094011338,0.0,0.0,0,0.0,0,-48.25290598866276,0.0,0.0,1729382400,0.0,2024-10-20T00:00:00+00:00,9951.747094011338
9951.747094011338,9951.747094011338,1.0027248555515067,9951.747094011338,0.0,0.0,0,0.0,0,-48.25290598866276,0.0,0.0,1729468800,0.0,2024-10-21T00:00:00+00:00,9951.747094011338
9951.747094011338,9951.747094011338,1.0027248555515067,9951.747094011338,0.0,0.0,0,0.0,0,-48.25290598866276,0.0,0.0,1729555200,0.0,2024-10-22T00:00:00+00:00,9951.747094011338
9951.747094011338,9951.747094011338,1.0027248555515067,9951.747094011338,0.0,0.0,0,0.0,0,-48.25290598866276,0.0,0.0,1729641600,0.0,2024-10-23T00:00:00+00:00,9951.747094011338
9951.747094011338,9951.747094011338,1.0027248555515067,9951.747094011338,0.0,0.0,0,0.0,0,-48.25290598866276,0.0,0.0,1729728000,0.0,2024-10-24T00:00:00+00:00,9951.747094011338
9951.747094011338,9951.747094011338,1.0027248555515067,9951.747094011338,0.0,0.0,0,0.0,0,-48.25290598866276,0.0,0.0,1729814400,0.0,2024-10-25T00:00:00+00:00,9951.747094011338
9951.747094011338,9951.747094011338,1.0027248555515067,9951.747094011338,0.0,0.0,0,0.0,0,-48.25290598866276,0.0,0.0,1729900800,0.0,2024-10-26T00:00:00+00:00,9951.747094011338
9951.747094011338,9951.747094011338,1.0027248555515067,9951.747094011338,0.0,0.0,0,0.0,0,-48.25290598866276,0.0,0.0,1729987200,0.0,2024-10-27T00:00:00+00:00,9951.747094011338
9951.747094011338,9951.747094011338,1.0027248555515067,9951.747094011338,0.0,0.0,0,0.0,0,-48.25290598866276,0.0,0.0,1730073600,0.0,2024-10-28T00:00:00+00:00,9951.747094011338
9951.747094011338,9951.747094011338,1.0027248555515067,9951.747094011338,0.0,0.0,0,0.0,0,-48.25290598866276,0.0,0.0,1730160000,0.0,2024-10-29T00:00:00+00:00,9951.747094011338
9951.747094011338,9951.747094011338,1.0027248555515067,9951.747094011338,0.0,0.0,0,0.0,0,-48.25290598866276,0.0,0.0,1730246400,0.0,2024-10-30T00:00:00+00:00,9951.747094011338
9951.747094011338,9951.747094011338,1.0027248555515067,9951.747094011338,0.0,0.0,0,0.0,0,-48.25290598866276,0.0,0.0,1730332800,0.0,2024-10-31T00:00:00+00:00,9951.747094011338
9951.747094011338,9951.747094011338,1.0027248555515067,9951.747094011338,0.0,0.0,0,0.0,0,-48.25290598866276,0.0,0.0,1730419200,0.0,2024-11-01T00:00:00+00:00,9951.747094011338
9951.747094011338,9951.747094011338,1.0027248555515067,9951.747094011338,0.0,0.0,0,0.0,0,-48.25290598866276,0.0,0.0,1730505600,0.0,2024-11-02T00:00:00+00:00,9951.747094011338
9951.747094011338,9951.747094011338,1.0027248555515067,9951.747094011338,0.0,0.0,0,0.0,0,-48.25290598866276,0.0,0.0,1730592000,0.0,2024-11-03T00:00:00+00:00,9951.747094011338
9951.747094011338,9951.747094011338,1.0027248555515067,9951.747094011338,0.0,0.0,0,0.0,0,-48.25290598866276,0.0,0.0,1730678400,0.0,2024-11-04T00:00:00+00:00,9951.747094011338
9951.747094011338,9951.747094011338,1.0027248555515067,9951.747094011338,0.0,0.0,0,0.0,0,-48.25290598866276,0.0,0.0,1730764800,0.0,2024-11-05T00:00:00+00:00,9951.747094011338
9951.747094011338,9951.747094011338,1.0027248555515067,9951.747094011338,0.0,0.0,0,0.0,0,-48.25290598866276,0.0,0.0,1730851200,0.0,2024-11-06T00:00:00+00:00,9951.747094011338
9951.747094011338,9951.747094011338,1.0027248555515067,9951.747094011338,0.0,0.0,0,0.0,0,-48.25290598866276,0.0,0.0,1730937600,0.0,2024-11-07T00:00:00+00:00,9951.747094011338
9951.747094011338,9951.747094011338,1.0027248555515067,9951.747094011338,0.0,0.0,0,0.0,0,-48.25290598866276,0.0,0.0,1731024000,0.0,2024-11-08T00:00:00+00:00,9951.747094011338
9951.747094011338,9951.747094011338,1.0027248555515067,9951.747094011338,0.0,0.0,0,0.0,0,-48.25290598866276,0.0,0.0,1731110400,0.0,2024-11-09T00:00:00+00:00,9951.747094011338
9951.747094011338,9951.747094011338,1.0027248555515067,9951.747094011338,0.0,0.0,0,0.0,0,-48.25290598866276,0.0,0.0,1731196800,0.0,2024-11-10T00:00:00+00:00,9951.747094011338
9951.747094011338,9951.747094011338,1.0027248555515067,9951.747094011338,0.0,0.0,0,0.0,0,-48.25290598866276,0.0,0.0,1731283200,0.0,2024-11-11T00:00:00+00:00,9951.747094011338
9951.747094011338,9951.747094011338,1.0027248555515067,9951.747094011338,0.0,0.0,0,0.0,0,-48.25290598866276,0.0,0.0,1731369600,0.0,2024-11-12T00:00:00+00:00,9951.747094011338
9951.747094011338,9951.747094011338,1.0027248555515067,9951.747094011338,0.0,0.0,0,0.0,0,-48.25290598866276,0.0,0.0,1731456000,0.0,2024-11-13T00:00:00+00:00,9951.747094011338
9951.747094011338,9951.747094011338,1.0027248555515067,9951.747094011338,0.0,0.0,0,0.0,0,-48.25290598866276,0.0,0.0,1731542400,0.0,2024-11-14T00:00:00+00:00,9951.747094011338
9951.747094011338,9951.747094011338,1.0027248555515067,9951.747094011338,0.0,0.0,0,0.0,0,-48.25290598866276,0.0,0.0,1731628800,0.0,2024-11-15T00:00:00+00:00,9951.747094011338
9951.747094011338,9951.747094011338,1.0027248555515067,9951.747094011338,0.0,0.0,0,0.0,0,-48.25290598866276,0.0,0.0,1731715200,0.0,2024-11-16T00:00:00+00:00,9951.747094011338
9951.747094011338,9951.747094011338,1.0027248555515067,9951.747094011338,0.0,0.0,0,0.0,0,-48.25290598866276,0.0,0.0,1731801600,0.0,2024-11-17T00:00:00+00:00,9951.747094011338
9951.747094011338,9951.747094011338,1.0027248555515067,9951.747094011338,0.0,0.0,0,0.0,0,-48.25290598866276,0.0,0.0,1731888000,0.0,2024-11-18T00:00:00+00:00,9951.747094011338
9951.747094011338,9951.747094011338,1.0027248555515067,9951.747094011338,0.0,0.0,0,0.0,0,-48.25290598866276,0.0,0.0,1731974400,0.0,2024-11-19T00:00:00+00:00,9951.747094011338
9951.747094011338,9951.747094011338,1.0027248555515067,9951.747094011338,0.0,0.0,0,0.0,0,-48.25290598866276,0.0,0.0,1732060800,0.0,2024-11-20T00:00:00+00:00,9951.747094011338
9951.747094011338,9951.747094011338,1.0027248555515067,9951.747094011338,0.0,0.0,0,0.0,0,-48.25290598866276,0.0,0.0,1732147200,0.0,2024-11-21T00:00:00+00:00,9951.747094011338
9951.747094011338,9951.747094011338,1.0027248555515067,9951.747094011338,0.0,0.0,0,0.0,0,-48.25290598866276,0.0,0.0,1732233600,0.0,2024-11-22T00:00:00+00:00,9951.747094011338
9951.747094011338,9951.747094011338,1.0027248555515067,9951.747094011338,0.0,0.0,0,0.0,0,-48.25290598866276,0.0,0.0,1732320000,0.0,2024-11-23T00:00:00+00:00,9951.747094011338
9951.747094011338,9951.747094011338,1.0027248555515067,9951.747094011338,0.0,0.0,0,0.0,0,-48.25290598866276,0.0,0.0,1732406400,0.0,2024-11-24T00:00:00+00:00,9951.747094011338
9951.747094011338,9951.747094011338,1.0027248555515067,9951.747094011338,0.0,0.0,0,0.0,0,-48.25290598866276,0.0,0.0,1732492800,0.0,2024-11-25T00:00:00+00:00,9951.747094011338
9951.747094011338,9951.747094011338,1.0027248555515067,9951.747094011338,0.0,0.0,0,0.0,0,-48.25290598866276,0.0,0.0,1732579200,0.0,2024-11-26T00:00:00+00:00,9951.747094011338
9951.747094011338,9951.747094011338,1.0027248555515067,9951.747094011338,0.0,0.0,0,0.0,0,-48.25290598866276,0.0,0.0,1732665600,0.0,2024-11-27T00:00:00+00:00,9951.747094011338
9951.747094011338,9951.747094011338,1.0027248555515067,9951.747094011338,0.0,0.0,0,0.0,0,-48.25290598866276,0.0,0.0,1732752000,0.0,2024-11-28T00:00:00+00:00,9951.747094011338
9951.747094011338,9951.747094011338,1.0027248555515067,9951.747094011338,0.0,0.0,0,0.0,0,-48.25290598866276,0.0,0.0,1732838400,0.0,2024-11-29T00:00:00+00:00,9951.747094011338
9951.747094011338,9951.747094011338,1.0027248555515067,9951.747094011338,0.0,0.0,0,0.0,0,-48.25290598866276,0.0,0.0,1732924800,0.0,2024-11-30T00:00:00+00:00,9951.747094011338
9951.747094011338,9951.747094011338,1.0027248555515067,9951.747094011338,0.0,0.0,0,0.0,0,-48.25290598866276,0.0,0.0,1733011200,0.0,2024-12-01T00:00:00+00:00,9951.747094011338
9951.747094011338,9951.747094011338,1.0027248555515067,9951.747094011338,0.0,0.0,0,0.0,0,-48.25290598866276,0.0,0.0,1733097600,0.0,2024-12-02T00:00:00+00:00,9951.747094011338
9951.747094011338,9951.747094011338,1.0027248555515067,9951.747094011338,0.0,0.0,0,0.0,0,-48.25290598866276,0.0,0.0,1733184000,0.0,2024-12-03T00:00:00+00:00,9951.747094011338
9951.747094011338,9951.747094011338,1.0027248555515067,9951.747094011338,0.0,0.0,0,0.0,0,-48.25290598866276,0.0,0.0,1733270400,0.0,2024-12-04T00:00:00+00:00,9951.747094011338
9951.747094011338,9951.747094011338,1.0027248555515067,9951.747094011338,0.0,0.0,0,0.0,0,-48.25290598866276,0.0,0.0,1733356800,0.0,2024-12-05T00:00:00+00:00,9951.747094011338
9951.747094011338,9951.747094011338,1.0027248555515067,9951.747094011338,0.0,0.0,0,0.0,0,-48.25290598866276,0.0,0.0,1733443200,0.0,2024-12-06T00:00:00+00:00,9951.747094011338
9951.747094011338,9951.747094011338,1.0027248555515067,9951.747094011338,0.0,0.0,0,0.0,0,-48.25290598866276,0.0,0.0,1733529600,0.0,2024-12-07T00:00:00+00:00,9951.747094011338
9951.747094011338,9951.747094011338,1.0027248555515067,9951.747094011338,0.0,0.0,0,0.0,0,-48.25290598866276,0.0,0.0,1733616000,0.0,2024-12-08T00:00:00+00:00,9951.747094011338
9951.747094011338,9951.747094011338,1.0027248555515067,9951.747094011338,0.0,0.0,0,0.0,0,-48.25290598866276,0.0,0.0,1733702400,0.0,2024-12-09T00:00:00+00:00,9951.747094011338
9951.747094011338,9951.747094011338,1.0027248555515067,9951.747094011338,0.0,0.0,0,0.0,0,-48.25290598866276,0.0,0.0,1733788800,0.0,2024-12-10T00:00:00+00:00,9951.747094011338
9951.747094011338,9951.747094011338,1.0027248555515067,9951.747094011338,0.0,0.0,0,0.0,0,-48.25290598866276,0.0,0.0,1733875200,0.0,2024-12-11T00:00:00+00:00,9951.747094011338
9951.747094011338,9951.747094011338,1.0027248555515067,9951.747094011338,0.0,0.0,0,0.0,0,-48.25290598866276,0.0,0.0,1733961600,0.0,2024-12-12T00:00:00+00:00,9951.747094011338
9951.747094011338,9951.747094011338,1.0027248555515067,9951.747094011338,0.0,0.0,0,0.0,0,-48.25290598866276,0.0,0.0,1734048000,0.0,2024-12-13T00:00:00+00:00,9951.747094011338
9951.747094011338,9951.747094011338,1.0027248555515067,9951.747094011338,0.0,0.0,0,0.0,0,-48.25290598866276,0.0,0.0,1734134400,0.0,2024-12-14T00:00:00+00:00,9951.747094011338
9951.747094011338,9951.747094011338,1.0027248555515067,9951.747094011338,0.0,0.0,0,0.0,0,-48.25290598866276,0.0,0.0,1734220800,0.0,2024-12-15T00:00:00+00:00,9951.747094011338
9951.747094011338,9951.747094011338,1.0027248555515067,9951.747094011338,0.0,0.0,0,0.0,0,-48.25290598866276,0.0,0.0,1734307200,0.0,2024-12-16T00:00:00+00:00,9951.747094011338
9951.747094011338,9951.747094011338,1.0027248555515067,9951.747094011338,0.0,0.0,0,0.0,0,-48.25290598866276,0.0,0.0,1734393600,0.0,2024-12-17T00:00:00+00:00,9951.747094011338
9951.747094011338,9951.747094011338,1.0027248555515067,9951.747094011338,0.0,0.0,0,0.0,0,-48.25290598866276,0.0,0.0,1734480000,0.0,2024-12-18T00:00:00+00:00,9951.747094011338
9951.747094011338,9951.747094011338,1.0027248555515067,9951.747094011338,0.0,0.0,0,0.0,0,-48.25290598866276,0.0,0.0,1734566400,0.0,2024-12-19T00:00:00+00:00,9951.747094011338
9951.747094011338,9951.747094011338,1.0027248555515067,9951.747094011338,0.0,0.0,0,0.0,0,-48.25290598866276,0.0,0.0,1734652800,0.0,2024-12-20T00:00:00+00:00,9951.747094011338
9951.747094011338,9951.747094011338,1.0027248555515067,9951.747094011338,0.0,0.0,0,0.0,0,-48.25290598866276,0.0,0.0,1734739200,0.0,2024-12-21T00:00:00+00:00,9951.747094011338
9951.747094011338,9951.747094011338,1.0027248555515067,9951.747094011338,0.0,0.0,0,0.0,0,-48.25290598866276,0.0,0.0,1734825600,0.0,2024-12-22T00:00:00+00:00,9951.747094011338
9951.747094011338,9951.747094011338,1.0027248555515067,9951.747094011338,0.0,0.0,0,0.0,0,-48.25290598866276,0.0,0.0,1734912000,0.0,2024-12-23T00:00:00+00:00,9951.747094011338
9951.747094011338,9951.747094011338,1.0027248555515067,9951.747094011338,0.0,0.0,0,0.0,0,-48.25290598866276,0.0,0.0,1734998400,0.0,2024-12-24T00:00:00+00:00,9951.747094011338
9951.747094011338,9951.747094011338,1.0027248555515067,9951.747094011338,0.0,0.0,0,0.0,0,-48.25290598866276,0.0,0.0,1735084800,0.0,2024-12-25T00:00:00+00:00,9951.747094011338
9951.747094011338,9951.747094011338,1.0027248555515067,9951.747094011338,0.0,0.0,0,0.0,0,-48.25290598866276,0.0,0.0,1735171200,0.0,2024-12-26T00:00:00+00:00,9951.747094011338
9951.747094011338,9951.747094011338,1.0027248555515067,9951.747094011338,0.0,0.0,0,0.0,0,-48.25290598866276,0.0,0.0,1735257600,0.0,2024-12-27T00:00:00+00:00,9951.747094011338
9951.747094011338,9951.747094011338,1.0027248555515067,9951.747094011338,0.0,0.0,0,0.0,0,-48.25290598866276,0.0,0.0,1735344000,0.0,2024-12-28T00:00:00+00:00,9951.747094011338
9951.747094011338,9951.747094011338,1.0027248555515067,9951.747094011338,0.0,0.0,0,0.0,0,-48.25290598866276,0.0,0.0,1735430400,0.0,2024-12-29T00:00:00+00:00,9951.747094011338
9951.747094011338,9951.747094011338,1.0027248555515067,9951.747094011338,0.0,0.0,0,0.0,0,-48.25290598866276,0.0,0.0,1735516800,0.0,2024-12-30T00:00:00+00:00,9951.747094011338
9951.747094011338,9951.747094011338,1.0027248555515067,9951.747094011338,0.0,0.0,0,0.0,0,-48.25290598866276,0.0,0.0,1735603200,0.0,2024-12-31T00:00:00+00:00,9951.747094011338
9951.747094011338,9951.747094011338,1.0027248555515067,9951.747094011338,0.0,0.0,0,0.0,0,-48.25290598866276,0.0,0.0,1735689600,0.0,2025-01-01T00:00:00+00:00,9951.747094011338
9951.747094011338,9951.747094011338,1.0027248555515067,9951.747094011338,0.0,0.0,0,0.0,0,-48.25290598866276,0.0,0.0,1735776000,0.0,2025-01-02T00:00:00+00:00,9951.747094011338
9951.747094011338,9951.747094011338,1.0027248555515067,9951.747094011338,0.0,0.0,0,0.0,0,-48.25290598866276,0.0,0.0,1735862400,0.0,2025-01-03T00:00:00+00:00,9951.747094011338
9951.747094011338,9951.747094011338,1.0027248555515067,9951.747094011338,0.0,0.0,0,0.0,0,-48.25290598866276,0.0,0.0,1735948800,0.0,2025-01-04T00:00:00+00:00,9951.747094011338
9951.747094011338,9951.747094011338,1.0027248555515067,9951.747094011338,0.0,0.0,0,0.0,0,-48.25290598866276,0.0,0.0,1736035200,0.0,2025-01-05T00:00:00+00:00,9951.747094011338
9951.747094011338,9951.747094011338,1.0027248555515067,9951.747094011338,0.0,0.0,0,0.0,0,-48.25290598866276,0.0,0.0,1736121600,0.0,2025-01-06T00:00:00+00:00,9951.747094011338
9951.747094011338,9951.747094011338,1.0027248555515067,9951.747094011338,0.0,0.0,0,0.0,0,-48.25290598866276,0.0,0.0,1736208000,0.0,2025-01-07T00:00:00+00:00,9951.747094011338
9951.747094011338,9951.747094011338,1.0027248555515067,9951.747094011338,0.0,0.0,0,0.0,0,-48.25290598866276,0.0,0.0,1736294400,0.0,2025-01-08T00:00:00+00:00,9951.747094011338
9951.747094011338,9951.747094011338,1.0027248555515067,9951.747094011338,0.0,0.0,0,0.0,0,-48.25290598866276,0.0,0.0,1736380800,0.0,2025-01-09T00:00:00+00:00,9951.747094011338
9951.747094011338,9951.747094011338,1.0027248555515067,9951.747094011338,0.0,0.0,0,0.0,0,-48.25290598866276,0.0,0.0,1736467200,0.0,2025-01-10T00:00:00+00:00,9951.747094011338
9951.747094011338,9951.747094011338,1.0027248555515067,9951.747094011338,0.0,0.0,0,0.0,0,-48.25290598866276,0.0,0.0,1736553600,0.0,2025-01-11T00:00:00+00:00,9951.747094011338
9951.747094011338,9951.747094011338,1.0027248555515067,9951.747094011338,0.0,0.0,0,0.0,0,-48.25290598866276,0.0,0.0,1736640000,0.0,2025-01-12T00:00:00+00:00,9951.747094011338
9951.747094011338,9951.747094011338,1.0027248555515067,9951.747094011338,0.0,0.0,0,0.0,0,-48.25290598866276,0.0,0.0,1736726400,0.0,2025-01-13T00:00:00+00:00,9951.747094011338
9951.747094011338,9951.747094011338,1.0027248555515067,9951.747094011338,0.0,0.0,0,0.0,0,-48.25290598866276,0.0,0.0,1736812800,0.0,2025-01-14T00:00:00+00:00,9951.747094011338
9951.747094011338,9951.747094011338,1.0027248555515067,9951.747094011338,0.0,0.0,0,0.0,0,-48.25290598866276,0.0,0.0,1736899200,0.0,2025-01-15T00:00:00+00:00,9951.747094011338
9951.747094011338,9951.747094011338,1.0027248555515067,9951.747094011338,0.0,0.0,0,0.0,0,-48.25290598866276,0.0,0.0,1736985600,0.0,2025-01-16T00:00:00+00:00,9951.747094011338
9951.747094011338,9951.747094011338,1.0027248555515067,9951.747094011338,0.0,0.0,0,0.0,0,-48.25290598866276,0.0,0.0,1737072000,0.0,2025-01-17T00:00:00+00:00,9951.747094011338
9951.747094011338,9951.747094011338,1.0027248555515067,9951.747094011338,0.0,0.0,0,0.0,0,-48.25290598866276,0.0,0.0,1737158400,0.0,2025-01-18T00:00:00+00:00,9951.747094011338
9951.747094011338,9951.747094011338,1.0027248555515067,9951.747094011338,0.0,0.0,0,0.0,0,-48.25290598866276,0.0,0.0,1737244800,0.0,2025-01-19T00:00:00+00:00,9951.747094011338
9951.747094011338,9951.747094011338,1.0027248555515067,9951.747094011338,0.0,0.0,0,0.0,0,-48.25290598866276,0.0,0.0,1737331200,0.0,2025-01-20T00:00:00+00:00,9951.747094011338
9951.747094011338,9951.747094011338,1.0027248555515067,9951.747094011338,0.0,0.0,0,0.0,0,-48.25290598866276,0.0,0.0,1737417600,0.0,2025-01-21T00:00:00+00:00,9951.747094011338
9951.747094011338,9951.747094011338,1.0027248555515067,9951.747094011338,0.0,0.0,0,0.0,0,-48.25290598866276,0.0,0.0,1737504000,0.0,2025-01-22T00:00:00+00:00,9951.747094011338
9951.747094011338,9951.747094011338,1.0027248555515067,9951.747094011338,0.0,0.0,0,0.0,0,-48.25290598866276,0.0,0.0,1737590400,0.0,2025-01-23T00:00:00+00:00,9951.747094011338
9951.747094011338,9951.747094011338,1.0027248555515067,9951.747094011338,0.0,0.0,0,0.0,0,-48.25290598866276,0.0,0.0,1737676800,0.0,2025-01-24T00:00:00+00:00,9951.747094011338
9951.747094011338,9951.747094011338,1.0027248555515067,9951.747094011338,0.0,0.0,0,0.0,0,-48.25290598866276,0.0,0.0,1737763200,0.0,2025-01-25T00:00:00+00:00,9951.747094011338
9951.747094011338,9951.747094011338,1.0027248555515067,9951.747094011338,0.0,0.0,0,0.0,0,-48.25290598866276,0.0,0.0,1737849600,0.0,2025-01-26T00:00:00+00:00,9951.747094011338
9951.747094011338,9951.747094011338,1.0027248555515067,9951.747094011338,0.0,0.0,0,0.0,0,-48.25290598866276,0.0,0.0,1737936000,0.0,2025-01-27T00:00:00+00:00,9951.747094011338
9951.747094011338,9951.747094011338,1.0027248555515067,9951.747094011338,0.0,0.0,0,0.0,0,-48.25290598866276,0.0,0.0,1738022400,0.0,2025-01-28T00:00:00+00:00,9951.747094011338
9951.747094011338,9951.747094011338,1.0027248555515067,9951.747094011338,0.0,0.0,0,0.0,0,-48.25290598866276,0.0,0.0,1738108800,0.0,2025-01-29T00:00:00+00:00,9951.747094011338
9951.747094011338,9951.747094011338,1.0027248555515067,9951.747094011338,0.0,0.0,0,0.0,0,-48.25290598866276,0.0,0.0,1738195200,0.0,2025-01-30T00:00:00+00:00,9951.747094011338
9951.747094011338,9951.747094011338,1.0027248555515067,9951.747094011338,0.0,0.0,0,0.0,0,-48.25290598866276,0.0,0.0,1738281600,0.0,2025-01-31T00:00:00+00:00,9951.747094011338
9951.747094011338,9951.747094011338,1.0027248555515067,9951.747094011338,0.0,0.0,0,0.0,0,-48.25290598866276,0.0,0.0,1738368000,0.0,2025-02-01T00:00:00+00:00,9951.747094011338
9951.747094011338,9951.747094011338,1.0027248555515067,9951.747094011338,0.0,0.0,0,0.0,0,-48.25290598866276,0.0,0.0,1738454400,0.0,2025-02-02T00:00:00+00:00,9951.747094011338
9951.747094011338,9951.747094011338,1.0027248555515067,9951.747094011338,0.0,0.0,0,0.0,0,-48.25290598866276,0.0,0.0,1738540800,0.0,2025-02-03T00:00:00+00:00,9951.747094011338
9951.747094011338,9951.747094011338,1.0027248555515067,9951.747094011338,0.0,0.0,0,0.0,0,-48.25290598866276,0.0,0.0,1738627200,0.0,2025-02-04T00:00:00+00:00,9951.747094011338
9951.747094011338,9951.747094011338,1.0027248555515067,9951.747094011338,0.0,0.0,0,0.0,0,-48.25290598866276,0.0,0.0,1738713600,0.0,2025-02-05T00:00:00+00:00,9951.747094011338
9951.747094011338,9951.747094011338,1.0027248555515067,9951.747094011338,0.0,0.0,0,0.0,0,-48.25290598866276,0.0,0.0,1738800000,0.0,2025-02-06T00:00:00+00:00,9951.747094011338
9951.747094011338,9951.747094011338,1.0027248555515067,9951.747094011338,0.0,0.0,0,0.0,0,-48.25290598866276,0.0,0.0,1738886400,0.0,2025-02-07T00:00:00+00:00,9951.747094011338
9951.747094011338,9951.747094011338,1.0027248555515067,9951.747094011338,0.0,0.0,0,0.0,0,-48.25290598866276,0.0,0.0,1738972800,0.0,2025-02-08T00:00:00+00:00,9951.747094011338
9951.747094011338,9951.747094011338,1.0027248555515067,9951.747094011338,0.0,0.0,0,0.0,0,-48.25290598866276,0.0,0.0,1739059200,0.0,2025-02-09T00:00:00+00:00,9951.747094011338
9951.747094011338,9951.747094011338,1.0027248555515067,9951.747094011338,0.0,0.0,0,0.0,0,-48.25290598866276,0.0,0.0,1739145600,0.0,2025-02-10T00:00:00+00:00,9951.747094011338
9951.747094011338,9951.747094011338,1.0027248555515067,9951.747094011338,0.0,0.0,0,0.0,0,-48.25290598866276,0.0,0.0,1739232000,0.0,2025-02-11T00:00:00+00:00,9951.747094011338
9951.747094011338,9951.747094011338,1.0027248555515067,9951.747094011338,0.0,0.0,0,0.0,0,-48.25290598866276,0.0,0.0,1739318400,0.0,2025-02-12T00:00:00+00:00,9951.747094011338
9951.747094011338,9951.747094011338,1.0027248555515067,9951.747094011338,0.0,0.0,0,0.0,0,-48.25290598866276,0.0,0.0,1739404800,0.0,2025-02-13T00:00:00+00:00,9951.747094011338
9951.747094011338,9951.747094011338,1.0027248555515067,9951.747094011338,0.0,0.0,0,0.0,0,-48.25290598866276,0.0,0.0,1739491200,0.0,2025-02-14T00:00:00+00:00,9951.747094011338
9951.747094011338,9951.747094011338,1.0027248555515067,9951.747094011338,0.0,0.0,0,0.0,0,-48.25290598866276,0.0,0.0,1739577600,0.0,2025-02-15T00:00:00+00:00,9951.747094011338
9951.747094011338,9951.747094011338,1.0027248555515067,9951.747094011338,0.0,0.0,0,0.0,0,-48.25290598866276,0.0,0.0,1739664000,0.0,2025-02-16T00:00:00+00:00,9951.747094011338
9951.747094011338,9951.747094011338,1.0027248555515067,9951.747094011338,0.0,0.0,0,0.0,0,-48.25290598866276,0.0,0.0,1739750400,0.0,2025-02-17T00:00:00+00:00,9951.747094011338
9951.747094011338,9951.747094011338,1.0027248555515067,9951.747094011338,0.0,0.0,0,0.0,0,-48.25290598866276,0.0,0.0,1739836800,0.0,2025-02-18T00:00:00+00:00,9951.747094011338
9951.747094011338,9951.747094011338,1.0027248555515067,9951.747094011338,0.0,0.0,0,0.0,0,-48.25290598866276,0.0,0.0,1739923200,0.0,2025-02-19T00:00:00+00:00,9951.747094011338
9951.747094011338,9951.747094011338,1.0027248555515067,9951.747094011338,0.0,0.0,0,0.0,0,-48.25290598866276,0.0,0.0,1740009600,0.0,2025-02-20T00:00:00+00:00,9951.747094011338
9951.747094011338,9951.747094011338,1.0027248555515067,9951.747094011338,0.0,0.0,0,0.0,0,-48.25290598866276,0.0,0.0,1740096000,0.0,2025-02-21T00:00:00+00:00,9951.747094011338
9951.747094011338,9951.747094011338,1.0027248555515067,9951.747094011338,0.0,0.0,0,0.0,0,-48.25290598866276,0.0,0.0,1740182400,0.0,2025-02-22T00:00:00+00:00,9951.747094011338
9951.747094011338,9951.747094011338,1.0027248555515067,9951.747094011338,0.0,0.0,0,0.0,0,-48.25290598866276,0.0,0.0,1740268800,0.0,2025-02-23T00:00:00+00:00,9951.747094011338
9951.747094011338,9951.747094011338,1.0027248555515067,9951.747094011338,0.0,0.0,0,0.0,0,-48.25290598866276,0.0,0.0,1740355200,0.0,2025-02-24T00:00:00+00:00,9951.747094011338
9951.747094011338,9951.747094011338,1.0027248555515067,9951.747094011338,0.0,0.0,0,0.0,0,-48.25290598866276,0.0,0.0,1740441600,0.0,2025-02-25T00:00:00+00:00,9951.747094011338
9951.747094011338,9951.747094011338,1.0027248555515067,9951.747094011338,0.0,0.0,0,0.0,0,-48.25290598866276,0.0,0.0,1740528000,0.0,2025-02-26T00:00:00+00:00,9951.747094011338
9951.747094011338,9951.747094011338,1.0027248555515067,9951.747094011338,0.0,0.0,0,0.0,0,-48.25290598866276,0.0,0.0,1740614400,0.0,2025-02-27T00:00:00+00:00,9951.747094011338
9951.747094011338,9951.747094011338,1.0027248555515067,9951.747094011338,0.0,0.0,0,0.0,0,-48.25290598866276,0.0,0.0,1740700800,0.0,2025-02-28T00:00:00+00:00,9951.747094011338
9951.747094011338,9951.747094011338,1.0027248555515067,9951.747094011338,0.0,0.0,0,0.0,0,-48.25290598866276,0.0,0.0,1740787200,0.0,2025-03-01T00:00:00+00:00,9951.747094011338
9951.747094011338,9951.747094011338,1.0027248555515067,9951.747094011338,0.0,0.0,0,0.0,0,-48.25290598866276,0.0,0.0,1740873600,0.0,2025-03-02T00:00:00+00:00,9951.747094011338
9951.747094011338,9951.747094011338,1.0027248555515067,9951.747094011338,0.0,0.0,0,0.0,0,-48.25290598866276,0.0,0.0,1740960000,0.0,2025-03-03T00:00:00+00:00,9951.747094011338
9951.747094011338,9951.747094011338,1.0027248555515067,9951.747094011338,0.0,0.0,0,0.0,0,-48.25290598866276,0.0,0.0,1741046400,0.0,2025-03-04T00:00:00+00:00,9951.747094011338
9951.747094011338,9951.747094011338,1.0027248555515067,9951.747094011338,0.0,0.0,0,0.0,0,-48.25290598866276,0.0,0.0,1741132800,0.0,2025-03-05T00:00:00+00:00,9951.747094011338
9951.747094011338,9951.747094011338,1.0027248555515067,9951.747094011338,0.0,0.0,0,0.0,0,-48.25290598866276,0.0,0.0,1741219200,0.0,2025-03-06T00:00:00+00:00,9951.747094011338
9951.747094011338,9951.747094011338,1.0027248555515067,9951.747094011338,0.0,0.0,0,0.0,0,-48.25290598866276,0.0,0.0,1741305600,0.0,2025-03-07T00:00:00+00:00,9951.747094011338
9951.747094011338,9951.747094011338,1.0027248555515067,9951.747094011338,0.0,0.0,0,0.0,0,-48.25290598866276,0.0,0.0,1741392000,0.0,2025-03-08T00:00:00+00:00,9951.747094011338
9951.747094011338,9951.747094011338,1.0027248555515067,9951.747094011338,0.0,0.0,0,0.0,0,-48.25290598866276,0.0,0.0,1741478400,0.0,2025-03-09T00:00:00+00:00,9951.747094011338
9951.747094011338,9951.747094011338,1.0027248555515067,9951.747094011338,0.0,0.0,0,0.0,0,-48.25290598866276,0.0,0.0,1741564800,0.0,2025-03-10T00:00:00+00:00,9951.747094011338
9951.747094011338,9951.747094011338,1.0027248555515067,9951.747094011338,0.0,0.0,0,0.0,0,-48.25290598866276,0.0,0.0,1741651200,0.0,2025-03-11T00:00:00+00:00,9951.747094011338
9951.747094011338,9951.747094011338,1.0027248555515067,9951.747094011338,0.0,0.0,0,0.0,0,-48.25290598866276,0.0,0.0,1741737600,0.0,2025-03-12T00:00:00+00:00,9951.747094011338
9951.747094011338,9951.747094011338,1.0027248555515067,9951.747094011338,0.0,0.0,0,0.0,0,-48.25290598866276,0.0,0.0,1741824000,0.0,2025-03-13T00:00:00+00:00,9951.747094011338
9951.747094011338,9951.747094011338,1.0027248555515067,9951.747094011338,0.0,0.0,0,0.0,0,-48.25290598866276,0.0,0.0,1741910400,0.0,2025-03-14T00:00:00+00:00,9951.747094011338
9951.747094011338,9951.747094011338,1.0027248555515067,9951.747094011338,0.0,0.0,0,0.0,0,-48.25290598866276,0.0,0.0,1741996800,0.0,2025-03-15T00:00:00+00:00,9951.747094011338
9951.747094011338,9951.747094011338,1.0027248555515067,9951.747094011338,0.0,0.0,0,0.0,0,-48.25290598866276,0.0,0.0,1742083200,0.0,2025-03-16T00:00:00+00:00,9951.747094011338
9951.747094011338,9951.747094011338,1.0027248555515067,9951.747094011338,0.0,0.0,0,0.0,0,-48.25290598866276,0.0,0.0,1742169600,0.0,2025-03-17T00:00:00+00:00,9951.747094011338
9951.747094011338,9951.747094011338,1.0027248555515067,9951.747094011338,0.0,0.0,0,0.0,0,-48.25290598866276,0.0,0.0,1742256000,0.0,2025-03-18T00:00:00+00:00,9951.747094011338
9951.747094011338,9951.747094011338,1.0027248555515067,9951.747094011338,0.0,0.0,0,0.0,0,-48.25290598866276,0.0,0.0,1742342400,0.0,2025-03-19T00:00:00+00:00,9951.747094011338
9951.747094011338,9951.747094011338,1.0027248555515067,9951.747094011338,0.0,0.0,0,0.0,0,-48.25290598866276,0.0,0.0,1742428800,0.0,2025-03-20T00:00:00+00:00,9951.747094011338
9951.747094011338,9951.747094011338,1.0027248555515067,9951.747094011338,0.0,0.0,0,0.0,0,-48.25290598866276,0.0,0.0,1742515200,0.0,2025-03-21T00:00:00+00:00,9951.747094011338
9951.747094011338,9951.747094011338,1.0027248555515067,9951.747094011338,0.0,0.0,0,0.0,0,-48.25290598866276,0.0,0.0,1742601600,0.0,2025-03-22T00:00:00+00:00,9951.747094011338
9951.747094011338,9951.747094011338,1.0027248555515067,9951.747094011338,0.0,0.0,0,0.0,0,-48.25290598866276,0.0,0.0,1742688000,0.0,2025-03-23T00:00:00+00:00,9951.747094011338
9951.747094011338,9951.747094011338,1.0027248555515067,9951.747094011338,0.0,0.0,0,0.0,0,-48.25290598866276,0.0,0.0,1742774400,0.0,2025-03-24T00:00:00+00:00,9951.747094011338
9951.747094011338,9951.747094011338,1.0027248555515067,9951.747094011338,0.0,0.0,0,0.0,0,-48.25290598866276,0.0,0.0,1742860800,0.0,2025-03-25T00:00:00+00:00,9951.747094011338
9951.747094011338,9951.747094011338,1.0027248555515067,9951.747094011338,0.0,0.0,0,0.0,0,-48.25290598866276,0.0,0.0,1742947200,0.0,2025-03-26T00:00:00+00:00,9951.747094011338
9951.747094011338,9951.747094011338,1.0027248555515067,9951.747094011338,0.0,0.0,0,0.0,0,-48.25290598866276,0.0,0.0,1743033600,0.0,2025-03-27T00:00:00+00:00,9951.747094011338
9951.747094011338,9951.747094011338,1.0027248555515067,9951.747094011338,0.0,0.0,0,0.0,0,-48.25290598866276,0.0,0.0,1743120000,0.0,2025-03-28T00:00:00+00:00,9951.747094011338
9951.747094011338,9951.747094011338,1.0027248555515067,9951.747094011338,0.0,0.0,0,0.0,0,-48.25290598866276,0.0,0.0,1743206400,0.0,2025-03-29T00:00:00+00:00,9951.747094011338
9951.747094011338,9951.747094011338,1.0027248555515067,9951.747094011338,0.0,0.0,0,0.0,0,-48.25290598866276,0.0,0.0,1743292800,0.0,2025-03-30T00:00:00+00:00,9951.747094011338
9951.747094011338,9951.747094011338,1.0027248555515067,9951.747094011338,0.0,0.0,0,0.0,0,-48.25290598866276,0.0,0.0,1743379200,0.0,2025-03-31T00:00:00+00:00,9951.747094011338
9951.747094011338,9951.747094011338,1.0027248555515067,9951.747094011338,0.0,0.0,0,0.0,0,-48.25290598866276,0.0,0.0,1743465600,0.0,2025-04-01T00:00:00+00:00,9951.747094011338
9951.747094011338,9951.747094011338,1.0027248555515067,9951.747094011338,0.0,0.0,0,0.0,0,-48.25290598866276,0.0,0.0,1743552000,0.0,2025-04-02T00:00:00+00:00,9951.747094011338
9951.747094011338,9951.747094011338,1.0027248555515067,9951.747094011338,0.0,0.0,0,0.0,0,-48.25290598866276,0.0,0.0,1743638400,0.0,2025-04-03T00:00:00+00:00,9951.747094011338
9951.747094011338,9951.747094011338,1.0027248555515067,9951.747094011338,0.0,0.0,0,0.0,0,-48.25290598866276,0.0,0.0,1743724800,0.0,2025-04-04T00:00:00+00:00,9951.747094011338
9951.747094011338,9951.747094011338,1.0027248555515067,9951.747094011338,0.0,0.0,0,0.0,0,-48.25290598866276,0.0,0.0,1743811200,0.0,2025-04-05T00:00:00+00:00,9951.747094011338
9951.747094011338,9951.747094011338,1.0027248555515067,9951.747094011338,0.0,0.0,0,0.0,0,-48.25290598866276,0.0,0.0,1743897600,0.0,2025-04-06T00:00:00+00:00,9951.747094011338
9951.747094011338,9951.747094011338,1.0027248555515067,9951.747094011338,0.0,0.0,0,0.0,0,-48.25290598866276,0.0,0.0,1743984000,0.0,2025-04-07T00:00:00+00:00,9951.747094011338
9951.747094011338,9951.747094011338,1.0027248555515067,9951.747094011338,0.0,0.0,0,0.0,0,-48.25290598866276,0.0,0.0,1744070400,0.0,2025-04-08T00:00:00+00:00,9951.747094011338
9951.747094011338,9951.747094011338,1.0027248555515067,9951.747094011338,0.0,0.0,0,0.0,0,-48.25290598866276,0.0,0.0,1744156800,0.0,2025-04-09T00:00:00+00:00,9951.747094011338
9951.747094011338,9951.747094011338,1.0027248555515067,9951.747094011338,0.0,0.0,0,0.0,0,-48.25290598866276,0.0,0.0,1744243200,0.0,2025-04-10T00:00:00+00:00,9951.747094011338
9951.747094011338,9951.747094011338,1.0027248555515067,9951.747094011338,0.0,0.0,0,0.0,0,-48.25290598866276,0.0,0.0,1744329600,0.0,2025-04-11T00:00:00+00:00,9951.747094011338
9951.747094011338,9951.747094011338,1.0027248555515067,9951.747094011338,0.0,0.0,0,0.0,0,-48.25290598866276,0.0,0.0,1744416000,0.0,2025-04-12T00:00:00+00:00,9951.747094011338
9951.747094011338,9951.747094011338,1.0027248555515067,9951.747094011338,0.0,0.0,0,0.0,0,-48.25290598866276,0.0,0.0,1744502400,0.0,2025-04-13T00:00:00+00:00,9951.747094011338
9951.747094011338,9951.747094011338,1.0027248555515067,9951.747094011338,0.0,0.0,0,0.0,0,-48.25290598866276,0.0,0.0,1744588800,0.0,2025-04-14T00:00:00+00:00,9951.747094011338
9951.747094011338,9951.747094011338,1.0027248555515067,9951.747094011338,0.0,0.0,0,0.0,0,-48.25290598866276,0.0,0.0,1744675200,0.0,2025-04-15T00:00:00+00:00,9951.747094011338
9951.747094011338,9951.747094011338,1.0027248555515067,9951.747094011338,0.0,0.0,0,0.0,0,-48.25290598866276,0.0,0.0,1744761600,0.0,2025-04-16T00:00:00+00:00,9951.747094011338
9951.747094011338,9951.747094011338,1.0027248555515067,9951.747094011338,0.0,0.0,0,0.0,0,-48.25290598866276,0.0,0.0,1744848000,0.0,2025-04-17T00:00:00+00:00,9951.747094011338
9951.747094011338,9951.747094011338,1.0027248555515067,9951.747094011338,0.0,0.0,0,0.0,0,-48.25290598866276,0.0,0.0,1744934400,0.0,2025-04-18T00:00:00+00:00,9951.747094011338
9951.747094011338,9951.747094011338,1.0027248555515067,9951.747094011338,0.0,0.0,0,0.0,0,-48.25290598866276,0.0,0.0,1745020800,0.0,2025-04-19T00:00:00+00:00,9951.747094011338
9951.747094011338,9951.747094011338,1.0027248555515067,9951.747094011338,0.0,0.0,0,0.0,0,-48.25290598866276,0.0,0.0,1745107200,0.0,2025-04-20T00:00:00+00:00,9951.747094011338
9951.747094011338,9951.747094011338,1.0027248555515067,9951.747094011338,0.0,0.0,0,0.0,0,-48.25290598866276,0.0,0.0,1745193600,0.0,2025-04-21T00:00:00+00:00,9951.747094011338
9951.747094011338,9951.747094011338,1.0027248555515067,9951.747094011338,0.0,0.0,0,0.0,0,-48.25290598866276,0.0,0.0,1745280000,0.0,2025-04-22T00:00:00+00:00,9951.747094011338
9951.747094011338,9951.747094011338,1.0027248555515067,9951.747094011338,0.0,0.0,0,0.0,0,-48.25290598866276,0.0,0.0,1745366400,0.0,2025-04-23T00:00:00+00:00,9951.747094011338
9951.747094011338,9951.747094011338,1.0027248555515067,9951.747094011338,0.0,0.0,0,0.0,0,-48.25290598866276,0.0,0.0,1745452800,0.0,2025-04-24T00:00:00+00:00,9951.747094011338
9951.747094011338,9951.747094011338,1.0027248555515067,9951.747094011338,0.0,0.0,0,0.0,0,-48.25290598866276,0.0,0.0,1745539200,0.0,2025-04-25T00:00:00+00:00,9951.747094011338
9951.747094011338,9951.747094011338,1.0027248555515067,9951.747094011338,0.0,0.0,0,0.0,0,-48.25290598866276,0.0,0.0,1745625600,0.0,2025-04-26T00:00:00+00:00,9951.747094011338
9951.747094011338,9951.747094011338,1.0027248555515067,9951.747094011338,0.0,0.0,0,0.0,0,-48.25290598866276,0.0,0.0,1745712000,0.0,2025-04-27T00:00:00+00:00,9951.747094011338
9951.747094011338,9951.747094011338,1.0027248555515067,9951.747094011338,0.0,0.0,0,0.0,0,-48.25290598866276,0.0,0.0,1745798400,0.0,2025-04-28T00:00:00+00:00,9951.747094011338
9951.747094011338,9951.747094011338,1.0027248555515067,9951.747094011338,0.0,0.0,0,0.0,0,-48.25290598866276,0.0,0.0,1745884800,0.0,2025-04-29T00:00:00+00:00,9951.747094011338
9951.747094011338,9951.747094011338,1.0027248555515067,9951.747094011338,0.0,0.0,0,0.0,0,-48.25290598866276,0.0,0.0,1745971200,0.0,2025-04-30T00:00:00+00:00,9951.747094011338
9951.747094011338,9951.747094011338,1.0027248555515067,9951.747094011338,0.0,0.0,0,0.0,0,-48.25290598866276,0.0,0.0,1746057600,0.0,2025-05-01T00:00:00+00:00,9951.747094011338
9951.747094011338,9951.747094011338,1.0027248555515067,9951.747094011338,0.0,0.0,0,0.0,0,-48.25290598866276,0.0,0.0,1746144000,0.0,2025-05-02T00:00:00+00:00,9951.747094011338
9951.747094011338,9951.747094011338,1.0027248555515067,9951.747094011338,0.0,0.0,0,0.0,0,-48.25290598866276,0.0,0.0,1746230400,0.0,2025-05-03T00:00:00+00:00,9951.747094011338
9951.747094011338,9951.747094011338,1.0027248555515067,9951.747094011338,0.0,0.0,0,0.0,0,-48.25290598866276,0.0,0.0,1746316800,0.0,2025-05-04T00:00:00+00:00,9951.747094011338
9951.747094011338,9951.747094011338,1.0027248555515067,9951.747094011338,0.0,0.0,0,0.0,0,-48.25290598866276,0.0,0.0,1746403200,0.0,2025-05-05T00:00:00+00:00,9951.747094011338
9951.747094011338,9951.747094011338,1.0027248555515067,9951.747094011338,0.0,0.0,0,0.0,0,-48.25290598866276,0.0,0.0,1746489600,0.0,2025-05-06T00:00:00+00:00,9951.747094011338
9951.747094011338,9951.747094011338,1.0027248555515067,9951.747094011338,0.0,0.0,0,0.0,0,-48.25290598866276,0.0,0.0,1746576000,0.0,2025-05-07T00:00:00+00:00,9951.747094011338
9951.747094011338,9951.747094011338,1.0027248555515067,9951.747094011338,0.0,0.0,0,0.0,0,-48.25290598866276,0.0,0.0,1746662400,0.0,2025-05-08T00:00:00+00:00,9951.747094011338
9951.747094011338,9951.747094011338,1.0027248555515067,9951.747094011338,0.0,0.0,0,0.0,0,-48.25290598866276,0.0,0.0,1746748800,0.0,2025-05-09T00:00:00+00:00,9951.747094011338
9951.747094011338,9951.747094011338,1.0027248555515067,9951.747094011338,0.0,0.0,0,0.0,0,-48.25290598866276,0.0,0.0,1746835200,0.0,2025-05-10T00:00:00+00:00,9951.747094011338
9951.747094011338,9951.747094011338,1.0027248555515067,9951.747094011338,0.0,0.0,0,0.0,0,-48.25290598866276,0.0,0.0,1746921600,0.0,2025-05-11T00:00:00+00:00,9951.747094011338
9951.747094011338,9951.747094011338,1.0027248555515067,9951.747094011338,0.0,0.0,0,0.0,0,-48.25290598866276,0.0,0.0,1747008000,0.0,2025-05-12T00:00:00+00:00,9951.747094011338
9951.747094011338,9951.747094011338,1.0027248555515067,9951.747094011338,0.0,0.0,0,0.0,0,-48.25290598866276,0.0,0.0,1747094400,0.0,2025-05-13T00:00:00+00:00,9951.747094011338
9951.747094011338,9951.747094011338,1.0027248555515067,9951.747094011338,0.0,0.0,0,0.0,0,-48.25290598866276,0.0,0.0,1747180800,0.0,2025-05-14T00:00:00+00:00,9951.747094011338
9951.747094011338,9951.747094011338,1.0027248555515067,9951.747094011338,0.0,0.0,0,0.0,0,-48.25290598866276,0.0,0.0,1747267200,0.0,2025-05-15T00:00:00+00:00,9951.747094011338
9890.461470775701,9951.747094011338,1.0027248555515067,9951.747094011338,0.0,0.0,0,0.0,2,-48.25290598866276,0.0,61.28562323563761,1747353600,0.0,2025-05-16T00:00:00+00:00,9951.747094011338
9914.824298032245,9914.9928043641,1.1246997560314442,9939.485510451363,275.1632824,27.852286256970615,1,27.852286256970615,0,-57.15490937893128,0.16850633185467223,0.0,1747440000,-3.3595801697061654,2025-05-17T00:00:00+00:00,9942.84509062107
9930.731599173752,9930.731599173752,1.2117812860535593,9930.731599173752,0.0,0.0,0,0.0,0,-69.26840082624778,0.0,0.0,1747526400,0.0,2025-05-18T00:00:00+00:00,9930.731599173752
9930.731599173752,9930.731599173752,1.2117812860535593,9930.731599173752,0.0,0.0,0,0.0,0,-69.26840082624778,0.0,0.0,1747612800,0.0,2025-05-19T00:00:00+00:00,9930.731599173752
9930.731599173752,9930.731599173752,1.2117812860535593,9930.731599173752,0.0,0.0,0,0.0,0,-69.26840082624778,0.0,0.0,1747699200,0.0,2025-05-20T00:00:00+00:00,9930.731599173752
9930.731599173752,9930.731599173752,1.2117812860535593,9930.731599173752,0.0,0.0,0,0.0,0,-69.26840082624778,0.0,0.0,1747785600,0.0,2025-05-21T00:00:00+00:00,9930.731599173752
9930.731599173752,9930.731599173752,1.2117812860535593,9930.731599173752,0.0,0.0,0,0.0,0,-69.26840082624778,0.0,0.0,1747872000,0.0,2025-05-22T00:00:00+00:00,9930.731599173752
9930.731599173752,9930.731599173752,1.2117812860535593,9930.731599173752,0.0,0.0,0,0.0,0,-69.26840082624778,0.0,0.0,1747958400,0.0,2025-05-23T00:00:00+00:00,9930.731599173752
9930.731599173752,9930.731599173752,1.2117812860535593,9930.731599173752,0.0,0.0,0,0.0,0,-69.26840082624778,0.0,0.0,1748044800,0.0,2025-05-24T00:00:00+00:00,9930.731599173752
9930.731599173752,9930.731599173752,1.2117812860535593,9930.731599173752,0.0,0.0,0,0.0,0,-69.26840082624778,0.0,0.0,1748131200,0.0,2025-05-25T00:00:00+00:00,9930.731599173752
9930.731599173752,9930.731599173752,1.2117812860535593,9930.731599173752,0.0,0.0,0,0.0,0,-69.26840082624778,0.0,0.0,1748217600,0.0,2025-05-26T00:00:00+00:00,9930.731599173752
9930.731599173752,9930.731599173752,1.2117812860535593,9930.731599173752,0.0,0.0,0,0.0,0,-69.26840082624778,0.0,0.0,1748304000,0.0,2025-05-27T00:00:00+00:00,9930.731599173752
9930.731599173752,9930.731599173752,1.2117812860535593,9930.731599173752,0.0,0.0,0,0.0,0,-69.26840082624778,0.0,0.0,1748390400,0.0,2025-05-28T00:00:00+00:00,9930.731599173752
9930.731599173752,9930.731599173752,1.2117812860535593,9930.731599173752,0.0,0.0,0,0.0,0,-69.26840082624778,0.0,0.0,1748476800,0.0,2025-05-29T00:00:00+00:00,9930.731599173752
9930.731599173752,9930.731599173752,1.2117812860535593,9930.731599173752,0.0,0.0,0,0.0,0,-69.26840082624778,0.0,0.0,1748563200,0.0,2025-05-30T00:00:00+00:00,9930.731599173752
9930.731599173752,9930.731599173752,1.2117812860535593,9930.731599173752,0.0,0.0,0,0.0,0,-69.26840082624778,0.0,0.0,1748649600,0.0,2025-05-31T00:00:00+00:00,9930.731599173752
9930.731599173752,9930.731599173752,1.2117812860535593,9930.731599173752,0.0,0.0,0,0.0,0,-69.26840082624778,0.0,0.0,1748736000,0.0,2025-06-01T00:00:00+00:00,9930.731599173752
9930.731599173752,9930.731599173752,1.2117812860535593,9930.731599173752,0.0,0.0,0,0.0,0,-69.26840082624778,0.0,0.0,1748822400,0.0,2025-06-02T00:00:00+00:00,9930.731599173752
9930.731599173752,9930.731599173752,1.2117812860535593,9930.731599173752,0.0,0.0,0,0.0,0,-69.26840082624778,0.0,0.0,1748908800,0.0,2025-06-03T00:00:00+00:00,9930.731599173752
9930.731599173752,9930.731599173752,1.2117812860535593,9930.731599173752,0.0,0.0,0,0.0,0,-69.26840082624778,0.0,0.0,1748995200,0.0,2025-06-04T00:00:00+00:00,9930.731599173752
9930.731599173752,9930.731599173752,1.2117812860535593,9930.731599173752,0.0,0.0,0,0.0,0,-69.26840082624778,0.0,0.0,1749081600,0.0,2025-06-05T00:00:00+00:00,9930.731599173752
9930.731599173752,9930.731599173752,1.2117812860535593,9930.731599173752,0.0,0.0,0,0.0,0,-69.26840082624778,0.0,0.0,1749168000,0.0,2025-06-06T00:00:00+00:00,9930.731599173752
9930.731599173752,9930.731599173752,1.2117812860535593,9930.731599173752,0.0,0.0,0,0.0,0,-69.26840082624778,0.0,0.0,1749254400,0.0,2025-06-07T00:00:00+00:00,9930.731599173752
9930.731599173752,9930.731599173752,1.2117812860535593,9930.731599173752,0.0,0.0,0,0.0,0,-69.26840082624778,0.0,0.0,1749340800,0.0,2025-06-08T00:00:00+00:00,9930.731599173752
9930.731599173752,9930.731599173752,1.2117812860535593,9930.731599173752,0.0,0.0,0,0.0,0,-69.26840082624778,0.0,0.0,1749427200,0.0,2025-06-09T00:00:00+00:00,9930.731599173752
9930.731599173752,9930.731599173752,1.2117812860535593,9930.731599173752,0.0,0.0,0,0.0,0,-69.26840082624778,0.0,0.0,1749513600,0.0,2025-06-10T00:00:00+00:00,9930.731599173752
9930.731599173752,9930.731599173752,1.2117812860535593,9930.731599173752,0.0,0.0,0,0.0,0,-69.26840082624778,0.0,0.0,1749600000,0.0,2025-06-11T00:00:00+00:00,9930.731599173752
9930.731599173752,9930.731599173752,1.2117812860535593,9930.731599173752,0.0,0.0,0,0.0,0,-69.26840082624778,0.0,0.0,1749686400,0.0,2025-06-12T00:00:00+00:00,9930.731599173752
9930.731599173752,9930.731599173752,1.2117812860535593,9930.731599173752,0.0,0.0,0,0.0,0,-69.26840082624778,0.0,0.0,1749772800,0.0,2025-06-13T00:00:00+00:00,9930.731599173752
9930.731599173752,9930.731599173752,1.2117812860535593,9930.731599173752,0.0,0.0,0,0.0,0,-69.26840082624778,0.0,0.0,1749859200,0.0,2025-06-14T00:00:00+00:00,9930.731599173752
9930.731599173752,9930.731599173752,1.2117812860535593,9930.731599173752,0.0,0.0,0,0.0,0,-69.26840082624778,0.0,0.0,1749945600,0.0,2025-06-15T00:00:00+00:00,9930.731599173752
9930.731599173752,9930.731599173752,1.2117812860535593,9930.731599173752,0.0,0.0,0,0.0,0,-69.26840082624778,0.0,0.0,1750032000,0.0,2025-06-16T00:00:00+00:00,9930.731599173752
9930.731599173752,9930.731599173752,1.2117812860535593,9930.731599173752,0.0,0.0,0,0.0,0,-69.26840082624778,0.0,0.0,1750118400,0.0,2025-06-17T00:00:00+00:00,9930.731599173752
9930.731599173752,9930.731599173752,1.2117812860535593,9930.731599173752,0.0,0.0,0,0.0,0,-69.26840082624778,0.0,0.0,1750204800,0.0,2025-06-18T00:00:00+00:00,9930.731599173752
9930.731599173752,9930.731599173752,1.2117812860535593,9930.731599173752,0.0,0.0,0,0.0,0,-69.26840082624778,0.0,0.0,1750291200,0.0,2025-06-19T00:00:00+00:00,9930.731599173752
9930.731599173752,9930.731599173752,1.2117812860535593,9930.731599173752,0.0,0.0,0,0.0,0,-69.26840082624778,0.0,0.0,1750377600,0.0,2025-06-20T00:00:00+00:00,9930.731599173752
9930.731599173752,9930.731599173752,1.2117812860535593,9930.731599173752,0.0,0.0,0,0.0,0,-69.26840082624778,0.0,0.0,1750464000,0.0,2025-06-21T00:00:00+00:00,9930.731599173752
9930.731599173752,9930.731599173752,1.2117812860535593,9930.731599173752,0.0,0.0,0,0.0,0,-69.26840082624778,0.0,0.0,1750550400,0.0,2025-06-22T00:00:00+00:00,9930.731599173752
9930.731599173752,9930.731599173752,1.2117812860535593,9930.731599173752,0.0,0.0,0,0.0,0,-69.26840082624778,0.0,0.0,1750636800,0.0,2025-06-23T00:00:00+00:00,9930.731599173752
9930.731599173752,9930.731599173752,1.2117812860535593,9930.731599173752,0.0,0.0,0,0.0,0,-69.26840082624778,0.0,0.0,1750723200,0.0,2025-06-24T00:00:00+00:00,9930.731599173752
9930.731599173752,9930.731599173752,1.2117812860535593,9930.731599173752,0.0,0.0,0,0.0,0,-69.26840082624778,0.0,0.0,1750809600,0.0,2025-06-25T00:00:00+00:00,9930.731599173752
9930.731599173752,9930.731599173752,1.2117812860535593,9930.731599173752,0.0,0.0,0,0.0,0,-69.26840082624778,0.0,0.0,1750896000,0.0,2025-06-26T00:00:00+00:00,9930.731599173752
9930.731599173752,9930.731599173752,1.2117812860535593,9930.731599173752,0.0,0.0,0,0.0,0,-69.26840082624778,0.0,0.0,1750982400,0.0,2025-06-27T00:00:00+00:00,9930.731599173752
9930.731599173752,9930.731599173752,1.2117812860535593,9930.731599173752,0.0,0.0,0,0.0,0,-69.26840082624778,0.0,0.0,1751068800,0.0,2025-06-28T00:00:00+00:00,9930.731599173752
9930.731599173752,9930.731599173752,1.2117812860535593,9930.731599173752,0.0,0.0,0,0.0,0,-69.26840082624778,0.0,0.0,1751155200,0.0,2025-06-29T00:00:00+00:00,9930.731599173752
9930.731599173752,9930.731599173752,1.2117812860535593,9930.731599173752,0.0,0.0,0,0.0,0,-69.26840082624778,0.0,0.0,1751241600,0.0,2025-06-30T00:00:00+00:00,9930.731599173752
9930.731599173752,9930.731599173752,1.2117812860535593,9930.731599173752,0.0,0.0,0,0.0,0,-69.26840082624778,0.0,0.0,1751328000,0.0,2025-07-01T00:00:00+00:00,9930.731599173752
9930.731599173752,9930.731599173752,1.2117812860535593,9930.731599173752,0.0,0.0,0,0.0,0,-69.26840082624778,0.0,0.0,1751414400,0.0,2025-07-02T00:00:00+00:00,9930.731599173752
9930.731599173752,9930.731599173752,1.2117812860535593,9930.731599173752,0.0,0.0,0,0.0,0,-69.26840082624778,0.0,0.0,1751500800,0.0,2025-07-03T00:00:00+00:00,9930.731599173752
9930.731599173752,9930.731599173752,1.2117812860535593,9930.731599173752,0.0,0.0,0,0.0,0,-69.26840082624778,0.0,0.0,1751587200,0.0,2025-07-04T00:00:00+00:00,9930.731599173752
9930.731599173752,9930.731599173752,1.2117812860535593,9930.731599173752,0.0,0.0,0,0.0,0,-69.26840082624778,0.0,0.0,1751673600,0.0,2025-07-05T00:00:00+00:00,9930.731599173752
9930.731599173752,9930.731599173752,1.2117812860535593,9930.731599173752,0.0,0.0,0,0.0,0,-69.26840082624778,0.0,0.0,1751760000,0.0,2025-07-06T00:00:00+00:00,9930.731599173752
9930.731599173752,9930.731599173752,1.2117812860535593,9930.731599173752,0.0,0.0,0,0.0,0,-69.26840082624778,0.0,0.0,1751846400,0.0,2025-07-07T00:00:00+00:00,9930.731599173752
9930.731599173752,9930.731599173752,1.2117812860535593,9930.731599173752,0.0,0.0,0,0.0,0,-69.26840082624778,0.0,0.0,1751932800,0.0,2025-07-08T00:00:00+00:00,9930.731599173752
9930.731599173752,9930.731599173752,1.2117812860535593,9930.731599173752,0.0,0.0,0,0.0,0,-69.26840082624778,0.0,0.0,1752019200,0.0,2025-07-09T00:00:00+00:00,9930.731599173752
9930.731599173752,9930.731599173752,1.2117812860535593,9930.731599173752,0.0,0.0,0,0.0,0,-69.26840082624778,0.0,0.0,1752105600,0.0,2025-07-10T00:00:00+00:00,9930.731599173752
9930.731599173752,9930.731599173752,1.2117812860535593,9930.731599173752,0.0,0.0,0,0.0,0,-69.26840082624778,0.0,0.0,1752192000,0.0,2025-07-11T00:00:00+00:00,9930.731599173752
9930.731599173752,9930.731599173752,1.2117812860535593,9930.731599173752,0.0,0.0,0,0.0,0,-69.26840082624778,0.0,0.0,1752278400,0.0,2025-07-12T00:00:00+00:00,9930.731599173752
9930.731599173752,9930.731599173752,1.2117812860535593,9930.731599173752,0.0,0.0,0,0.0,0,-69.26840082624778,0.0,0.0,1752364800,0.0,2025-07-13T00:00:00+00:00,9930.731599173752
9930.731599173752,9930.731599173752,1.2117812860535593,9930.731599173752,0.0,0.0,0,0.0,0,-69.26840082624778,0.0,0.0,1752451200,0.0,2025-07-14T00:00:00+00:00,9930.731599173752
9930.731599173752,9930.731599173752,1.2117812860535593,9930.731599173752,0.0,0.0,0,0.0,0,-69.26840082624778,0.0,0.0,1752537600,0.0,2025-07-15T00:00:00+00:00,9930.731599173752
9930.731599173752,9930.731599173752,1.2117812860535593,9930.731599173752,0.0,0.0,0,0.0,0,-69.26840082624778,0.0,0.0,1752624000,0.0,2025-07-16T00:00:00+00:00,9930.731599173752
9930.731599173752,9930.731599173752,1.2117812860535593,9930.731599173752,0.0,0.0,0,0.0,0,-69.26840082624778,0.0,0.0,1752710400,0.0,2025-07-17T00:00:00+00:00,9930.731599173752
9930.731599173752,9930.731599173752,1.2117812860535593,9930.731599173752,0.0,0.0,0,0.0,0,-69.26840082624778,0.0,0.0,1752796800,0.0,2025-07-18T00:00:00+00:00,9930.731599173752
9930.731599173752,9930.731599173752,1.2117812860535593,9930.731599173752,0.0,0.0,0,0.0,0,-69.26840082624778,0.0,0.0,1752883200,0.0,2025-07-19T00:00:00+00:00,9930.731599173752
9930.731599173752,9930.731599173752,1.2117812860535593,9930.731599173752,0.0,0.0,0,0.0,0,-69.26840082624778,0.0,0.0,1752969600,0.0,2025-07-20T00:00:00+00:00,9930.731599173752
9930.731599173752,9930.731599173752,1.2117812860535593,9930.731599173752,0.0,0.0,0,0.0,0,-69.26840082624778,0.0,0.0,1753056000,0.0,2025-07-21T00:00:00+00:00,9930.731599173752
9930.731599173752,9930.731599173752,1.2117812860535593,9930.731599173752,0.0,0.0,0,0.0,0,-69.26840082624778,0.0,0.0,1753142400,0.0,2025-07-22T00:00:00+00:00,9930.731599173752
9930.731599173752,9930.731599173752,1.2117812860535593,9930.731599173752,0.0,0.0,0,0.0,0,-69.26840082624778,0.0,0.0,1753228800,0.0,2025-07-23T00:00:00+00:00,9930.731599173752
9930.731599173752,9930.731599173752,1.2117812860535593,9930.731599173752,0.0,0.0,0,0.0,0,-69.26840082624778,0.0,0.0,1753315200,0.0,2025-07-24T00:00:00+00:00,9930.731599173752
9930.731599173752,9930.731599173752,1.2117812860535593,9930.731599173752,0.0,0.0,0,0.0,0,-69.26840082624778,0.0,0.0,1753401600,0.0,2025-07-25T00:00:00+00:00,9930.731599173752
9930.731599173752,9930.731599173752,1.2117812860535593,9930.731599173752,0.0,0.0,0,0.0,0,-69.26840082624778,0.0,0.0,1753488000,0.0,2025-07-26T00:00:00+00:00,9930.731599173752
9930.731599173752,9930.731599173752,1.2117812860535593,9930.731599173752,0.0,0.0,0,0.0,0,-69.26840082624778,0.0,0.0,1753574400,0.0,2025-07-27T00:00:00+00:00,9930.731599173752
9930.731599173752,9930.731599173752,1.2117812860535593,9930.731599173752,0.0,0.0,0,0.0,0,-69.26840082624778,0.0,0.0,1753660800,0.0,2025-07-28T00:00:00+00:00,9930.731599173752
9930.731599173752,9930.731599173752,1.2117812860535593,9930.731599173752,0.0,0.0,0,0.0,0,-69.26840082624778,0.0,0.0,1753747200,0.0,2025-07-29T00:00:00+00:00,9930.731599173752
9930.731599173752,9930.731599173752,1.2117812860535593,9930.731599173752,0.0,0.0,0,0.0,0,-69.26840082624778,0.0,0.0,1753833600,0.0,2025-07-30T00:00:00+00:00,9930.731599173752
9930.731599173752,9930.731599173752,1.2117812860535593,9930.731599173752,0.0,0.0,0,0.0,0,-69.26840082624778,0.0,0.0,1753920000,0.0,2025-07-31T00:00:00+00:00,9930.731599173752
9930.731599173752,9930.731599173752,1.2117812860535593,9930.731599173752,0.0,0.0,0,0.0,0,-69.26840082624778,0.0,0.0,1754006400,0.0,2025-08-01T00:00:00+00:00,9930.731599173752
9904.400424512785,9904.557949068656,1.1938131359435777,9932.537855814462,262.31395679999997,26.037116672688104,1,26.037116672688104,0,-69.40493425865603,0.15752455586976305,0.0,1754092800,1.9427900731189887,2025-08-02T00:00:00+00:00,9930.595065741343
9904.364693777576,9904.522218333446,1.2730757342724552,9924.569946279253,254.381778,26.037116672688104,1,26.037116672688104,0,-69.44066499386595,0.15752455586976305,0.0,1754179200,-5.9893887268810015,2025-08-03T00:00:00+00:00,9930.559335006134
9904.29931457761,9904.456839133481,1.1615796707960535,9935.778139879289,265.6553508,26.037116672688104,1,26.037116672688104,0,-69.50604419383107,0.15752455586976305,0.0,1754265600,5.284184073118995,2025-08-04T00:00:00+00:00,9930.493955806169
9904.235135688725,9904.392660244595,0.9269418149344566,9959.365219390402,289.3066092,26.037116672688104,1,26.037116672688104,0,-69.57022308271759,0.15752455586976305,0.0,1754352000,28.935442473118997,2025-08-05T00:00:00+00:00,9930.429776917283
9904.235817861181,9904.393342417052,1.0373472435876163,9948.266662362857,278.20736999999997,26.037116672688104,1,26.037116672688104,0,-69.56954091026076,0.15752455586976305,0.0,1754438400,17.836203273118954,2025-08-06T00:00:00+00:00,9930.430459089739
9904.19802238262,9904.35554693849,1.0041949062236655,9951.599316484297,281.5778196,26.037116672688104,1,26.037116672688104,0,-69.60733638882283,0.15752455586976305,0.0,1754524800,21.206652873118994,2025-08-07T00:00:00+00:00,9930.392663611177
9904.15606096539,9904.31358552126,0.7947713115879051,9972.651720667067,302.6721852,26.037116672688104,1,26.037116672688104,0,-69.64929780605254,0.15752455586976305,0.0,1754611200,42.301018473118965,2025-08-08T00:00:00+00:00,9930.350702193948
9904.077949615372,9904.235474171242,0.6683719690915857,9985.35807331705,315.45664919999996,26.037116672688104,1,26.037116672688104,0,-69.7274091560706,0.15752455586976305,0.0,1754697600,55.08548247311895,2025-08-09T00:00:00+00:00,9930.27259084393
9861.609394379288,9904.157362821225,0.6356206830587907,9988.65041156703,318.8270988,26.037116672688104,1,26.037116672688104,1,-69.80552050608867,0.15752455586976305,42.39044388606555,1754784000,58.455932073118994,2025-08-10T00:00:00+00:00,9930.194479493912
9891.595246063349,9891.75277061922,0.767978348189513,9975.345095765026,317.9263752,26.037116672688104,1,26.037116672688104,0,-82.21011270809386,0.15752455586976305,0.0,1754870400,57.555208473118974,2025-08-11T00:00:00+00:00,9917.789887291907
9891.560525568266,9891.718050124136,0.7408652031631879,9978.070657269942,320.6866572,26.037116672688104,1,26.037116672688104,0,-82.2448332031769,0.15752455586976305,0.0,1754956800,60.315490473119,2025-08-12T00:00:00+00:00,9917.755166796824
9891.5646394327,9891.72216398857,0.5792524784372644,9994.316851534377,336.9287376,26.037116672688104,1,26.037116672688104,0,-82.24071933874261,0.15752455586976305,0.0,1755043200,76.55757087311898,2025-08-13T00:00:00+00:00,9917.759280661257
9891.486528082682,9891.644052638552,0.4265507497119958,10009.667263784359,352.3572612,26.037116672688104,1,26.037116672688104,0,-82.31883068876067,0.15752455586976305,0.0,1755129600,91.986094473119,2025-08-14T00:00:00+00:00,9917.68116931124
9891.408416732664,9891.565941288534,0.7915146664378314,9972.979096434341,315.7472052,26.037116672688104,1,26.037116672688104,0,-82.39694203877873,0.15752455586976305,0.0,1755216000,55.376038473118996,2025-08-15T00:00:00+00:00,9917.603057961222
9891.330305382646,9891.487829938516,0.836225353035347,9968.484533884322,311.33075399999996,26.037116672688104,1,26.037116672688104,0,-82.4750533887968,0.15752455586976305,0.0,1755302400,50.95958727311897,2025-08-16T00:00:00+00:00,9917.524946611204
9891.265715107316,9891.423239663187,0.7533361254705273,9976.817012008993,319.7278224,26.037116672688104,1,26.037116672688104,0,-82.53964366412673,0.15752455586976305,0.0,1755388800,59.35665567311896,2025-08-17T00:00:00+00:00,9917.460356335874
9891.218502003652,9891.376026559523,0.7523606025364282,9976.915076905329,319.8731004,26.037116672688104,1,26.037116672688104,0,-82.58685676778931,0.15752455586976305,0.0,1755475200,59.501933673118984,2025-08-18T00:00:00+00:00,9917.41314323221
9891.189462807428,9891.346987363298,0.9061282357715195,9961.457514109105,304.4445768,26.037116672688104,1,26.037116672688104,0,-82.61589596401437,0.15752455586976305,0.0,1755561600,44.073410073118964,2025-08-19T00:00:00+00:00,9917.384104035986
9891.115288269451,9891.272812825322,1.0606339003296106,9945.925760371128,288.9869976,26.037116672688104,1,26.037116672688104,0,-82.69007050199153,0.15752455586976305,0.0,1755648000,28.615830873118966,2025-08-20T00:00:00+00:00,9917.30992949801
9891.03747113885,9891.194995694721,0.8715105561648451,9964.937472440528,308.07652679999995,26.037116672688104,1,26.037116672688104,0,-82.76788763259118,0.15752455586976305,0.0,1755734400,47.70536007311897,2025-08-21T00:00:00+00:00,9917.232112367408
9890.979082904712,9891.136607460583,0.9833707128010238,9953.69267820639,296.8901208,26.037116672688104,1,26.037116672688104,0,-82.82627586672969,0.15752455586976305,0.0,1755820800,36.51895407311897,2025-08-22T00:00:00+00:00,9917.17372413327
9890.927818425696,9891.085342981567,0.6321223917434726,9989.002078927373,332.250786,26.037116672688104,1,26.037116672688104,0,-82.87754034574654,0.15752455586976305,0.0,1755907200,71.87961927311899,2025-08-23T00:00:00+00:00,9917.122459654254
9890.849707075677,9891.007231631547,0.6592018084512707,9986.279907977354,329.60672639999996,26.037116672688104,1,26.037116672688104,0,-82.95565169576462,0.15752455586976305,0.0,1755993600,69.23555967311896,2025-08-24T00:00:00+00:00,9917.044348304235
9890.771595725659,9890.92912028153,0.7816635048904064,9973.969389027336,317.37431879999997,26.037116672688104,1,26.037116672688104,0,-83.03376304578268,0.15752455586976305,0.0,1756080000,57.003152073118976,2025-08-25T00:00:00+00:00,9916.966236954217
9890.69348437564,9890.851008931511,1.1370891936431038,9938.240056477318,281.72309759999996,26.037116672688104,1,26.037116672688104,0,-83.11187439580074,0.15752455586976305,0.0,1756166400,21.351930873118967,2025-08-26T00:00:00+00:00,9916.888125604199
9890.63178161655,9890.78930617242,1.0657327303038588,9945.413198118227,288.957942,26.037116672688104,1,26.037116672688104,0,-83.17357715489167,0.15752455586976305,0.0,1756252800,28.58677527311898,2025-08-27T00:00:00+00:00,9916.826422845108
9890.568422896838,9890.725947452709,1.0941105779117555,9942.560501798514,286.1686044,26.037116672688104,1,26.037116672688104,0,-83.23693587460299,0.15752455586976305,0.0,1756339200,25.797437673118978,2025-08-28T00:00:00+00:00,9916.763064125396
9890.49031154682,9890.647836102691,1.0471964685249024,9947.276564448497,290.9627784,26.037116672688104,1,26.037116672688104,0,-83.31504722462105,0.15752455586976305,0.0,1756425600,30.591611673118955,2025-08-29T00:00:00+00:00,9916.684952775378
9890.412200196803,9890.569724752673,1.1598308997795792,9935.95393589848,279.71826120000003,26.037116672688104,1,26.037116672688104,0,-83.39315857463912,0.15752455586976305,0.0,1756512000,19.347094473118993,2025-08-30T00:00:00+00:00,9916.60684142536
9890.334088846785,9890.491613402655,1.133727469606849,9938.577995348462,282.420432,26.037116672688104,1,26.037116672688104,0,-83.47126992465718,0.15752455586976305,0.0,1756598400,22.049265273118994,2025-08-31T00:00:00+00:00,9916.528730075343
9890.296303783069,9890.45382833894,1.1650303267603523,9935.431261084745,279.31148279999996,26.037116672688104,1,26.037116672688104,0,-83.5090549883726,0.15752455586976305,0.0,1756684800,18.94031607311896,2025-09-01T00:00:00+00:00,9916.490945011627
9890.25754493119,9890.41506948706,1.24287786191426,9927.605601432866,271.524582,26.037116672688104,1,26.037116672688104,0,-83.54781384025155,0.15752455586976305,0.0,1756771200,11.153415273118993,2025-09-02T00:00:00+00:00,9916.452186159748
9890.179433581172,9890.336958137043,1.175442110524605,9934.384611682848,278.3817036,26.037116672688104,1,26.037116672688104,0,-83.62592519026961,0.15752455586976305,0.0,1756857600,18.01053687311896,2025-09-03T00:00:00+00:00,9916.37407480973
9890.101322231154,9890.258846787025,1.149627717563162,9936.979615532831,281.05481879999996,26.037116672688104,1,26.037116672688104,0,-83.70403654028769,0.15752455586976305,0.0,1756944000,20.683652073118974,2025-09-04T00:00:00+00:00,9916.295963459712
9890.023210881136,9890.180735437007,1.2631292604517896,9925.569820182813,269.72313479999997,26.037116672688104,1,26.037116672688104,0,-83.78214789030575,0.15752455586976305,0.0,1757030400,9.35196807311896,2025-09-05T00:00:00+00:00,9916.217852109694
9889.945099531118,9890.102624086989,1.233268346532046,9928.571602432796,272.80302839999996,26.037116672688104,1,26.037116672688104,0,-83.86025924032381,0.15752455586976305,0.0,1757116800,12.431861673118956,2025-09-06T00:00:00+00:00,9916.139740759676
9889.893777770445,9890.051302326316,1.251699188558708,9926.718833472121,271.0015812,26.037116672688104,1,26.037116672688104,0,-83.91158100099734,0.15752455586976305,0.0,1757203200,10.630414473118973,2025-09-07T00:00:00+00:00,9916.088418999003
9889.830502369507,9889.988026925377,1.2332521791023066,9928.573227671184,272.9192508,26.037116672688104,1,26.037116672688104,0,-83.97485640193531,0.15752455586976305,0.0,1757289600,12.548084073118995,2025-09-08T00:00:00+00:00,9916.025143598064
9889.754151128576,9889.911675684447,1.1892109327417466,9933.000494430253,277.4228688,26.037116672688104,1,26.037116672688104,0,-84.0512076428663,0.15752455586976305,0.0,1757376000,17.051702073118975,2025-09-09T00:00:00+00:00,9915.948792357134
9889.676039778558,9889.833564334429,1.1931673725449454,9932.602771480235,277.10325720000003,26.037116672688104,1,26.037116672688104,0,-84.12931899288436,0.15752455586976305,0.0,1757462400,16.732090473118998,2025-09-10T00:00:00+00:00,9915.870681007116
9889.59792842854,9889.755452984411,1.1364259979736446,9938.306724530217,282.8853216,26.037116672688104,1,26.037116672688104,0,-84.20743034290243,0.15752455586976305,0.0,1757548800,22.514154873118994,2025-09-11T00:00:00+00:00,9915.792569657098
9889.519817078522,9889.677341634393,1.066099874470916,9945.3762907802,290.03299919999995,26.037116672688104,1,26.037116672688104,0,-84.28554169292049,0.15752455586976305,0.0,1757635200,29.661832473118952,2025-09-12T00:00:00+00:00,9915.71445830708
9889.453766120947,9889.611290676818,1.0109727496615317,9950.917970622624,295.64073,26.037116672688104,1,26.037116672688104,0,-84.35159265049577,0.15752455586976305,0.0,1757721600,35.26956327311899,2025-09-13T00:00:00+00:00,9915.648407349505
9889.375654770929,9889.5331793268,1.0276468267622518,9949.241801272607,294.042672,26.037116672688104,1,26.037116672688104,0,-84.42970400051384,0.15752455586976305,0.0,1757808000,33.67150527311895,2025-09-14T00:00:00+00:00,9915.570295999487
9889.332219652895,9889.489744208766,1.2335843647498956,9928.539834554573,273.3841404,26.037116672688104,1,26.037116672688104,0,-84.47313911854721,0.15752455586976305,0.0,1757894400,13.012973673118994,2025-09-15T00:00:00+00:00,9915.526860881453
9889.271571397028,9889.429095952899,1.3078921659980147,9921.070008298706,265.9749624,26.037116672688104,1,26.037116672688104,0,-84.53378737441291,0.15752455586976305,0.0,1757980800,5.603795673118972,2025-09-16T00:00:00+00:00,9915.466212625586
9889.238184002319,9889.39570855819,1.2614002664939283,9925.743628103995,270.6819696,26.037116672688104,1,26.037116672688104,0,-84.56717476912229,0.15752455586976305,0.0,1758067200,10.310802873118996,2025-09-17T00:00:00+00:00,9915.432825230877
9889.177900266088,9889.335424821958,1.1958104313271267,9932.337076767764,277.33570199999997,26.037116672688104,1,26.037116672688104,0,-84.62745850535457,0.15752455586976305,0.0,1758153600,16.964535273118972,2025-09-18T00:00:00+00:00,9915.372541494646
9889.09978891607,9889.25731347194,1.1804013779727618,9933.886079017746,278.9628156,26.037116672688104,1,26.037116672688104,0,-84.70556985537263,0.15752455586976305,0.0,1758240000,18.591648873119,2025-09-19T00:00:00+00:00,9915.294430144628
9889.021677566052,9889.179202121923,1.3089328558493318,9920.96539246773,266.1202404,26.037116672688104,1,26.037116672688104,0,-84.78368120539069,0.15752455586976305,0.0,1758326400,5.749073673118995,2025-09-20T00:00:00+00:00,9915.21631879461
9888.943566216034,9889.101090771905,1.3033510676794036,9921.526504317711,266.75946359999995,26.037116672688104,1,26.037116672688104,0,-84.86179255540875,0.15752455586976305,0.0,1758412800,6.388296873118951,2025-09-21T00:00:00+00:00,9915.138207444592
9888.865454866016,9889.022979421887,1.3451713821638567,9917.322497767693,262.6335684,26.037116672688104,1,26.037116672688104,0,-84.93990390542682,0.15752455586976305,0.0,1758499200,2.2624016731189664,2025-09-22T00:00:00+00:00,9915.060096094574
9902.981572235221,9902.981572235221,1.4878310114080917,9902.981572235221,0.0,0.0,0,0.0,0,-97.0184277647779,0.0,0.0,1758585600,0.0,2025-09-23T00:00:00+00:00,9902.981572235221
9902.981572235221,9902.981572235221,1.4878310114080917,9902.981572235221,0.0,0.0,0,0.0,0,-97.0184277647779,0.0,0.0,1758672000,0.0,2025-09-24T00:00:00+00:00,9902.981572235221
9902.981572235221,9902.981572235221,1.4878310114080917,9902.981572235221,0.0,0.0,0,0.0,0,-97.0184277647779,0.0,0.0,1758758400,0.0,2025-09-25T00:00:00+00:00,9902.981572235221
9902.981572235221,9902.981572235221,1.4878310114080917,9902.981572235221,0.0,0.0,0,0.0,0,-97.0184277647779,0.0,0.0,1758844800,0.0,2025-09-26T00:00:00+00:00,9902.981572235221
9902.981572235221,9902.981572235221,1.4878310114080917,9902.981572235221,0.0,0.0,0,0.0,0,-97.0184277647779,0.0,0.0,1758931200,0.0,2025-09-27T00:00:00+00:00,9902.981572235221
9902.981572235221,9902.981572235221,1.4878310114080917,9902.981572235221,0.0,0.0,0,0.0,0,-97.0184277647779,0.0,0.0,1759017600,0.0,2025-09-28T00:00:00+00:00,9902.981572235221
9902.981572235221,9902.981572235221,1.4878310114080917,9902.981572235221,0.0,0.0,0,0.0,0,-97.0184277647779,0.0,0.0,1759104000,0.0,2025-09-29T00:00:00+00:00,9902.981572235221
9902.981572235221,9902.981572235221,1.4878310114080917,9902.981572235221,0.0,0.0,0,0.0,0,-97.0184277647779,0.0,0.0,1759190400,0.0,2025-09-30T00:00:00+00:00,9902.981572235221
9902.981572235221,9902.981572235221,1.4878310114080917,9902.981572235221,0.0,0.0,0,0.0,0,-97.0184277647779,0.0,0.0,1759276800,0.0,2025-10-01T00:00:00+00:00,9902.981572235221
9902.981572235221,9902.981572235221,1.4878310114080917,9902.981572235221,0.0,0.0,0,0.0,0,-97.0184277647779,0.0,0.0,1759363200,0.0,2025-10-02T00:00:00+00:00,9902.981572235221
9902.981572235221,9902.981572235221,1.4878310114080917,9902.981572235221,0.0,0.0,0,0.0,0,-97.0184277647779,0.0,0.0,1759449600,0.0,2025-10-03T00:00:00+00:00,9902.981572235221
9902.981572235221,9902.981572235221,1.4878310114080917,9902.981572235221,0.0,0.0,0,0.0,0,-97.0184277647779,0.0,0.0,1759536000,0.0,2025-10-04T00:00:00+00:00,9902.981572235221
9902.981572235221,9902.981572235221,1.4878310114080917,9902.981572235221,0.0,0.0,0,0.0,0,-97.0184277647779,0.0,0.0,1759622400,0.0,2025-10-05T00:00:00+00:00,9902.981572235221
9902.981572235221,9902.981572235221,1.4878310114080917,9902.981572235221,0.0,0.0,0,0.0,0,-97.0184277647779,0.0,0.0,1759708800,0.0,2025-10-06T00:00:00+00:00,9902.981572235221
9902.981572235221,9902.981572235221,1.4878310114080917,9902.981572235221,0.0,0.0,0,0.0,0,-97.0184277647779,0.0,0.0,1759795200,0.0,2025-10-07T00:00:00+00:00,9902.981572235221
9902.981572235221,9902.981572235221,1.4878310114080917,9902.981572235221,0.0,0.0,0,0.0,0,-97.0184277647779,0.0,0.0,1759881600,0.0,2025-10-08T00:00:00+00:00,9902.981572235221
9902.981572235221,9902.981572235221,1.4878310114080917,9902.981572235221,0.0,0.0,0,0.0,0,-97.0184277647779,0.0,0.0,1759968000,0.0,2025-10-09T00:00:00+00:00,9902.981572235221
9902.981572235221,9902.981572235221,1.4878310114080917,9902.981572235221,0.0,0.0,0,0.0,0,-97.0184277647779,0.0,0.0,1760054400,0.0,2025-10-10T00:00:00+00:00,9902.981572235221
9902.981572235221,9902.981572235221,1.4878310114080917,9902.981572235221,0.0,0.0,0,0.0,0,-97.0184277647779,0.0,0.0,1760140800,0.0,2025-10-11T00:00:00+00:00,9902.981572235221
9902.981572235221,9902.981572235221,1.4878310114080917,9902.981572235221,0.0,0.0,0,0.0,0,-97.0184277647779,0.0,0.0,1760227200,0.0,2025-10-12T00:00:00+00:00,9902.981572235221
9902.981572235221,9902.981572235221,1.4878310114080917,9902.981572235221,0.0,0.0,0,0.0,0,-97.0184277647779,0.0,0.0,1760313600,0.0,2025-10-13T00:00:00+00:00,9902.981572235221
9902.981572235221,9902.981572235221,1.4878310114080917,9902.981572235221,0.0,0.0,0,0.0,0,-97.0184277647779,0.0,0.0,1760400000,0.0,2025-10-14T00:00:00+00:00,9902.981572235221
9902.981572235221,9902.981572235221,1.4878310114080917,9902.981572235221,0.0,0.0,0,0.0,0,-97.0184277647779,0.0,0.0,1760486400,0.0,2025-10-15T00:00:00+00:00,9902.981572235221
9902.981572235221,9902.981572235221,1.4878310114080917,9902.981572235221,0.0,0.0,0,0.0,0,-97.0184277647779,0.0,0.0,1760572800,0.0,2025-10-16T00:00:00+00:00,9902.981572235221
9902.981572235221,9902.981572235221,1.4878310114080917,9902.981572235221,0.0,0.0,0,0.0,0,-97.0184277647779,0.0,0.0,1760659200,0.0,2025-10-17T00:00:00+00:00,9902.981572235221
9902.981572235221,9902.981572235221,1.4878310114080917,9902.981572235221,0.0,0.0,0,0.0,0,-97.0184277647779,0.0,0.0,1760745600,0.0,2025-10-18T00:00:00+00:00,9902.981572235221
9902.981572235221,9902.981572235221,1.4878310114080917,9902.981572235221,0.0,0.0,0,0.0,0,-97.0184277647779,0.0,0.0,1760832000,0.0,2025-10-19T00:00:00+00:00,9902.981572235221
9902.981572235221,9902.981572235221,1.4878310114080917,9902.981572235221,0.0,0.0,0,0.0,0,-97.0184277647779,0.0,0.0,1760918400,0.0,2025-10-20T00:00:00+00:00,9902.981572235221
9902.981572235221,9902.981572235221,1.4878310114080917,9902.981572235221,0.0,0.0,0,0.0,0,-97.0184277647779,0.0,0.0,1761004800,0.0,2025-10-21T00:00:00+00:00,9902.981572235221
9902.981572235221,9902.981572235221,1.4878310114080917,9902.981572235221,0.0,0.0,0,0.0,0,-97.0184277647779,0.0,0.0,1761091200,0.0,2025-10-22T00:00:00+00:00,9902.981572235221
9902.981572235221,9902.981572235221,1.4878310114080917,9902.981572235221,0.0,0.0,0,0.0,0,-97.0184277647779,0.0,0.0,1761177600,0.0,2025-10-23T00:00:00+00:00,9902.981572235221
9902.981572235221,9902.981572235221,1.4878310114080917,9902.981572235221,0.0,0.0,0,0.0,0,-97.0184277647779,0.0,0.0,1761264000,0.0,2025-10-24T00:00:00+00:00,9902.981572235221
9902.981572235221,9902.981572235221,1.4878310114080917,9902.981572235221,0.0,0.0,0,0.0,0,-97.0184277647779,0.0,0.0,1761350400,0.0,2025-10-25T00:00:00+00:00,9902.981572235221
9902.981572235221,9902.981572235221,1.4878310114080917,9902.981572235221,0.0,0.0,0,0.0,0,-97.0184277647779,0.0,0.0,1761436800,0.0,2025-10-26T00:00:00+00:00,9902.981572235221
9902.981572235221,9902.981572235221,1.4878310114080917,9902.981572235221,0.0,0.0,0,0.0,0,-97.0184277647779,0.0,0.0,1761523200,0.0,2025-10-27T00:00:00+00:00,9902.981572235221
9902.981572235221,9902.981572235221,1.4878310114080917,9902.981572235221,0.0,0.0,0,0.0,0,-97.0184277647779,0.0,0.0,1761609600,0.0,2025-10-28T00:00:00+00:00,9902.981572235221
9902.981572235221,9902.981572235221,1.4878310114080917,9902.981572235221,0.0,0.0,0,0.0,0,-97.0184277647779,0.0,0.0,1761696000,0.0,2025-10-29T00:00:00+00:00,9902.981572235221
9902.981572235221,9902.981572235221,1.4878310114080917,9902.981572235221,0.0,0.0,0,0.0,0,-97.0184277647779,0.0,0.0,1761782400,0.0,2025-10-30T00:00:00+00:00,9902.981572235221
9902.981572235221,9902.981572235221,1.4878310114080917,9902.981572235221,0.0,0.0,0,0.0,0,-97.0184277647779,0.0,0.0,1761868800,0.0,2025-10-31T00:00:00+00:00,9902.981572235221
9902.981572235221,9902.981572235221,1.4878310114080917,9902.981572235221,0.0,0.0,0,0.0,0,-97.0184277647779,0.0,0.0,1761955200,0.0,2025-11-01T00:00:00+00:00,9902.981572235221
9902.981572235221,9902.981572235221,1.4878310114080917,9902.981572235221,0.0,0.0,0,0.0,0,-97.0184277647779,0.0,0.0,1762041600,0.0,2025-11-02T00:00:00+00:00,9902.981572235221
9902.981572235221,9902.981572235221,1.4878310114080917,9902.981572235221,0.0,0.0,0,0.0,0,-97.0184277647779,0.0,0.0,1762128000,0.0,2025-11-03T00:00:00+00:00,9902.981572235221
9902.981572235221,9902.981572235221,1.4878310114080917,9902.981572235221,0.0,0.0,0,0.0,0,-97.0184277647779,0.0,0.0,1762214400,0.0,2025-11-04T00:00:00+00:00,9902.981572235221
9902.981572235221,9902.981572235221,1.4878310114080917,9902.981572235221,0.0,0.0,0,0.0,0,-97.0184277647779,0.0,0.0,1762300800,0.0,2025-11-05T00:00:00+00:00,9902.981572235221
9902.981572235221,9902.981572235221,1.4878310114080917,9902.981572235221,0.0,0.0,0,0.0,0,-97.0184277647779,0.0,0.0,1762387200,0.0,2025-11-06T00:00:00+00:00,9902.981572235221
9902.981572235221,9902.981572235221,1.4878310114080917,9902.981572235221,0.0,0.0,0,0.0,0,-97.0184277647779,0.0,0.0,1762473600,0.0,2025-11-07T00:00:00+00:00,9902.981572235221
9902.981572235221,9902.981572235221,1.4878310114080917,9902.981572235221,0.0,0.0,0,0.0,0,-97.0184277647779,0.0,0.0,1762560000,0.0,2025-11-08T00:00:00+00:00,9902.981572235221
9902.981572235221,9902.981572235221,1.4878310114080917,9902.981572235221,0.0,0.0,0,0.0,0,-97.0184277647779,0.0,0.0,1762646400,0.0,2025-11-09T00:00:00+00:00,9902.981572235221
9902.981572235221,9902.981572235221,1.4878310114080917,9902.981572235221,0.0,0.0,0,0.0,0,-97.0184277647779,0.0,0.0,1762732800,0.0,2025-11-10T00:00:00+00:00,9902.981572235221
9902.981572235221,9902.981572235221,1.4878310114080917,9902.981572235221,0.0,0.0,0,0.0,0,-97.0184277647779,0.0,0.0,1762819200,0.0,2025-11-11T00:00:00+00:00,9902.981572235221
9902.981572235221,9902.981572235221,1.4878310114080917,9902.981572235221,0.0,0.0,0,0.0,0,-97.0184277647779,0.0,0.0,1762905600,0.0,2025-11-12T00:00:00+00:00,9902.981572235221
9902.981572235221,9902.981572235221,1.4878310114080917,9902.981572235221,0.0,0.0,0,0.0,0,-97.0184277647779,0.0,0.0,1762992000,0.0,2025-11-13T00:00:00+00:00,9902.981572235221
9902.981572235221,9902.981572235221,1.4878310114080917,9902.981572235221,0.0,0.0,0,0.0,0,-97.0184277647779,0.0,0.0,1763078400,0.0,2025-11-14T00:00:00+00:00,9902.981572235221
9902.981572235221,9902.981572235221,1.4878310114080917,9902.981572235221,0.0,0.0,0,0.0,0,-97.0184277647779,0.0,0.0,1763164800,0.0,2025-11-15T00:00:00+00:00,9902.981572235221
9902.981572235221,9902.981572235221,1.4878310114080917,9902.981572235221,0.0,0.0,0,0.0,0,-97.0184277647779,0.0,0.0,1763251200,0.0,2025-11-16T00:00:00+00:00,9902.981572235221
9902.981572235221,9902.981572235221,1.4878310114080917,9902.981572235221,0.0,0.0,0,0.0,0,-97.0184277647779,0.0,0.0,1763337600,0.0,2025-11-17T00:00:00+00:00,9902.981572235221
9902.981572235221,9902.981572235221,1.4878310114080917,9902.981572235221,0.0,0.0,0,0.0,0,-97.0184277647779,0.0,0.0,1763424000,0.0,2025-11-18T00:00:00+00:00,9902.981572235221
9902.981572235221,9902.981572235221,1.4878310114080917,9902.981572235221,0.0,0.0,0,0.0,0,-97.0184277647779,0.0,0.0,1763510400,0.0,2025-11-19T00:00:00+00:00,9902.981572235221
9902.981572235221,9902.981572235221,1.4878310114080917,9902.981572235221,0.0,0.0,0,0.0,0,-97.0184277647779,0.0,0.0,1763596800,0.0,2025-11-20T00:00:00+00:00,9902.981572235221
9902.981572235221,9902.981572235221,1.4878310114080917,9902.981572235221,0.0,0.0,0,0.0,0,-97.0184277647779,0.0,0.0,1763683200,0.0,2025-11-21T00:00:00+00:00,9902.981572235221
9902.981572235221,9902.981572235221,1.4878310114080917,9902.981572235221,0.0,0.0,0,0.0,0,-97.0184277647779,0.0,0.0,1763769600,0.0,2025-11-22T00:00:00+00:00,9902.981572235221
9902.981572235221,9902.981572235221,1.4878310114080917,9902.981572235221,0.0,0.0,0,0.0,0,-97.0184277647779,0.0,0.0,1763856000,0.0,2025-11-23T00:00:00+00:00,9902.981572235221
9902.981572235221,9902.981572235221,1.4878310114080917,9902.981572235221,0.0,0.0,0,0.0,0,-97.0184277647779,0.0,0.0,1763942400,0.0,2025-11-24T00:00:00+00:00,9902.981572235221
9902.981572235221,9902.981572235221,1.4878310114080917,9902.981572235221,0.0,0.0,0,0.0,0,-97.0184277647779,0.0,0.0,1764028800,0.0,2025-11-25T00:00:00+00:00,9902.981572235221
9902.981572235221,9902.981572235221,1.4878310114080917,9902.981572235221,0.0,0.0,0,0.0,0,-97.0184277647779,0.0,0.0,1764115200,0.0,2025-11-26T00:00:00+00:00,9902.981572235221
9902.981572235221,9902.981572235221,1.4878310114080917,9902.981572235221,0.0,0.0,0,0.0,0,-97.0184277647779,0.0,0.0,1764201600,0.0,2025-11-27T00:00:00+00:00,9902.981572235221
9902.981572235221,9902.981572235221,1.4878310114080917,9902.981572235221,0.0,0.0,0,0.0,0,-97.0184277647779,0.0,0.0,1764288000,0.0,2025-11-28T00:00:00+00:00,9902.981572235221
9902.981572235221,9902.981572235221,1.4878310114080917,9902.981572235221,0.0,0.0,0,0.0,0,-97.0184277647779,0.0,0.0,1764374400,0.0,2025-11-29T00:00:00+00:00,9902.981572235221
9902.981572235221,9902.981572235221,1.4878310114080917,9902.981572235221,0.0,0.0,0,0.0,0,-97.0184277647779,0.0,0.0,1764460800,0.0,2025-11-30T00:00:00+00:00,9902.981572235221
9902.981572235221,9902.981572235221,1.4878310114080917,9902.981572235221,0.0,0.0,0,0.0,0,-97.0184277647779,0.0,0.0,1764547200,0.0,2025-12-01T00:00:00+00:00,9902.981572235221
9902.981572235221,9902.981572235221,1.4878310114080917,9902.981572235221,0.0,0.0,0,0.0,0,-97.0184277647779,0.0,0.0,1764633600,0.0,2025-12-02T00:00:00+00:00,9902.981572235221
9902.981572235221,9902.981572235221,1.4878310114080917,9902.981572235221,0.0,0.0,0,0.0,0,-97.0184277647779,0.0,0.0,1764720000,0.0,2025-12-03T00:00:00+00:00,9902.981572235221
9902.981572235221,9902.981572235221,1.4878310114080917,9902.981572235221,0.0,0.0,0,0.0,0,-97.0184277647779,0.0,0.0,1764806400,0.0,2025-12-04T00:00:00+00:00,9902.981572235221
9902.981572235221,9902.981572235221,1.4878310114080917,9902.981572235221,0.0,0.0,0,0.0,0,-97.0184277647779,0.0,0.0,1764892800,0.0,2025-12-05T00:00:00+00:00,9902.981572235221
9902.981572235221,9902.981572235221,1.4878310114080917,9902.981572235221,0.0,0.0,0,0.0,0,-97.0184277647779,0.0,0.0,1764979200,0.0,2025-12-06T00:00:00+00:00,9902.981572235221
9902.981572235221,9902.981572235221,1.4878310114080917,9902.981572235221,0.0,0.0,0,0.0,0,-97.0184277647779,0.0,0.0,1765065600,0.0,2025-12-07T00:00:00+00:00,9902.981572235221
9902.981572235221,9902.981572235221,1.4878310114080917,9902.981572235221,0.0,0.0,0,0.0,0,-97.0184277647779,0.0,0.0,1765152000,0.0,2025-12-08T00:00:00+00:00,9902.981572235221
9902.981572235221,9902.981572235221,1.4878310114080917,9902.981572235221,0.0,0.0,0,0.0,0,-97.0184277647779,0.0,0.0,1765238400,0.0,2025-12-09T00:00:00+00:00,9902.981572235221
9902.981572235221,9902.981572235221,1.4878310114080917,9902.981572235221,0.0,0.0,0,0.0,0,-97.0184277647779,0.0,0.0,1765324800,0.0,2025-12-10T00:00:00+00:00,9902.981572235221
9902.981572235221,9902.981572235221,1.4878310114080917,9902.981572235221,0.0,0.0,0,0.0,0,-97.0184277647779,0.0,0.0,1765411200,0.0,2025-12-11T00:00:00+00:00,9902.981572235221
9902.981572235221,9902.981572235221,1.4878310114080917,9902.981572235221,0.0,0.0,0,0.0,0,-97.0184277647779,0.0,0.0,1765497600,0.0,2025-12-12T00:00:00+00:00,9902.981572235221
9902.981572235221,9902.981572235221,1.4878310114080917,9902.981572235221,0.0,0.0,0,0.0,0,-97.0184277647779,0.0,0.0,1765584000,0.0,2025-12-13T00:00:00+00:00,9902.981572235221
9902.981572235221,9902.981572235221,1.4878310114080917,9902.981572235221,0.0,0.0,0,0.0,0,-97.0184277647779,0.0,0.0,1765670400,0.0,2025-12-14T00:00:00+00:00,9902.981572235221
9902.981572235221,9902.981572235221,1.4878310114080917,9902.981572235221,0.0,0.0,0,0.0,0,-97.0184277647779,0.0,0.0,1765756800,0.0,2025-12-15T00:00:00+00:00,9902.981572235221
9902.981572235221,9902.981572235221,1.4878310114080917,9902.981572235221,0.0,0.0,0,0.0,0,-97.0184277647779,0.0,0.0,1765843200,0.0,2025-12-16T00:00:00+00:00,9902.981572235221
9902.981572235221,9902.981572235221,1.4878310114080917,9902.981572235221,0.0,0.0,0,0.0,0,-97.0184277647779,0.0,0.0,1765929600,0.0,2025-12-17T00:00:00+00:00,9902.981572235221
9902.981572235221,9902.981572235221,1.4878310114080917,9902.981572235221,0.0,0.0,0,0.0,0,-97.0184277647779,0.0,0.0,1766016000,0.0,2025-12-18T00:00:00+00:00,9902.981572235221
9902.981572235221,9902.981572235221,1.4878310114080917,9902.981572235221,0.0,0.0,0,0.0,0,-97.0184277647779,0.0,0.0,1766102400,0.0,2025-12-19T00:00:00+00:00,9902.981572235221
9902.981572235221,9902.981572235221,1.4878310114080917,9902.981572235221,0.0,0.0,0,0.0,0,-97.0184277647779,0.0,0.0,1766188800,0.0,2025-12-20T00:00:00+00:00,9902.981572235221
9902.981572235221,9902.981572235221,1.4878310114080917,9902.981572235221,0.0,0.0,0,0.0,0,-97.0184277647779,0.0,0.0,1766275200,0.0,2025-12-21T00:00:00+00:00,9902.981572235221
9902.981572235221,9902.981572235221,1.4878310114080917,9902.981572235221,0.0,0.0,0,0.0,0,-97.0184277647779,0.0,0.0,1766361600,0.0,2025-12-22T00:00:00+00:00,9902.981572235221
9902.981572235221,9902.981572235221,1.4878310114080917,9902.981572235221,0.0,0.0,0,0.0,0,-97.0184277647779,0.0,0.0,1766448000,0.0,2025-12-23T00:00:00+00:00,9902.981572235221
9902.981572235221,9902.981572235221,1.4878310114080917,9902.981572235221,0.0,0.0,0,0.0,0,-97.0184277647779,0.0,0.0,1766534400,0.0,2025-12-24T00:00:00+00:00,9902.981572235221
9902.981572235221,9902.981572235221,1.4878310114080917,9902.981572235221,0.0,0.0,0,0.0,0,-97.0184277647779,0.0,0.0,1766620800,0.0,2025-12-25T00:00:00+00:00,9902.981572235221
9902.981572235221,9902.981572235221,1.4878310114080917,9902.981572235221,0.0,0.0,0,0.0,0,-97.0184277647779,0.0,0.0,1766707200,0.0,2025-12-26T00:00:00+00:00,9902.981572235221
9902.981572235221,9902.981572235221,1.4878310114080917,9902.981572235221,0.0,0.0,0,0.0,0,-97.0184277647779,0.0,0.0,1766793600,0.0,2025-12-27T00:00:00+00:00,9902.981572235221
9902.981572235221,9902.981572235221,1.4878310114080917,9902.981572235221,0.0,0.0,0,0.0,0,-97.0184277647779,0.0,0.0,1766880000,0.0,2025-12-28T00:00:00+00:00,9902.981572235221
9902.981572235221,9902.981572235221,1.4878310114080917,9902.981572235221,0.0,0.0,0,0.0,0,-97.0184277647779,0.0,0.0,1766966400,0.0,2025-12-29T00:00:00+00:00,9902.981572235221
9902.981572235221,9902.981572235221,1.4878310114080917,9902.981572235221,0.0,0.0,0,0.0,0,-97.0184277647779,0.0,0.0,1767052800,0.0,2025-12-30T00:00:00+00:00,9902.981572235221
9902.981572235221,9902.981572235221,1.4878310114080917,9902.981572235221,0.0,0.0,0,0.0,0,-97.0184277647779,0.0,0.0,1767139200,0.0,2025-12-31T00:00:00+00:00,9902.981572235221
9902.981572235221,9902.981572235221,1.4878310114080917,9902.981572235221,0.0,0.0,0,0.0,0,-97.0184277647779,0.0,0.0,1767225600,0.0,2026-01-01T00:00:00+00:00,9902.981572235221
9902.981572235221,9902.981572235221,1.4878310114080917,9902.981572235221,0.0,0.0,0,0.0,0,-97.0184277647779,0.0,0.0,1767312000,0.0,2026-01-02T00:00:00+00:00,9902.981572235221
9902.981572235221,9902.981572235221,1.4878310114080917,9902.981572235221,0.0,0.0,0,0.0,0,-97.0184277647779,0.0,0.0,1767398400,0.0,2026-01-03T00:00:00+00:00,9902.981572235221
9902.981572235221,9902.981572235221,1.4878310114080917,9902.981572235221,0.0,0.0,0,0.0,0,-97.0184277647779,0.0,0.0,1767484800,0.0,2026-01-04T00:00:00+00:00,9902.981572235221
9902.981572235221,9902.981572235221,1.4878310114080917,9902.981572235221,0.0,0.0,0,0.0,0,-97.0184277647779,0.0,0.0,1767571200,0.0,2026-01-05T00:00:00+00:00,9902.981572235221
9902.981572235221,9902.981572235221,1.4878310114080917,9902.981572235221,0.0,0.0,0,0.0,0,-97.0184277647779,0.0,0.0,1767657600,0.0,2026-01-06T00:00:00+00:00,9902.981572235221
9902.981572235221,9902.981572235221,1.4878310114080917,9902.981572235221,0.0,0.0,0,0.0,0,-97.0184277647779,0.0,0.0,1767744000,0.0,2026-01-07T00:00:00+00:00,9902.981572235221
9902.981572235221,9902.981572235221,1.4878310114080917,9902.981572235221,0.0,0.0,0,0.0,0,-97.0184277647779,0.0,0.0,1767830400,0.0,2026-01-08T00:00:00+00:00,9902.981572235221
9902.981572235221,9902.981572235221,1.4878310114080917,9902.981572235221,0.0,0.0,0,0.0,0,-97.0184277647779,0.0,0.0,1767916800,0.0,2026-01-09T00:00:00+00:00,9902.981572235221
9902.981572235221,9902.981572235221,1.4878310114080917,9902.981572235221,0.0,0.0,0,0.0,0,-97.0184277647779,0.0,0.0,1768003200,0.0,2026-01-10T00:00:00+00:00,9902.981572235221
9902.981572235221,9902.981572235221,1.4878310114080917,9902.981572235221,0.0,0.0,0,0.0,0,-97.0184277647779,0.0,0.0,1768089600,0.0,2026-01-11T00:00:00+00:00,9902.981572235221
9902.981572235221,9902.981572235221,1.4878310114080917,9902.981572235221,0.0,0.0,0,0.0,0,-97.0184277647779,0.0,0.0,1768176000,0.0,2026-01-12T00:00:00+00:00,9902.981572235221
9902.981572235221,9902.981572235221,1.4878310114080917,9902.981572235221,0.0,0.0,0,0.0,0,-97.0184277647779,0.0,0.0,1768262400,0.0,2026-01-13T00:00:00+00:00,9902.981572235221
9902.981572235221,9902.981572235221,1.4878310114080917,9902.981572235221,0.0,0.0,0,0.0,0,-97.0184277647779,0.0,0.0,1768348800,0.0,2026-01-14T00:00:00+00:00,9902.981572235221
9902.981572235221,9902.981572235221,1.4878310114080917,9902.981572235221,0.0,0.0,0,0.0,0,-97.0184277647779,0.0,0.0,1768435200,0.0,2026-01-15T00:00:00+00:00,9902.981572235221
9902.981572235221,9902.981572235221,1.4878310114080917,9902.981572235221,0.0,0.0,0,0.0,0,-97.0184277647779,0.0,0.0,1768521600,0.0,2026-01-16T00:00:00+00:00,9902.981572235221
9902.981572235221,9902.981572235221,1.4878310114080917,9902.981572235221,0.0,0.0,0,0.0,0,-97.0184277647779,0.0,0.0,1768608000,0.0,2026-01-17T00:00:00+00:00,9902.981572235221
9902.981572235221,9902.981572235221,1.4878310114080917,9902.981572235221,0.0,0.0,0,0.0,0,-97.0184277647779,0.0,0.0,1768694400,0.0,2026-01-18T00:00:00+00:00,9902.981572235221
9902.981572235221,9902.981572235221,1.4878310114080917,9902.981572235221,0.0,0.0,0,0.0,0,-97.0184277647779,0.0,0.0,1768780800,0.0,2026-01-19T00:00:00+00:00,9902.981572235221
9902.981572235221,9902.981572235221,1.4878310114080917,9902.981572235221,0.0,0.0,0,0.0,0,-97.0184277647779,0.0,0.0,1768867200,0.0,2026-01-20T00:00:00+00:00,9902.981572235221
9902.981572235221,9902.981572235221,1.4878310114080917,9902.981572235221,0.0,0.0,0,0.0,0,-97.0184277647779,0.0,0.0,1768953600,0.0,2026-01-21T00:00:00+00:00,9902.981572235221
9902.981572235221,9902.981572235221,1.4878310114080917,9902.981572235221,0.0,0.0,0,0.0,0,-97.0184277647779,0.0,0.0,1769040000,0.0,2026-01-22T00:00:00+00:00,9902.981572235221
9902.981572235221,9902.981572235221,1.4878310114080917,9902.981572235221,0.0,0.0,0,0.0,0,-97.0184277647779,0.0,0.0,1769126400,0.0,2026-01-23T00:00:00+00:00,9902.981572235221
9902.981572235221,9902.981572235221,1.4878310114080917,9902.981572235221,0.0,0.0,0,0.0,0,-97.0184277647779,0.0,0.0,1769212800,0.0,2026-01-24T00:00:00+00:00,9902.981572235221
9902.981572235221,9902.981572235221,1.4878310114080917,9902.981572235221,0.0,0.0,0,0.0,0,-97.0184277647779,0.0,0.0,1769299200,0.0,2026-01-25T00:00:00+00:00,9902.981572235221
9902.981572235221,9902.981572235221,1.4878310114080917,9902.981572235221,0.0,0.0,0,0.0,0,-97.0184277647779,0.0,0.0,1769385600,0.0,2026-01-26T00:00:00+00:00,9902.981572235221
9902.981572235221,9902.981572235221,1.4878310114080917,9902.981572235221,0.0,0.0,0,0.0,0,-97.0184277647779,0.0,0.0,1769472000,0.0,2026-01-27T00:00:00+00:00,9902.981572235221
9902.981572235221,9902.981572235221,1.4878310114080917,9902.981572235221,0.0,0.0,0,0.0,0,-97.0184277647779,0.0,0.0,1769558400,0.0,2026-01-28T00:00:00+00:00,9902.981572235221
9902.981572235221,9902.981572235221,1.4878310114080917,9902.981572235221,0.0,0.0,0,0.0,0,-97.0184277647779,0.0,0.0,1769644800,0.0,2026-01-29T00:00:00+00:00,9902.981572235221
9902.981572235221,9902.981572235221,1.4878310114080917,9902.981572235221,0.0,0.0,0,0.0,0,-97.0184277647779,0.0,0.0,1769731200,0.0,2026-01-30T00:00:00+00:00,9902.981572235221
9902.981572235221,9902.981572235221,1.4878310114080917,9902.981572235221,0.0,0.0,0,0.0,0,-97.0184277647779,0.0,0.0,1769817600,0.0,2026-01-31T00:00:00+00:00,9902.981572235221
9902.981572235221,9902.981572235221,1.4878310114080917,9902.981572235221,0.0,0.0,0,0.0,0,-97.0184277647779,0.0,0.0,1769904000,0.0,2026-02-01T00:00:00+00:00,9902.981572235221
9902.981572235221,9902.981572235221,1.4878310114080917,9902.981572235221,0.0,0.0,0,0.0,0,-97.0184277647779,0.0,0.0,1769990400,0.0,2026-02-02T00:00:00+00:00,9902.981572235221
9902.981572235221,9902.981572235221,1.4878310114080917,9902.981572235221,0.0,0.0,0,0.0,0,-97.0184277647779,0.0,0.0,1770076800,0.0,2026-02-03T00:00:00+00:00,9902.981572235221
9902.981572235221,9902.981572235221,1.4878310114080917,9902.981572235221,0.0,0.0,0,0.0,0,-97.0184277647779,0.0,0.0,1770163200,0.0,2026-02-04T00:00:00+00:00,9902.981572235221
9902.981572235221,9902.981572235221,1.4878310114080917,9902.981572235221,0.0,0.0,0,0.0,0,-97.0184277647779,0.0,0.0,1770249600,0.0,2026-02-05T00:00:00+00:00,9902.981572235221
9902.981572235221,9902.981572235221,1.4878310114080917,9902.981572235221,0.0,0.0,0,0.0,0,-97.0184277647779,0.0,0.0,1770336000,0.0,2026-02-06T00:00:00+00:00,9902.981572235221
9902.981572235221,9902.981572235221,1.4878310114080917,9902.981572235221,0.0,0.0,0,0.0,0,-97.0184277647779,0.0,0.0,1770422400,0.0,2026-02-07T00:00:00+00:00,9902.981572235221
9902.981572235221,9902.981572235221,1.4878310114080917,9902.981572235221,0.0,0.0,0,0.0,0,-97.0184277647779,0.0,0.0,1770508800,0.0,2026-02-08T00:00:00+00:00,9902.981572235221
9902.981572235221,9902.981572235221,1.4878310114080917,9902.981572235221,0.0,0.0,0,0.0,0,-97.0184277647779,0.0,0.0,1770595200,0.0,2026-02-09T00:00:00+00:00,9902.981572235221
9902.981572235221,9902.981572235221,1.4878310114080917,9902.981572235221,0.0,0.0,0,0.0,0,-97.0184277647779,0.0,0.0,1770681600,0.0,2026-02-10T00:00:00+00:00,9902.981572235221
9902.981572235221,9902.981572235221,1.4878310114080917,9902.981572235221,0.0,0.0,0,0.0,0,-97.0184277647779,0.0,0.0,1770768000,0.0,2026-02-11T00:00:00+00:00,9902.981572235221
9902.981572235221,9902.981572235221,1.4878310114080917,9902.981572235221,0.0,0.0,0,0.0,0,-97.0184277647779,0.0,0.0,1770854400,0.0,2026-02-12T00:00:00+00:00,9902.981572235221
9902.981572235221,9902.981572235221,1.4878310114080917,9902.981572235221,0.0,0.0,0,0.0,0,-97.0184277647779,0.0,0.0,1770940800,0.0,2026-02-13T00:00:00+00:00,9902.981572235221
9902.981572235221,9902.981572235221,1.4878310114080917,9902.981572235221,0.0,0.0,0,0.0,0,-97.0184277647779,0.0,0.0,1771027200,0.0,2026-02-14T00:00:00+00:00,9902.981572235221
9902.981572235221,9902.981572235221,1.4878310114080917,9902.981572235221,0.0,0.0,0,0.0,0,-97.0184277647779,0.0,0.0,1771113600,0.0,2026-02-15T00:00:00+00:00,9902.981572235221
9902.981572235221,9902.981572235221,1.4878310114080917,9902.981572235221,0.0,0.0,0,0.0,0,-97.0184277647779,0.0,0.0,1771200000,0.0,2026-02-16T00:00:00+00:00,9902.981572235221
9902.981572235221,9902.981572235221,1.4878310114080917,9902.981572235221,0.0,0.0,0,0.0,0,-97.0184277647779,0.0,0.0,1771286400,0.0,2026-02-17T00:00:00+00:00,9902.981572235221
9902.981572235221,9902.981572235221,1.4878310114080917,9902.981572235221,0.0,0.0,0,0.0,0,-97.0184277647779,0.0,0.0,1771372800,0.0,2026-02-18T00:00:00+00:00,9902.981572235221
9902.981572235221,9902.981572235221,1.4878310114080917,9902.981572235221,0.0,0.0,0,0.0,0,-97.0184277647779,0.0,0.0,1771459200,0.0,2026-02-19T00:00:00+00:00,9902.981572235221
9902.981572235221,9902.981572235221,1.4878310114080917,9902.981572235221,0.0,0.0,0,0.0,0,-97.0184277647779,0.0,0.0,1771545600,0.0,2026-02-20T00:00:00+00:00,9902.981572235221
9902.981572235221,9902.981572235221,1.4878310114080917,9902.981572235221,0.0,0.0,0,0.0,0,-97.0184277647779,0.0,0.0,1771632000,0.0,2026-02-21T00:00:00+00:00,9902.981572235221
9902.981572235221,9902.981572235221,1.4878310114080917,9902.981572235221,0.0,0.0,0,0.0,0,-97.0184277647779,0.0,0.0,1771718400,0.0,2026-02-22T00:00:00+00:00,9902.981572235221
9902.981572235221,9902.981572235221,1.4878310114080917,9902.981572235221,0.0,0.0,0,0.0,0,-97.0184277647779,0.0,0.0,1771804800,0.0,2026-02-23T00:00:00+00:00,9902.981572235221
9902.981572235221,9902.981572235221,1.4878310114080917,9902.981572235221,0.0,0.0,0,0.0,0,-97.0184277647779,0.0,0.0,1771891200,0.0,2026-02-24T00:00:00+00:00,9902.981572235221
9902.981572235221,9902.981572235221,1.4878310114080917,9902.981572235221,0.0,0.0,0,0.0,0,-97.0184277647779,0.0,0.0,1771977600,0.0,2026-02-25T00:00:00+00:00,9902.981572235221
9902.981572235221,9902.981572235221,1.4878310114080917,9902.981572235221,0.0,0.0,0,0.0,0,-97.0184277647779,0.0,0.0,1772064000,0.0,2026-02-26T00:00:00+00:00,9902.981572235221
9902.981572235221,9902.981572235221,1.4878310114080917,9902.981572235221,0.0,0.0,0,0.0,0,-97.0184277647779,0.0,0.0,1772150400,0.0,2026-02-27T00:00:00+00:00,9902.981572235221
9902.981572235221,9902.981572235221,1.4878310114080917,9902.981572235221,0.0,0.0,0,0.0,0,-97.0184277647779,0.0,0.0,1772236800,0.0,2026-02-28T00:00:00+00:00,9902.981572235221
9902.981572235221,9902.981572235221,1.4878310114080917,9902.981572235221,0.0,0.0,0,0.0,0,-97.0184277647779,0.0,0.0,1772323200,0.0,2026-03-01T00:00:00+00:00,9902.981572235221
9902.981572235221,9902.981572235221,1.4878310114080917,9902.981572235221,0.0,0.0,0,0.0,0,-97.0184277647779,0.0,0.0,1772409600,0.0,2026-03-02T00:00:00+00:00,9902.981572235221
9902.981572235221,9902.981572235221,1.4878310114080917,9902.981572235221,0.0,0.0,0,0.0,0,-97.0184277647779,0.0,0.0,1772496000,0.0,2026-03-03T00:00:00+00:00,9902.981572235221
9902.981572235221,9902.981572235221,1.4878310114080917,9902.981572235221,0.0,0.0,0,0.0,0,-97.0184277647779,0.0,0.0,1772582400,0.0,2026-03-04T00:00:00+00:00,9902.981572235221
9902.981572235221,9902.981572235221,1.4878310114080917,9902.981572235221,0.0,0.0,0,0.0,0,-97.0184277647779,0.0,0.0,1772668800,0.0,2026-03-05T00:00:00+00:00,9902.981572235221
9902.981572235221,9902.981572235221,1.4878310114080917,9902.981572235221,0.0,0.0,0,0.0,0,-97.0184277647779,0.0,0.0,1772755200,0.0,2026-03-06T00:00:00+00:00,9902.981572235221
9902.981572235221,9902.981572235221,1.4878310114080917,9902.981572235221,0.0,0.0,0,0.0,0,-97.0184277647779,0.0,0.0,1772841600,0.0,2026-03-07T00:00:00+00:00,9902.981572235221
9902.981572235221,9902.981572235221,1.4878310114080917,9902.981572235221,0.0,0.0,0,0.0,0,-97.0184277647779,0.0,0.0,1772928000,0.0,2026-03-08T00:00:00+00:00,9902.981572235221
9902.981572235221,9902.981572235221,1.4878310114080917,9902.981572235221,0.0,0.0,0,0.0,0,-97.0184277647779,0.0,0.0,1773014400,0.0,2026-03-09T00:00:00+00:00,9902.981572235221
9902.981572235221,9902.981572235221,1.4878310114080917,9902.981572235221,0.0,0.0,0,0.0,0,-97.0184277647779,0.0,0.0,1773100800,0.0,2026-03-10T00:00:00+00:00,9902.981572235221
9902.981572235221,9902.981572235221,1.4878310114080917,9902.981572235221,0.0,0.0,0,0.0,0,-97.0184277647779,0.0,0.0,1773187200,0.0,2026-03-11T00:00:00+00:00,9902.981572235221
9902.981572235221,9902.981572235221,1.4878310114080917,9902.981572235221,0.0,0.0,0,0.0,0,-97.0184277647779,0.0,0.0,1773273600,0.0,2026-03-12T00:00:00+00:00,9902.981572235221
9902.981572235221,9902.981572235221,1.4878310114080917,9902.981572235221,0.0,0.0,0,0.0,0,-97.0184277647779,0.0,0.0,1773360000,0.0,2026-03-13T00:00:00+00:00,9902.981572235221
9902.981572235221,9902.981572235221,1.4878310114080917,9902.981572235221,0.0,0.0,0,0.0,0,-97.0184277647779,0.0,0.0,1773446400,0.0,2026-03-14T00:00:00+00:00,9902.981572235221
9902.981572235221,9902.981572235221,1.4878310114080917,9902.981572235221,0.0,0.0,0,0.0,0,-97.0184277647779,0.0,0.0,1773532800,0.0,2026-03-15T00:00:00+00:00,9902.981572235221
9902.981572235221,9902.981572235221,1.4878310114080917,9902.981572235221,0.0,0.0,0,0.0,0,-97.0184277647779,0.0,0.0,1773619200,0.0,2026-03-16T00:00:00+00:00,9902.981572235221
9902.981572235221,9902.981572235221,1.4878310114080917,9902.981572235221,0.0,0.0,0,0.0,0,-97.0184277647779,0.0,0.0,1773705600,0.0,2026-03-17T00:00:00+00:00,9902.981572235221
9902.981572235221,9902.981572235221,1.4878310114080917,9902.981572235221,0.0,0.0,0,0.0,0,-97.0184277647779,0.0,0.0,1773792000,0.0,2026-03-18T00:00:00+00:00,9902.981572235221
9902.981572235221,9902.981572235221,1.4878310114080917,9902.981572235221,0.0,0.0,0,0.0,0,-97.0184277647779,0.0,0.0,1773878400,0.0,2026-03-19T00:00:00+00:00,9902.981572235221
9902.981572235221,9902.981572235221,1.4878310114080917,9902.981572235221,0.0,0.0,0,0.0,0,-97.0184277647779,0.0,0.0,1773964800,0.0,2026-03-20T00:00:00+00:00,9902.981572235221
9902.981572235221,9902.981572235221,1.4878310114080917,9902.981572235221,0.0,0.0,0,0.0,0,-97.0184277647779,0.0,0.0,1774051200,0.0,2026-03-21T00:00:00+00:00,9902.981572235221
9902.981572235221,9902.981572235221,1.4878310114080917,9902.981572235221,0.0,0.0,0,0.0,0,-97.0184277647779,0.0,0.0,1774137600,0.0,2026-03-22T00:00:00+00:00,9902.981572235221
9902.981572235221,9902.981572235221,1.4878310114080917,9902.981572235221,0.0,0.0,0,0.0,0,-97.0184277647779,0.0,0.0,1774224000,0.0,2026-03-23T00:00:00+00:00,9902.981572235221
9902.981572235221,9902.981572235221,1.4878310114080917,9902.981572235221,0.0,0.0,0,0.0,0,-97.0184277647779,0.0,0.0,1774310400,0.0,2026-03-24T00:00:00+00:00,9902.981572235221
9902.981572235221,9902.981572235221,1.4878310114080917,9902.981572235221,0.0,0.0,0,0.0,0,-97.0184277647779,0.0,0.0,1774396800,0.0,2026-03-25T00:00:00+00:00,9902.981572235221
9902.981572235221,9902.981572235221,1.4878310114080917,9902.981572235221,0.0,0.0,0,0.0,0,-97.0184277647779,0.0,0.0,1774483200,0.0,2026-03-26T00:00:00+00:00,9902.981572235221
9902.981572235221,9902.981572235221,1.4878310114080917,9902.981572235221,0.0,0.0,0,0.0,0,-97.0184277647779,0.0,0.0,1774569600,0.0,2026-03-27T00:00:00+00:00,9902.981572235221
9902.981572235221,9902.981572235221,1.4878310114080917,9902.981572235221,0.0,0.0,0,0.0,0,-97.0184277647779,0.0,0.0,1774656000,0.0,2026-03-28T00:00:00+00:00,9902.981572235221
9902.981572235221,9902.981572235221,1.4878310114080917,9902.981572235221,0.0,0.0,0,0.0,0,-97.0184277647779,0.0,0.0,1774742400,0.0,2026-03-29T00:00:00+00:00,9902.981572235221
9902.981572235221,9902.981572235221,1.4878310114080917,9902.981572235221,0.0,0.0,0,0.0,0,-97.0184277647779,0.0,0.0,1774828800,0.0,2026-03-30T00:00:00+00:00,9902.981572235221
9902.981572235221,9902.981572235221,1.4878310114080917,9902.981572235221,0.0,0.0,0,0.0,0,-97.0184277647779,0.0,0.0,1774915200,0.0,2026-03-31T00:00:00+00:00,9902.981572235221
9902.981572235221,9902.981572235221,1.4878310114080917,9902.981572235221,0.0,0.0,0,0.0,0,-97.0184277647779,0.0,0.0,1775001600,0.0,2026-04-01T00:00:00+00:00,9902.981572235221
9902.981572235221,9902.981572235221,1.4878310114080917,9902.981572235221,0.0,0.0,0,0.0,0,-97.0184277647779,0.0,0.0,1775088000,0.0,2026-04-02T00:00:00+00:00,9902.981572235221
9902.981572235221,9902.981572235221,1.4878310114080917,9902.981572235221,0.0,0.0,0,0.0,0,-97.0184277647779,0.0,0.0,1775174400,0.0,2026-04-03T00:00:00+00:00,9902.981572235221
9902.981572235221,9902.981572235221,1.4878310114080917,9902.981572235221,0.0,0.0,0,0.0,0,-97.0184277647779,0.0,0.0,1775260800,0.0,2026-04-04T00:00:00+00:00,9902.981572235221
9902.981572235221,9902.981572235221,1.4878310114080917,9902.981572235221,0.0,0.0,0,0.0,0,-97.0184277647779,0.0,0.0,1775347200,0.0,2026-04-05T00:00:00+00:00,9902.981572235221
9902.981572235221,9902.981572235221,1.4878310114080917,9902.981572235221,0.0,0.0,0,0.0,0,-97.0184277647779,0.0,0.0,1775433600,0.0,2026-04-06T00:00:00+00:00,9902.981572235221
9902.981572235221,9902.981572235221,1.4878310114080917,9902.981572235221,0.0,0.0,0,0.0,0,-97.0184277647779,0.0,0.0,1775520000,0.0,2026-04-07T00:00:00+00:00,9902.981572235221
9902.981572235221,9902.981572235221,1.4878310114080917,9902.981572235221,0.0,0.0,0,0.0,0,-97.0184277647779,0.0,0.0,1775606400,0.0,2026-04-08T00:00:00+00:00,9902.981572235221
9902.981572235221,9902.981572235221,1.4878310114080917,9902.981572235221,0.0,0.0,0,0.0,0,-97.0184277647779,0.0,0.0,1775692800,0.0,2026-04-09T00:00:00+00:00,9902.981572235221
9902.981572235221,9902.981572235221,1.4878310114080917,9902.981572235221,0.0,0.0,0,0.0,0,-97.0184277647779,0.0,0.0,1775779200,0.0,2026-04-10T00:00:00+00:00,9902.981572235221
9902.981572235221,9902.981572235221,1.4878310114080917,9902.981572235221,0.0,0.0,0,0.0,0,-97.0184277647779,0.0,0.0,1775865600,0.0,2026-04-11T00:00:00+00:00,9902.981572235221
9902.981572235221,9902.981572235221,1.4878310114080917,9902.981572235221,0.0,0.0,0,0.0,0,-97.0184277647779,0.0,0.0,1775952000,0.0,2026-04-12T00:00:00+00:00,9902.981572235221
9902.981572235221,9902.981572235221,1.4878310114080917,9902.981572235221,0.0,0.0,0,0.0,0,-97.0184277647779,0.0,0.0,1776038400,0.0,2026-04-13T00:00:00+00:00,9902.981572235221
9902.981572235221,9902.981572235221,1.4878310114080917,9902.981572235221,0.0,0.0,0,0.0,0,-97.0184277647779,0.0,0.0,1776124800,0.0,2026-04-14T00:00:00+00:00,9902.981572235221
9902.981572235221,9902.981572235221,1.4878310114080917,9902.981572235221,0.0,0.0,0,0.0,0,-97.0184277647779,0.0,0.0,1776211200,0.0,2026-04-15T00:00:00+00:00,9902.981572235221
9902.981572235221,9902.981572235221,1.4878310114080917,9902.981572235221,0.0,0.0,0,0.0,0,-97.0184277647779,0.0,0.0,1776297600,0.0,2026-04-16T00:00:00+00:00,9902.981572235221
9902.981572235221,9902.981572235221,1.4878310114080917,9902.981572235221,0.0,0.0,0,0.0,0,-97.0184277647779,0.0,0.0,1776384000,0.0,2026-04-17T00:00:00+00:00,9902.981572235221
9902.981572235221,9902.981572235221,1.4878310114080917,9902.981572235221,0.0,0.0,0,0.0,0,-97.0184277647779,0.0,0.0,1776470400,0.0,2026-04-18T00:00:00+00:00,9902.981572235221
9902.981572235221,9902.981572235221,1.4878310114080917,9902.981572235221,0.0,0.0,0,0.0,0,-97.0184277647779,0.0,0.0,1776556800,0.0,2026-04-19T00:00:00+00:00,9902.981572235221
9902.981572235221,9902.981572235221,1.4878310114080917,9902.981572235221,0.0,0.0,0,0.0,0,-97.0184277647779,0.0,0.0,1776643200,0.0,2026-04-20T00:00:00+00:00,9902.981572235221
9902.981572235221,9902.981572235221,1.4878310114080917,9902.981572235221,0.0,0.0,0,0.0,0,-97.0184277647779,0.0,0.0,1776729600,0.0,2026-04-21T00:00:00+00:00,9902.981572235221
9902.981572235221,9902.981572235221,1.4878310114080917,9902.981572235221,0.0,0.0,0,0.0,0,-97.0184277647779,0.0,0.0,1776816000,0.0,2026-04-22T00:00:00+00:00,9902.981572235221
9902.981572235221,9902.981572235221,1.4878310114080917,9902.981572235221,0.0,0.0,0,0.0,0,-97.0184277647779,0.0,0.0,1776902400,0.0,2026-04-23T00:00:00+00:00,9902.981572235221
9902.981572235221,9902.981572235221,1.4878310114080917,9902.981572235221,0.0,0.0,0,0.0,0,-97.0184277647779,0.0,0.0,1776988800,0.0,2026-04-24T00:00:00+00:00,9902.981572235221
9902.981572235221,9902.981572235221,1.4878310114080917,9902.981572235221,0.0,0.0,0,0.0,0,-97.0184277647779,0.0,0.0,1777075200,0.0,2026-04-25T00:00:00+00:00,9902.981572235221
9902.981572235221,9902.981572235221,1.4878310114080917,9902.981572235221,0.0,0.0,0,0.0,0,-97.0184277647779,0.0,0.0,1777161600,0.0,2026-04-26T00:00:00+00:00,9902.981572235221
9902.981572235221,9902.981572235221,1.4878310114080917,9902.981572235221,0.0,0.0,0,0.0,0,-97.0184277647779,0.0,0.0,1777248000,0.0,2026-04-27T00:00:00+00:00,9902.981572235221
9902.981572235221,9902.981572235221,1.4878310114080917,9902.981572235221,0.0,0.0,0,0.0,0,-97.0184277647779,0.0,0.0,1777334400,0.0,2026-04-28T00:00:00+00:00,9902.981572235221
9902.981572235221,9902.981572235221,1.4878310114080917,9902.981572235221,0.0,0.0,0,0.0,0,-97.0184277647779,0.0,0.0,1777420800,0.0,2026-04-29T00:00:00+00:00,9902.981572235221
9902.981572235221,9902.981572235221,1.4878310114080917,9902.981572235221,0.0,0.0,0,0.0,0,-97.0184277647779,0.0,0.0,1777507200,0.0,2026-04-30T00:00:00+00:00,9902.981572235221
9902.981572235221,9902.981572235221,1.4878310114080917,9902.981572235221,0.0,0.0,0,0.0,0,-97.0184277647779,0.0,0.0,1777593600,0.0,2026-05-01T00:00:00+00:00,9902.981572235221
9902.981572235221,9902.981572235221,1.4878310114080917,9902.981572235221,0.0,0.0,0,0.0,0,-97.0184277647779,0.0,0.0,1777680000,0.0,2026-05-02T00:00:00+00:00,9902.981572235221
9902.981572235221,9902.981572235221,1.4878310114080917,9902.981572235221,0.0,0.0,0,0.0,0,-97.0184277647779,0.0,0.0,1777766400,0.0,2026-05-03T00:00:00+00:00,9902.981572235221
9902.981572235221,9902.981572235221,1.4878310114080917,9902.981572235221,0.0,0.0,0,0.0,0,-97.0184277647779,0.0,0.0,1777852800,0.0,2026-05-04T00:00:00+00:00,9902.981572235221
9902.981572235221,9902.981572235221,1.4878310114080917,9902.981572235221,0.0,0.0,0,0.0,0,-97.0184277647779,0.0,0.0,1777939200,0.0,2026-05-05T00:00:00+00:00,9902.981572235221
9902.981572235221,9902.981572235221,1.4878310114080917,9902.981572235221,0.0,0.0,0,0.0,0,-97.0184277647779,0.0,0.0,1778025600,0.0,2026-05-06T00:00:00+00:00,9902.981572235221
9902.981572235221,9902.981572235221,1.4878310114080917,9902.981572235221,0.0,0.0,0,0.0,0,-97.0184277647779,0.0,0.0,1778112000,0.0,2026-05-07T00:00:00+00:00,9902.981572235221
9902.981572235221,9902.981572235221,1.4878310114080917,9902.981572235221,0.0,0.0,0,0.0,0,-97.0184277647779,0.0,0.0,1778198400,0.0,2026-05-08T00:00:00+00:00,9902.981572235221
9902.981572235221,9902.981572235221,1.4878310114080917,9902.981572235221,0.0,0.0,0,0.0,0,-97.0184277647779,0.0,0.0,1778284800,0.0,2026-05-09T00:00:00+00:00,9902.981572235221
9902.981572235221,9902.981572235221,1.4878310114080917,9902.981572235221,0.0,0.0,0,0.0,0,-97.0184277647779,0.0,0.0,1778371200,0.0,2026-05-10T00:00:00+00:00,9902.981572235221
9902.981572235221,9902.981572235221,1.4878310114080917,9902.981572235221,0.0,0.0,0,0.0,0,-97.0184277647779,0.0,0.0,1778457600,0.0,2026-05-11T00:00:00+00:00,9902.981572235221
9902.981572235221,9902.981572235221,1.4878310114080917,9902.981572235221,0.0,0.0,0,0.0,0,-97.0184277647779,0.0,0.0,1778544000,0.0,2026-05-12T00:00:00+00:00,9902.981572235221
9902.981572235221,9902.981572235221,1.4878310114080917,9902.981572235221,0.0,0.0,0,0.0,0,-97.0184277647779,0.0,0.0,1778630400,0.0,2026-05-13T00:00:00+00:00,9902.981572235221
9902.981572235221,9902.981572235221,1.4878310114080917,9902.981572235221,0.0,0.0,0,0.0,0,-97.0184277647779,0.0,0.0,1778716800,0.0,2026-05-14T00:00:00+00:00,9902.981572235221
9902.981572235221,9902.981572235221,1.4878310114080917,9902.981572235221,0.0,0.0,0,0.0,0,-97.0184277647779,0.0,0.0,1778803200,0.0,2026-05-15T00:00:00+00:00,9902.981572235221
9902.981572235221,9902.981572235221,1.4878310114080917,9902.981572235221,0.0,0.0,0,0.0,0,-97.0184277647779,0.0,0.0,1778889600,0.0,2026-05-16T00:00:00+00:00,9902.981572235221
9902.981572235221,9902.981572235221,1.4878310114080917,9902.981572235221,0.0,0.0,0,0.0,0,-97.0184277647779,0.0,0.0,1778976000,0.0,2026-05-17T00:00:00+00:00,9902.981572235221
9902.981572235221,9902.981572235221,1.4878310114080917,9902.981572235221,0.0,0.0,0,0.0,0,-97.0184277647779,0.0,0.0,1779062400,0.0,2026-05-18T00:00:00+00:00,9902.981572235221
9902.981572235221,9902.981572235221,1.4878310114080917,9902.981572235221,0.0,0.0,0,0.0,0,-97.0184277647779,0.0,0.0,1779148800,0.0,2026-05-19T00:00:00+00:00,9902.981572235221
9902.981572235221,9902.981572235221,1.4878310114080917,9902.981572235221,0.0,0.0,0,0.0,0,-97.0184277647779,0.0,0.0,1779235200,0.0,2026-05-20T00:00:00+00:00,9902.981572235221
9902.981572235221,9902.981572235221,1.4878310114080917,9902.981572235221,0.0,0.0,0,0.0,0,-97.0184277647779,0.0,0.0,1779321600,0.0,2026-05-21T00:00:00+00:00,9902.981572235221
9902.981572235221,9902.981572235221,1.4878310114080917,9902.981572235221,0.0,0.0,0,0.0,0,-97.0184277647779,0.0,0.0,1779408000,0.0,2026-05-22T00:00:00+00:00,9902.981572235221
9902.981572235221,9902.981572235221,1.4878310114080917,9902.981572235221,0.0,0.0,0,0.0,0,-97.0184277647779,0.0,0.0,1779494400,0.0,2026-05-23T00:00:00+00:00,9902.981572235221
9902.981572235221,9902.981572235221,1.4878310114080917,9902.981572235221,0.0,0.0,0,0.0,0,-97.0184277647779,0.0,0.0,1779580800,0.0,2026-05-24T00:00:00+00:00,9902.981572235221
9902.981572235221,9902.981572235221,1.4878310114080917,9902.981572235221,0.0,0.0,0,0.0,0,-97.0184277647779,0.0,0.0,1779667200,0.0,2026-05-25T00:00:00+00:00,9902.981572235221
