available_cash,cash,drawdown_pct,equity,gross_notional,initial_margin,open_count,open_margin,pending_count,realized_net,reserved_close_fees,reserved_pending,time,unrealized,utc,wallet_balance
10000.0,10000.0,0,10000.0,0.0,0.0,0,0.0,0,0.0,0.0,0.0,1701043200,0.0,2023-11-27T00:00:00+00:00,10000.0
9932.144800053858,9932.36704426985,0.025702068580990556,9998.337035795259,335.35692,67.34673211864751,1,67.34673211864751,0,-0.28622361150425196,0.2222442159915368,0.0,1701129600,-1.3767405932376007,2023-11-28T00:00:00+00:00,9999.713776388497
9932.04377995568,9932.266024171671,0.011955087112902607,10000.850695697081,337.97159999999997,67.34673211864751,1,67.34673211864751,0,-0.3872437096822232,0.2222442159915368,0.0,1701216000,1.2379394067623606,2023-11-29T00:00:00+00:00,9999.612756290318
9931.942759857502,9932.165004073493,0.015678211111913587,10001.911755598903,339.13368,67.34673211864751,1,67.34673211864751,0,-0.4882638078601945,0.2222442159915368,0.0,1701302400,2.4000194067624046,2023-11-30T00:00:00+00:00,9999.51173619214
9931.841739759324,9932.063983975315,0.04572995371965316,9998.905535500724,336.22848,67.34673211864751,1,67.34673211864751,0,-0.5892839060381657,0.2222442159915368,0.0,1701388800,-0.5051805932376365,2023-12-01T00:00:00+00:00,9999.410716093962
9931.740719661146,9931.962963877137,0.026935388491200474,10009.311655402546,346.73562,67.34673211864751,1,67.34673211864751,0,-0.690304004216137,0.2222442159915368,0.0,1701475200,10.00195940676237,2023-12-02T00:00:00+00:00,9999.309695995784
9931.639699562968,9931.861943778958,0.01532571641896796,10012.309515304369,349.8345,67.34673211864751,1,67.34673211864751,0,-0.7913241023941084,0.2222442159915368,0.0,1701561600,13.100839406762374,2023-12-03T00:00:00+00:00,9999.208675897606
9931.3880854371,9931.610329653091,0.019918578840194545,10012.4452611785,350.22186,67.34673211864751,1,67.34673211864751,0,-1.0429382282625874,0.2222442159915368,0.0,1701648000,13.488199406762366,2023-12-04T00:00:00+00:00,9998.957061771738
9931.112970669057,9931.335214885048,0.0858566236277225,10015.220606410458,353.2723199999999,67.34673211864751,1,67.34673211864751,0,-1.3180529963038683,0.2222442159915368,0.0,1701734400,16.538659406762342,2023-12-05T00:00:00+00:00,9998.681947003695
9930.928996233593,9931.151240449584,0.017649882313275356,10022.057531974993,360.29321999999996,67.34673211864751,1,67.34673211864751,0,-1.5020274317689837,0.2222442159915368,0.0,1701820800,23.559559406762357,2023-12-06T00:00:00+00:00,9998.497972568231
9930.632266531878,9930.85451074787,0.11432164218089236,10012.36732227328,350.89973999999995,67.34673211864751,1,67.34673211864751,0,-1.7987571334837447,0.2222442159915368,0.0,1701907200,14.166079406762368,2023-12-07T00:00:00+00:00,9998.201242866517
9930.350598926801,9930.572843142792,0.038394627446203256,10019.978114668202,358.7921999999999,67.34673211864751,1,67.34673211864751,0,-2.08042473856017,0.2222442159915368,0.0,1701993600,22.058539406762346,2023-12-08T00:00:00+00:00,9997.91957526144
9985.903541080834,9986.01466318883,0,10041.514958951533,190.19376,33.673366059323754,1,33.673366059323754,0,19.688029248152493,0.1111221079957684,0.0,1702080000,21.82692970338119,2023-12-09T00:00:00+00:00,10019.688029248153
9985.630019063006,9985.741141171002,0.07526098310728369,10035.987866933707,184.94019,33.673366059323754,1,33.673366059323754,0,19.414507230325817,0.1111221079957684,0.0,1702166400,16.573359703381186,2023-12-10T00:00:00+00:00,10019.414507230325
9985.435412262208,9985.546534370204,0.05670933748217477,10037.851110132908,186.99803999999997,33.673366059323754,1,33.673366059323754,0,19.21990042952747,0.1111221079957684,0.0,1702252800,18.631209703381174,2023-12-11T00:00:00+00:00,10019.219900429527
10019.076816404302,10019.076816404302,0.24363826026799762,10019.076816404302,0.0,0.0,0,0.0,0,19.076816404302363,0.0,0.0,1702339200,0.0,2023-12-12T00:00:00+00:00,10019.076816404302
9985.444751206016,9985.554969702045,0.21240849278845175,10022.213392697575,170.25660000000002,33.39954425111788,1,33.39954425111788,0,18.95451395316362,0.11021849602868901,0.0,1702425600,3.2588787444106235,2023-12-13T00:00:00+00:00,10018.954513953164
9985.374829260127,9985.485047756156,0.15714148205622225,10027.764160751685,175.87729000000002,33.39954425111788,1,33.39954425111788,0,18.884592007273906,0.11021849602868901,0.0,1702512000,8.87956874441063,2023-12-14T00:00:00+00:00,10018.884592007274
9985.318210352712,9985.428428848742,0.15145533245758402,10028.335251844272,176.50500000000002,33.39954425111788,1,33.39954425111788,0,18.82797309985941,0.11021849602868901,0.0,1702598400,9.507278744410623,2023-12-15T00:00:00+00:00,10018.82797309986
9985.253467006158,9985.363685502187,0.19579199421957405,10023.882278497716,172.11677,33.39954425111788,1,33.39954425111788,0,18.76322975330583,0.11021849602868901,0.0,1702684800,5.119048744410612,2023-12-16T00:00:00+00:00,10018.763229753305
9985.154771352896,9985.264989848925,0.1838503527067603,10025.081642844454,173.41483000000002,33.39954425111788,1,33.39954425111788,0,18.664534100043777,0.11021849602868901,0.0,1702771200,6.417108744410635,2023-12-17T00:00:00+00:00,10018.664534100044
9985.099156101785,9985.209374597815,0.22118900755233595,10021.331517593344,169.72032000000002,33.39954425111788,1,33.39954425111788,0,18.608918848934028,0.11021849602868901,0.0,1702857600,2.7225987444106114,2023-12-18T00:00:00+00:00,10018.608918848933
9985.047836032067,9985.158054528096,0.16910461877764904,10026.562637523624,175.00276,33.39954425111788,1,33.39954425111788,0,18.557598779214974,0.11021849602868901,0.0,1702944000,8.005038744410617,2023-12-19T00:00:00+00:00,10018.557598779214
9984.978243071688,9985.088461567717,0.18553858382286403,10024.912084563246,173.42180000000002,33.39954425111788,1,33.39954425111788,0,18.48800581883613,0.11021849602868901,0.0,1703030400,6.4240787444106235,2023-12-20T00:00:00+00:00,10018.488005818836
9984.904889322626,9985.015107818655,0.12862794857115833,10030.627930814184,179.211,33.39954425111788,1,33.39954425111788,0,18.41465206977461,0.11021849602868901,0.0,1703116800,12.213278744410625,2023-12-21T00:00:00+00:00,10018.414652069774
9984.77035094845,9984.88056944448,0.12212554814627907,10031.28100244001,179.99861,33.39954425111788,1,33.39954425111788,0,18.28011369559947,0.11021849602868901,0.0,1703203200,13.000888744410618,2023-12-22T00:00:00+00:00,10018.280113695599
9984.660237660988,9984.770456157017,0.11881718785111683,10031.613279152547,180.441,33.39954425111788,1,33.39954425111788,0,18.170000408135174,0.11021849602868901,0.0,1703289600,13.443278744410625,2023-12-23T00:00:00+00:00,10018.170000408136
9984.610138344611,9984.72035684064,0.13051354718424113,10030.43854983617,179.31637,33.39954425111788,1,33.39954425111788,0,18.119901091758496,0.11021849602868901,0.0,1703376000,12.318648744410613,2023-12-24T00:00:00+00:00,10018.119901091759
9984.534660384536,9984.644878880565,0.16038763487520313,10027.438131876093,176.39143,33.39954425111788,1,33.39954425111788,0,18.04442313168261,0.11021849602868901,0.0,1703462400,9.393708744410636,2023-12-25T00:00:00+00:00,10018.044423131683
9984.435817773277,9984.546036269307,0.13730706932406633,10029.756239264836,178.80838000000003,33.39954425111788,1,33.39954425111788,0,17.94558052042585,0.11021849602868901,0.0,1703548800,11.810658744410636,2023-12-26T00:00:00+00:00,10017.945580520425
9984.267554209295,9984.377772705324,0.18224581139691942,10025.242795700853,174.4632,33.39954425111788,1,33.39954425111788,0,17.777316956443144,0.11021849602868901,0.0,1703635200,7.465478744410624,2023-12-27T00:00:00+00:00,10017.777316956443
9984.07767112032,9984.187889616349,0.14731475564326857,10028.751112611879,178.16140000000001,33.39954425111788,1,33.39954425111788,0,17.58743386746669,0.11021849602868901,0.0,1703721600,11.163678744410625,2023-12-28T00:00:00+00:00,10017.587433867468
9983.817236504043,9983.927455000072,0.1844842408192604,10025.017977995602,174.6887,33.39954425111788,1,33.39954425111788,0,17.326999251191385,0.11021849602868901,0.0,1703808000,7.690978744410624,2023-12-29T00:00:00+00:00,10017.32699925119
9983.605635361419,9983.715853857448,0.2074798140231815,10022.708406852977,172.59073000000004,33.39954425111788,1,33.39954425111788,0,17.11539810856564,0.11021849602868901,0.0,1703894400,5.593008744410636,2023-12-30T00:00:00+00:00,10017.115398108566
9983.459313628031,9983.56953212406,0.20559334630876336,10022.89787511959,172.92652,33.39954425111788,1,33.39954425111788,0,16.969076375178705,0.11021849602868901,0.0,1703980800,5.928798744410612,2023-12-31T00:00:00+00:00,10016.969076375179
9983.24623622555,9983.35645472158,0.20168952022312503,10023.289957717108,173.53168000000002,33.39954425111788,1,33.39954425111788,0,16.75599897269706,0.11021849602868901,0.0,1704067200,6.5339587444106355,2024-01-01T00:00:00+00:00,10016.755998972698
9983.005098195965,9983.115316691994,0.12609140565498222,10030.882689687523,181.36555,33.39954425111788,1,33.39954425111788,0,16.51486094311284,0.11021849602868901,0.0,1704153600,14.367828744410625,2024-01-02T00:00:00+00:00,10016.514860943113
9982.734687135822,9982.844905631851,0.0980242396116715,10033.701628627381,184.4549,33.39954425111788,1,33.39954425111788,0,16.244449882969725,0.11021849602868901,0.0,1704240000,17.457178744410623,2024-01-03T00:00:00+00:00,10016.24444988297
9982.642121968907,9982.752340464936,0.18537062625112455,10024.928953460465,175.77479000000002,33.39954425111788,1,33.39954425111788,0,16.151884716054965,0.11021849602868901,0.0,1704326400,8.777068744410629,2024-01-04T00:00:00+00:00,10016.151884716055
9982.59202265253,9982.70224114856,0.13343737180231408,10030.144894144089,181.04083000000003,33.39954425111788,1,33.39954425111788,0,16.10178539967829,0.11021849602868901,0.0,1704412800,14.043108744410636,2024-01-05T00:00:00+00:00,10016.101785399678
9939.513317550109,9939.76488729704,0.15510394577441522,10027.968801660472,397.285943,76.2332566457685,2,76.2332566457685,0,15.998143942808298,0.25156974693103606,0.0,1704499200,11.970657717663773,2024-01-06T00:00:00+00:00,10015.998143942808
9939.527468802324,9939.779038549255,0.1517204970680308,10028.308619912686,395.448196,76.2332566457685,2,76.2332566457685,0,16.012295195023597,0.25156974693103606,0.0,1704585600,12.29632471766376,2024-01-07T00:00:00+00:00,10016.012295195023
9939.541620054539,9939.79318980147,0.10736573507005298,10032.763411164902,390.71071599999993,76.2332566457685,2,76.2332566457685,0,16.026446447238897,0.25156974693103606,0.0,1704672000,16.73696471766376,2024-01-08T00:00:00+00:00,10016.026446447238
9907.328280340076,9907.686044276961,0.040359299452641384,10039.970175393066,581.690156,108.41331420760048,3,108.41331420760048,0,16.099358484562096,0.35776393688508157,0.0,1704758400,23.87081690850395,2024-01-09T00:00:00+00:00,10016.099358484562
9907.294161505948,9907.651925442833,0.09366968166603096,10037.594369558938,574.3005029999999,108.41331420760048,3,108.41331420760048,0,16.06523965043465,0.35776393688508157,0.0,1704844800,21.52912990850392,2024-01-10T00:00:00+00:00,10016.065239650434
9937.915788540513,9938.132201226495,0.11647414429378777,10035.303203974696,359.48941,65.57960181294985,2,65.57960181294985,0,3.7118030394447485,0.2164126859827345,0.0,1704931200,31.591400935250768,2024-01-11T00:00:00+00:00,10003.711803039445
9971.085975764132,9971.2459350741,0.07990041878025433,10039.719542385566,262.36368,48.47251817213337,2,48.47251817213337,0,19.718453246232876,0.15995930996804014,0.0,1705017600,20.001089139333146,2024-01-12T00:00:00+00:00,10019.718453246232
9970.991246173484,9971.151205483451,0.21552274878076094,10026.092552794917,248.83141999999998,48.47251817213337,2,48.47251817213337,0,19.62372365558512,0.15995930996804014,0.0,1705104000,6.468829139333129,2024-01-13T00:00:00+00:00,10019.623723655584
9970.918537396226,9971.078496706194,0.1861088811089484,10029.04798401766,251.85956,48.47251817213337,2,48.47251817213337,0,19.551014878326917,0.15995930996804014,0.0,1705190400,9.496969139333132,2024-01-14T00:00:00+00:00,10019.551014878327
9944.476878803565,9971.004698633988,0.22262261701276875,10025.379175945454,248.26454999999999,48.47251817213337,2,48.47251817213337,1,19.47721680612025,0.15995930996804014,26.367860520454496,1705276800,5.9019591393331385,2024-01-15T00:00:00+00:00,10019.47721680612
9944.350718754544,9944.59715170008,0.10247335247904887,10037.451470951144,391.5609199,74.67665016223383,3,74.67665016223383,0,19.27380186231234,0.24643294553537165,0.0,1705363200,18.177669088830857,2024-01-16T00:00:00+00:00,10019.273801862313
9944.334774123145,9944.58120706868,0.07510366684246872,10040.201507919744,394.32690149999996,74.67665016223383,3,74.67665016223383,0,19.257857230914084,0.24643294553537165,0.0,1705449600,20.943650688830875,2024-01-17T00:00:00+00:00,10019.257857230914
9944.34492269142,9944.591355636956,0.16753029693652444,10030.91471328802,385.0299583,74.67665016223383,3,74.67665016223383,0,19.268005799189837,0.24643294553537165,0.0,1705536000,11.64670748883087,2024-01-18T00:00:00+00:00,10019.26800579919
9881.14800830182,9881.60135307706,0.25940172849074905,10021.683703605007,689.5911689999999,137.37720461801305,3,137.37720461801305,0,18.978557695072197,0.4533447752394431,0.0,1705622400,2.705145909934629,2024-01-19T00:00:00+00:00,10018.978557695073
9895.22500817046,9895.591879310132,0.2391205147576847,10023.721508798482,572.82192,111.1730726279126,2,111.1730726279126,0,6.7649519380443115,0.3668711396721116,0.0,1705708800,16.9565568604369,2024-01-20T00:00:00+00:00,10006.764951938045
9895.287021417735,9895.653892557406,0.22124164981531802,10025.517932045756,574.55633,111.1730726279126,2,111.1730726279126,0,6.826965185318142,0.3668711396721116,0.0,1705795200,18.690966860436934,2024-01-21T00:00:00+00:00,10006.826965185319
9895.241583843806,9895.608454983478,0.22418954999894325,10025.221734471828,574.30557,111.1730726279126,2,111.1730726279126,0,6.7815276113901355,0.3668711396721116,0.0,1705881600,18.440206860436895,2024-01-22T00:00:00+00:00,10006.78152761139
9895.334172972773,9895.701044112444,0.48663484188691264,9998.851893600793,547.84314,111.1730726279126,2,111.1730726279126,0,6.874116740356338,0.3668711396721116,0.0,1705968000,-8.022223139563064,2024-01-23T00:00:00+00:00,10006.874116740357
9950.398692345823,9950.504886535777,0.6149915408468432,9985.95493628845,164.17028,32.180057561831966,1,32.180057561831966,0,-17.3150559023905,0.1061941899540455,0.0,1706054400,3.269992190840165,2024-01-24T00:00:00+00:00,9982.68494409761
9950.413121883634,9950.519316073587,0.6457640138802789,9982.862995826259,161.06391,32.180057561831966,1,32.180057561831966,0,-17.300626364579777,0.1061941899540455,0.0,1706140800,0.16362219084014606,2024-01-25T00:00:00+00:00,9982.69937363542
9950.36485179729,9950.471045987244,0.6514427003023071,9982.292415739917,160.5416,32.180057561831966,1,32.180057561831966,0,-17.348896450922524,0.1061941899540455,0.0,1706227200,-0.35868780915984766,2024-01-26T00:00:00+00:00,9982.651103549077
9950.31658171095,9950.422775900903,0.5972043768745827,9987.742145653576,166.03959999999998,32.180057561831966,1,32.180057561831966,0,-17.39716653726527,0.1061941899540455,0.0,1706313600,5.139312190840152,2024-01-27T00:00:00+00:00,9982.602833462735
9950.268311624606,9950.37450581456,0.5785332282435274,9989.618175567233,167.9639,32.180057561831966,1,32.180057561831966,0,-17.44543662360802,0.1061941899540455,0.0,1706400000,7.063612190840152,2024-01-28T00:00:00+00:00,9982.554563376392
9950.220041538263,9950.326235728216,0.5806551971859086,9989.40496548089,167.79896,32.180057561831966,1,32.180057561831966,0,-17.493706709950768,0.1061941899540455,0.0,1706486400,6.898672190840146,2024-01-29T00:00:00+00:00,9982.50629329005
9950.17177145192,9950.277965641873,0.5513138961158681,9992.353105394546,170.79536999999996,32.180057561831966,1,32.180057561831966,0,-17.54197679629352,0.1061941899540455,0.0,1706572800,9.895082190840139,2024-01-30T00:00:00+00:00,9982.458023203706
9950.123501365577,9950.22969555553,0.5693042968906048,9990.545475308203,169.03600999999998,32.180057561831966,1,32.180057561831966,0,-17.590246882636265,0.1061941899540455,0.0,1706659200,8.135722190840145,2024-01-31T00:00:00+00:00,9982.409753117363
9950.075231279236,9950.181425469189,0.6083614088910227,9986.621115221862,165.15991999999997,32.180057561831966,1,32.180057561831966,0,-17.638516968979012,0.1061941899540455,0.0,1706745600,4.259632190840139,2024-02-01T00:00:00+00:00,9982.361483031022
9950.026961192892,9950.133155382846,0.61103056513796,9986.35292513552,164.94,32.180057561831966,1,32.180057561831966,0,-17.686787055321762,0.1061941899540455,0.0,1706832000,4.039712190840152,2024-02-02T00:00:00+00:00,9982.313212944679
9949.992742528684,9950.098936718638,0.6050784716780999,9986.950976471311,165.57226999999997,32.180057561831966,1,32.180057561831966,0,-17.721005719530137,0.1061941899540455,0.0,1706918400,4.671982190840139,2024-02-03T00:00:00+00:00,9982.27899428047
9949.956102315144,9950.062296505097,0.6141981295130439,9986.03465625777,164.69259,32.180057561831966,1,32.180057561831966,0,-17.757645933070037,0.1061941899540455,0.0,1707004800,3.792302190840158,2024-02-04T00:00:00+00:00,9982.24235406693
9949.9078322288,9950.014026418754,0.5870455776612604,9988.762876171426,167.46908,32.180057561831966,1,32.180057561831966,0,-17.805916019412784,0.1061941899540455,0.0,1707091200,6.568792190840164,2024-02-05T00:00:00+00:00,9982.194083980587
9949.875444609868,9949.981638799822,0.6067930640759389,9986.778698552494,165.51729,32.180057561831966,1,32.180057561831966,0,-17.83830363834589,0.1061941899540455,0.0,1707177600,4.617002190840158,2024-02-06T00:00:00+00:00,9982.161696361654
9949.875034314135,9949.981228504088,0.5983157443149478,9987.63047825676,166.36948,32.180057561831966,1,32.180057561831966,0,-17.838713934079806,0.1061941899540455,0.0,1707264000,5.469192190840165,2024-02-07T00:00:00+00:00,9982.16128606592
9949.826764227792,9949.932958417745,0.5728047543768544,9990.193758170417,168.98103,32.180057561831966,1,32.180057561831966,0,-17.886984020422553,0.1061941899540455,0.0,1707350400,8.080742190840164,2024-02-08T00:00:00+00:00,9982.113015979578
9950.220903963806,9950.327098153759,0.5078707024066653,9996.718167906432,175.1113,32.180057561831966,1,32.180057561831966,0,-17.49284428440811,0.1061941899540455,0.0,1707436800,14.211012190840151,2024-02-09T00:00:00+00:00,9982.507155715592
9950.590298844558,9950.696493034511,0.47546697406223304,9999.974012787185,177.99775,32.180057561831966,1,32.180057561831966,0,-17.123449403655844,0.1061941899540455,0.0,1707523200,17.09746219084015,2024-02-10T00:00:00+00:00,9982.876550596344
9950.888125277294,9950.994319467247,0.4787955166977387,9999.63956921992,177.36548,32.180057561831966,1,32.180057561831966,0,-16.82562297092109,0.1061941899540455,0.0,1707609600,16.465192190840163,2024-02-11T00:00:00+00:00,9983.17437702908
9951.24852261395,9951.354716803904,0.4875203840657538,9998.762916556578,176.12843,32.180057561831966,1,32.180057561831966,0,-16.465225634263106,0.1061941899540455,0.0,1707696000,15.228142190840163,2024-02-12T00:00:00+00:00,9983.534774365737
9951.627005142958,9951.733199332912,0.44435605865239536,10003.099959085584,180.08699,32.180057561831966,1,32.180057561831966,0,-16.086743105255376,0.1061941899540455,0.0,1707782400,19.18670219084016,2024-02-13T00:00:00+00:00,9983.913256894744
9951.781324608997,9951.88751879895,0.4608773784323006,10001.439938551623,178.27265,32.180057561831966,1,32.180057561831966,0,-15.93242363921761,0.1061941899540455,0.0,1707868800,17.37236219084015,2024-02-14T00:00:00+00:00,9984.067576360783
9951.915816332568,9952.022010522522,0.40865043303096593,10006.687570275195,183.38579,32.180057561831966,1,32.180057561831966,0,-15.797931915646569,0.1061941899540455,0.0,1707955200,22.485502190840158,2024-02-15T00:00:00+00:00,9984.202068084354
9987.606406680594,9987.65950377557,0.2705952315799287,10020.559008651908,97.25962,16.090028780915983,1,16.090028780915983,0,3.749532556486578,0.05309709497702275,0.0,1708041600,16.809476095420077,2024-02-16T00:00:00+00:00,10003.749532556487
9987.58800612368,9987.641103218657,0.2527211816886643,10022.354948094993,99.07395999999999,16.090028780915983,1,16.090028780915983,0,3.7311319995727175,0.05309709497702275,0.0,1708128000,18.623816095420068,2024-02-17T00:00:00+00:00,10003.731131999573
9987.595524189628,9987.648621284605,0.27480744412877733,10020.135776160942,96.84727,16.090028780915983,1,16.090028780915983,0,3.738650065520602,0.05309709497702275,0.0,1708214400,16.397126095420077,2024-02-18T00:00:00+00:00,10003.738650065521
9987.649699316533,9987.70279641151,0.28110810861399216,10019.502701287845,96.16001999999999,16.090028780915983,1,16.090028780915983,0,3.792825192425944,0.05309709497702275,0.0,1708300800,15.709876095420078,2024-02-19T00:00:00+00:00,10003.792825192426
9987.616077592393,9987.66917468737,0.27569726142510076,10020.046369563706,96.73730999999998,16.090028780915983,1,16.090028780915983,0,3.7592034682853424,0.05309709497702275,0.0,1708387200,16.28716609542007,2024-02-20T00:00:00+00:00,10003.759203468286
9987.550135022939,9987.603232117915,0.268008947079168,10020.818871994252,97.57575499999999,16.090028780915983,1,16.090028780915983,0,3.6932608988310776,0.05309709497702275,0.0,1708473600,17.125611095420073,2024-02-21T00:00:00+00:00,10003.693260898832
9987.594473510748,9987.647570605724,0.20258917678601662,10027.39208548206,104.10462999999999,16.090028780915983,1,16.090028780915983,0,3.7375993866412074,0.05309709497702275,0.0,1708560000,23.654486095420072,2024-02-22T00:00:00+00:00,10003.73759938664
9987.788944839107,9987.842041934084,0.19094113028607085,10028.56245181042,105.080525,16.090028780915983,1,16.090028780915983,0,3.9320707150003145,0.05309709497702275,0.0,1708646400,24.630381095420073,2024-02-23T00:00:00+00:00,10003.932070715
9987.931347225329,9987.984444320306,0.20894902281597405,10026.753064196642,103.12873499999999,16.090028780915983,1,16.090028780915983,0,4.074473101221493,0.05309709497702275,0.0,1708732800,22.678591095420067,2024-02-24T00:00:00+00:00,10004.074473101222
9988.100966699734,9988.154063794711,0.19070847256769108,10028.585828671048,104.79187999999999,16.090028780915983,1,16.090028780915983,0,4.244092575627029,0.05309709497702275,0.0,1708819200,24.34173609542007,2024-02-25T00:00:00+00:00,10004.244092575627
9988.175352511791,9988.228449606768,0.17122698414161475,10030.543279483105,106.674945,16.090028780915983,1,16.090028780915983,0,4.318478387684081,0.05309709497702275,0.0,1708905600,26.224801095420077,2024-02-26T00:00:00+00:00,10004.318478387684
9988.189802966639,9988.242900061616,0.13455841371117216,10034.227644937951,110.34485999999998,16.090028780915983,1,16.090028780915983,0,4.332928842532219,0.05309709497702275,0.0,1708992000,29.89471609542007,2024-02-27T00:00:00+00:00,10004.332928842532
9988.30782493675,9988.360922031727,0.1529457486506236,10032.380131908063,108.379325,16.090028780915983,1,16.090028780915983,0,4.450950812643121,0.05309709497702275,0.0,1709078400,27.929181095420073,2024-02-28T00:00:00+00:00,10004.450950812643
9988.348091842778,9988.401188937754,0.09700548169405687,10038.000868814092,113.959795,16.090028780915983,1,16.090028780915983,0,4.491217718670235,0.05309709497702275,0.0,1709164800,33.509651095420075,2024-02-29T00:00:00+00:00,10004.49121771867
10034.993613251467,10034.993613251467,0.12693513002884904,10034.993613251467,0.0,0.0,0,0.0,0,34.99361325146681,0.0,0.0,1709251200,0.0,2024-03-01T00:00:00+00:00,10034.993613251467
10034.993613251467,10034.993613251467,0.12693513002884904,10034.993613251467,0.0,0.0,0,0.0,0,34.99361325146681,0.0,0.0,1709337600,0.0,2024-03-02T00:00:00+00:00,10034.993613251467
10034.993613251467,10034.993613251467,0.12693513002884904,10034.993613251467,0.0,0.0,0,0.0,0,34.99361325146681,0.0,0.0,1709424000,0.0,2024-03-03T00:00:00+00:00,10034.993613251467
10034.993613251467,10034.993613251467,0.12693513002884904,10034.993613251467,0.0,0.0,0,0.0,0,34.99361325146681,0.0,0.0,1709510400,0.0,2024-03-04T00:00:00+00:00,10034.993613251467
10034.993613251467,10034.993613251467,0.12693513002884904,10034.993613251467,0.0,0.0,0,0.0,0,34.99361325146681,0.0,0.0,1709596800,0.0,2024-03-05T00:00:00+00:00,10034.993613251467
10034.993613251467,10034.993613251467,0.12693513002884904,10034.993613251467,0.0,0.0,0,0.0,0,34.99361325146681,0.0,0.0,1709683200,0.0,2024-03-06T00:00:00+00:00,10034.993613251467
10034.993613251467,10034.993613251467,0.12693513002884904,10034.993613251467,0.0,0.0,0,0.0,0,34.99361325146681,0.0,0.0,1709769600,0.0,2024-03-07T00:00:00+00:00,10034.993613251467
10034.993613251467,10034.993613251467,0.12693513002884904,10034.993613251467,0.0,0.0,0,0.0,0,34.99361325146681,0.0,0.0,1709856000,0.0,2024-03-08T00:00:00+00:00,10034.993613251467
10034.993613251467,10034.993613251467,0.12693513002884904,10034.993613251467,0.0,0.0,0,0.0,0,34.99361325146681,0.0,0.0,1709942400,0.0,2024-03-09T00:00:00+00:00,10034.993613251467
10034.993613251467,10034.993613251467,0.12693513002884904,10034.993613251467,0.0,0.0,0,0.0,0,34.99361325146681,0.0,0.0,1710028800,0.0,2024-03-10T00:00:00+00:00,10034.993613251467
10034.993613251467,10034.993613251467,0.12693513002884904,10034.993613251467,0.0,0.0,0,0.0,0,34.99361325146681,0.0,0.0,1710115200,0.0,2024-03-11T00:00:00+00:00,10034.993613251467
10034.993613251467,10034.993613251467,0.12693513002884904,10034.993613251467,0.0,0.0,0,0.0,0,34.99361325146681,0.0,0.0,1710201600,0.0,2024-03-12T00:00:00+00:00,10034.993613251467
10034.993613251467,10034.993613251467,0.12693513002884904,10034.993613251467,0.0,0.0,0,0.0,0,34.99361325146681,0.0,0.0,1710288000,0.0,2024-03-13T00:00:00+00:00,10034.993613251467
10034.993613251467,10034.993613251467,0.12693513002884904,10034.993613251467,0.0,0.0,0,0.0,0,34.99361325146681,0.0,0.0,1710374400,0.0,2024-03-14T00:00:00+00:00,10034.993613251467
10034.993613251467,10034.993613251467,0.12693513002884904,10034.993613251467,0.0,0.0,0,0.0,0,34.99361325146681,0.0,0.0,1710460800,0.0,2024-03-15T00:00:00+00:00,10034.993613251467
10034.993613251467,10034.993613251467,0.12693513002884904,10034.993613251467,0.0,0.0,0,0.0,0,34.99361325146681,0.0,0.0,1710547200,0.0,2024-03-16T00:00:00+00:00,10034.993613251467
10034.993613251467,10034.993613251467,0.12693513002884904,10034.993613251467,0.0,0.0,0,0.0,0,34.99361325146681,0.0,0.0,1710633600,0.0,2024-03-17T00:00:00+00:00,10034.993613251467
10034.993613251467,10034.993613251467,0.12693513002884904,10034.993613251467,0.0,0.0,0,0.0,0,34.99361325146681,0.0,0.0,1710720000,0.0,2024-03-18T00:00:00+00:00,10034.993613251467
10034.993613251467,10034.993613251467,0.12693513002884904,10034.993613251467,0.0,0.0,0,0.0,0,34.99361325146681,0.0,0.0,1710806400,0.0,2024-03-19T00:00:00+00:00,10034.993613251467
10034.993613251467,10034.993613251467,0.12693513002884904,10034.993613251467,0.0,0.0,0,0.0,0,34.99361325146681,0.0,0.0,1710892800,0.0,2024-03-20T00:00:00+00:00,10034.993613251467
10034.993613251467,10034.993613251467,0.12693513002884904,10034.993613251467,0.0,0.0,0,0.0,0,34.99361325146681,0.0,0.0,1710979200,0.0,2024-03-21T00:00:00+00:00,10034.993613251467
10034.993613251467,10034.993613251467,0.12693513002884904,10034.993613251467,0.0,0.0,0,0.0,0,34.99361325146681,0.0,0.0,1711065600,0.0,2024-03-22T00:00:00+00:00,10034.993613251467
10034.993613251467,10034.993613251467,0.12693513002884904,10034.993613251467,0.0,0.0,0,0.0,0,34.99361325146681,0.0,0.0,1711152000,0.0,2024-03-23T00:00:00+00:00,10034.993613251467
10034.993613251467,10034.993613251467,0.12693513002884904,10034.993613251467,0.0,0.0,0,0.0,0,34.99361325146681,0.0,0.0,1711238400,0.0,2024-03-24T00:00:00+00:00,10034.993613251467
10034.993613251467,10034.993613251467,0.12693513002884904,10034.993613251467,0.0,0.0,0,0.0,0,34.99361325146681,0.0,0.0,1711324800,0.0,2024-03-25T00:00:00+00:00,10034.993613251467
10034.993613251467,10034.993613251467,0.12693513002884904,10034.993613251467,0.0,0.0,0,0.0,0,34.99361325146681,0.0,0.0,1711411200,0.0,2024-03-26T00:00:00+00:00,10034.993613251467
10034.993613251467,10034.993613251467,0.12693513002884904,10034.993613251467,0.0,0.0,0,0.0,0,34.99361325146681,0.0,0.0,1711497600,0.0,2024-03-27T00:00:00+00:00,10034.993613251467
10034.993613251467,10034.993613251467,0.12693513002884904,10034.993613251467,0.0,0.0,0,0.0,0,34.99361325146681,0.0,0.0,1711584000,0.0,2024-03-28T00:00:00+00:00,10034.993613251467
10034.993613251467,10034.993613251467,0.12693513002884904,10034.993613251467,0.0,0.0,0,0.0,0,34.99361325146681,0.0,0.0,1711670400,0.0,2024-03-29T00:00:00+00:00,10034.993613251467
10034.993613251467,10034.993613251467,0.12693513002884904,10034.993613251467,0.0,0.0,0,0.0,0,34.99361325146681,0.0,0.0,1711756800,0.0,2024-03-30T00:00:00+00:00,10034.993613251467
10034.993613251467,10034.993613251467,0.12693513002884904,10034.993613251467,0.0,0.0,0,0.0,0,34.99361325146681,0.0,0.0,1711843200,0.0,2024-03-31T00:00:00+00:00,10034.993613251467
10034.993613251467,10034.993613251467,0.12693513002884904,10034.993613251467,0.0,0.0,0,0.0,0,34.99361325146681,0.0,0.0,1711929600,0.0,2024-04-01T00:00:00+00:00,10034.993613251467
10034.993613251467,10034.993613251467,0.12693513002884904,10034.993613251467,0.0,0.0,0,0.0,0,34.99361325146681,0.0,0.0,1712016000,0.0,2024-04-02T00:00:00+00:00,10034.993613251467
10034.993613251467,10034.993613251467,0.12693513002884904,10034.993613251467,0.0,0.0,0,0.0,0,34.99361325146681,0.0,0.0,1712102400,0.0,2024-04-03T00:00:00+00:00,10034.993613251467
10034.993613251467,10034.993613251467,0.12693513002884904,10034.993613251467,0.0,0.0,0,0.0,0,34.99361325146681,0.0,0.0,1712188800,0.0,2024-04-04T00:00:00+00:00,10034.993613251467
10034.993613251467,10034.993613251467,0.12693513002884904,10034.993613251467,0.0,0.0,0,0.0,0,34.99361325146681,0.0,0.0,1712275200,0.0,2024-04-05T00:00:00+00:00,10034.993613251467
10034.993613251467,10034.993613251467,0.12693513002884904,10034.993613251467,0.0,0.0,0,0.0,0,34.99361325146681,0.0,0.0,1712361600,0.0,2024-04-06T00:00:00+00:00,10034.993613251467
10034.993613251467,10034.993613251467,0.12693513002884904,10034.993613251467,0.0,0.0,0,0.0,0,34.99361325146681,0.0,0.0,1712448000,0.0,2024-04-07T00:00:00+00:00,10034.993613251467
10034.993613251467,10034.993613251467,0.12693513002884904,10034.993613251467,0.0,0.0,0,0.0,0,34.99361325146681,0.0,0.0,1712534400,0.0,2024-04-08T00:00:00+00:00,10034.993613251467
10034.993613251467,10034.993613251467,0.12693513002884904,10034.993613251467,0.0,0.0,0,0.0,0,34.99361325146681,0.0,0.0,1712620800,0.0,2024-04-09T00:00:00+00:00,10034.993613251467
10034.993613251467,10034.993613251467,0.12693513002884904,10034.993613251467,0.0,0.0,0,0.0,0,34.99361325146681,0.0,0.0,1712707200,0.0,2024-04-10T00:00:00+00:00,10034.993613251467
10034.993613251467,10034.993613251467,0.12693513002884904,10034.993613251467,0.0,0.0,0,0.0,0,34.99361325146681,0.0,0.0,1712793600,0.0,2024-04-11T00:00:00+00:00,10034.993613251467
10034.993613251467,10034.993613251467,0.12693513002884904,10034.993613251467,0.0,0.0,0,0.0,0,34.99361325146681,0.0,0.0,1712880000,0.0,2024-04-12T00:00:00+00:00,10034.993613251467
10034.993613251467,10034.993613251467,0.12693513002884904,10034.993613251467,0.0,0.0,0,0.0,0,34.99361325146681,0.0,0.0,1712966400,0.0,2024-04-13T00:00:00+00:00,10034.993613251467
10034.993613251467,10034.993613251467,0.12693513002884904,10034.993613251467,0.0,0.0,0,0.0,0,34.99361325146681,0.0,0.0,1713052800,0.0,2024-04-14T00:00:00+00:00,10034.993613251467
10006.55108662236,10034.993613251467,0.12693513002884904,10034.993613251467,0.0,0.0,0,0.0,1,34.99361325146681,0.0,28.442526629107498,1713139200,0.0,2024-04-15T00:00:00+00:00,10034.993613251467
10007.92008573045,10008.00896162175,0.02470873954540931,10046.273251259947,123.32824000000001,26.932088273032758,1,26.932088273032758,0,34.941049894784335,0.0888758913010081,0.0,1713225600,11.332201365163792,2024-04-16T00:00:00+00:00,10034.941049894784
10007.948610851745,10008.037486743046,0.07634016288002865,10048.271107381242,121.358909,26.932088273032758,1,26.932088273032758,0,34.969575016078714,0.0888758913010081,0.0,1713312000,13.3015323651638,2024-04-17T00:00:00+00:00,10034.969575016079
10007.96604264588,10008.05491853718,0.037176556832996255,10052.209379175378,117.438069,26.932088273032758,1,26.932088273032758,0,34.98700681021344,0.0888758913010081,0.0,1713398400,17.222372365163803,2024-04-18T00:00:00+00:00,10034.987006810214
10007.953003475342,10008.041879366643,0.12716104481571566,10043.16058600484,126.47382300000001,26.932088273032758,1,26.932088273032758,0,34.97396763967605,0.0888758913010081,0.0,1713484800,8.186618365163792,2024-04-19T00:00:00+00:00,10034.973967639677
10007.983389603936,10008.072265495237,0.13146681368543245,10042.727600133434,126.93719499999999,26.932088273032758,1,26.932088273032758,0,35.0043537682701,0.0888758913010081,0.0,1713571200,7.723246365163807,2024-04-20T00:00:00+00:00,10035.00435376827
10008.00300559043,10008.09188148173,0.20818889041659405,10035.012468119929,134.671943,26.932088273032758,1,26.932088273032758,0,35.02396975476376,0.0888758913010081,0.0,1713657600,-0.011501634836198883,2024-04-21T00:00:00+00:00,10035.023969754764
10008.043403722839,10008.13227961414,0.1868742001684076,10037.155862252337,132.568947,26.932088273032758,1,26.932088273032758,0,35.06436788717331,0.0888758913010081,0.0,1713744000,2.091494365163788,2024-04-22T00:00:00+00:00,10035.064367887173
10008.049043302124,10008.137919193425,0.25895009535121805,10029.907947831622,139.822501,26.932088273032758,1,26.932088273032758,0,35.07000746645768,0.0888758913010081,0.0,1713830400,-5.1620596348362,2024-04-23T00:00:00+00:00,10035.070007466458
10008.085178084959,10008.17405397626,0.23918424318511988,10031.895591614457,137.870992,26.932088273032758,1,26.932088273032758,0,35.10614224929361,0.0888758913010081,0.0,1713916800,-3.210550634836202,2024-04-24T00:00:00+00:00,10035.106142249293
10008.12557621737,10008.21445210867,0.17657532519816943,10038.191511746867,131.61547,26.932088273032758,1,26.932088273032758,0,35.14654038170316,0.0888758913010081,0.0,1714003200,3.044971365163807,2024-04-25T00:00:00+00:00,10035.146540381704
10008.14512083383,10008.23399672513,0.15050561342511148,10040.813068363328,129.013458,26.932088273032758,1,26.932088273032758,0,35.1660849981629,0.0888758913010081,0.0,1714089600,5.646983365163796,2024-04-26T00:00:00+00:00,10035.166084998164
10008.181961237377,10008.270837128677,0.10051529439838447,10045.840068766875,124.02329800000001,26.932088273032758,1,26.932088273032758,0,35.20292540171158,0.0888758913010081,0.0,1714176000,10.63714336516379,2024-04-27T00:00:00+00:00,10035.20292540171
10008.193123241363,10008.281999132663,0.11865882523278692,10044.01556477086,125.85896400000001,26.932088273032758,1,26.932088273032758,0,35.21408740569634,0.0888758913010081,0.0,1714262400,8.80147736516379,2024-04-28T00:00:00+00:00,10035.214087405697
10008.221003339142,10008.309879230443,0.08913888194466146,10046.98407486864,122.918334,26.932088273032758,1,26.932088273032758,0,35.24196750347658,0.0888758913010081,0.0,1714348800,11.742107365163799,2024-04-29T00:00:00+00:00,10035.241967503476
10008.248825532934,10008.337701424234,0.08682408081773785,10047.216850062432,122.71338100000001,26.932088273032758,1,26.932088273032758,0,35.269789697267036,0.0888758913010081,0.0,1714435200,11.94706036516379,2024-04-30T00:00:00+00:00,10035.269789697268
10008.276925127233,10008.365801018534,0.032672757873231095,10057.055960656731,112.90237,26.932088273032758,1,26.932088273032758,0,35.29788929156671,0.0888758913010081,0.0,1714521600,21.758071365163794,2024-05-01T00:00:00+00:00,10035.297889291567
10008.28031722375,10008.369193115052,0.1241748482127214,10050.064217753248,119.89750500000001,26.932088273032758,1,26.932088273032758,0,35.301281388084696,0.0888758913010081,0.0,1714608000,14.762936365163787,2024-05-02T00:00:00+00:00,10035.301281388085
10008.313550074075,10008.402425965376,0.15005716154745663,10047.459794603574,122.53516099999999,26.932088273032758,1,26.932088273032758,0,35.334514238409206,0.0888758913010081,0.0,1714694400,12.125280365163805,2024-05-03T00:00:00+00:00,10035.33451423841
10008.31113830557,10008.40001419687,0.20401173275006457,10042.030583835067,127.96195999999999,26.932088273032758,1,26.932088273032758,0,35.332102469904356,0.0888758913010081,0.0,1714780800,6.698481365163802,2024-05-04T00:00:00+00:00,10035.332102469903
10008.33849322763,10008.42736911893,0.2249047679847127,10039.928209757127,130.091689,26.932088273032758,1,26.932088273032758,0,35.359457391963275,0.0888758913010081,0.0,1714867200,4.568752365163789,2024-05-05T00:00:00+00:00,10035.359457391964
10008.357720045447,10008.446595936748,0.22196845917403785,10040.223677574946,129.815448,26.932088273032758,1,26.932088273032758,0,35.37868420978139,0.0888758913010081,0.0,1714953600,4.844993365163791,2024-05-06T00:00:00+00:00,10035.378684209782
10008.395350905786,10008.484226797087,0.2850005854613036,10033.881032435285,136.195724,26.932088273032758,1,26.932088273032758,0,35.41631507012089,0.0888758913010081,0.0,1715040000,-1.535282634836206,2024-05-07T00:00:00+00:00,10035.41631507012
10008.435749038197,10008.524624929498,0.24182656813696024,10038.225443567695,131.891711,26.932088273032758,1,26.932088273032758,0,35.45671320253044,0.0888758913010081,0.0,1715126400,2.768730365163805,2024-05-08T00:00:00+00:00,10035.456713202531
10008.476147170606,10008.565023061907,0.18908850290868529,10043.532242700105,126.62531,26.932088273032758,1,26.932088273032758,0,35.49711133493999,0.0888758913010081,0.0,1715212800,8.035131365163803,2024-05-09T00:00:00+00:00,10035.49711133494
10008.506498287485,10008.595374178785,0.2803537817627655,10034.348619816983,135.839284,26.932088273032758,1,26.932088273032758,0,35.52746245181928,0.0888758913010081,0.0,1715299200,-1.1788426348362009,2024-05-10T00:00:00+00:00,10035.527462451819
10008.546896419895,10008.635772311196,0.2225680245851902,10040.163345949393,130.064956,26.932088273032758,1,26.932088273032758,0,35.56786058422883,0.0888758913010081,0.0,1715385600,4.59548536516379,2024-05-11T00:00:00+00:00,10035.56786058423
10008.57115011199,10008.66002600329,0.2170136355805985,10040.722259641487,129.53029600000002,26.932088273032758,1,26.932088273032758,0,35.59211427632311,0.0888758913010081,0.0,1715472000,5.130145365163785,2024-05-12T00:00:00+00:00,10035.592114276324
10008.579688930577,10008.668564821877,0.19921757843482935,10042.512998460075,127.74809600000002,26.932088273032758,1,26.932088273032758,0,35.60065309491007,0.0888758913010081,0.0,1715558400,6.912345365163785,2024-05-13T00:00:00+00:00,10035.60065309491
10008.576205264957,10008.665081156258,0.23529449014793036,10038.882737794454,131.374873,26.932088273032758,1,26.932088273032758,0,35.59716942929196,0.0888758913010081,0.0,1715644800,3.285568365163791,2024-05-14T00:00:00+00:00,10035.597169429291
10008.611037881326,10008.699913772627,0.1865967540293889,10043.782976410825,126.509467,26.932088273032758,1,26.932088273032758,0,35.63200204565989,0.0888758913010081,0.0,1715731200,8.150974365163798,2024-05-15T00:00:00+00:00,10035.63200204566
10008.626970904748,10008.715846796049,0.3321130328951538,10029.140314434246,141.168062,26.932088273032758,1,26.932088273032758,0,35.64793506908221,0.0888758913010081,0.0,1715817600,-6.507620634836192,2024-05-16T00:00:00+00:00,10035.647935069082
10008.667369037157,10008.756244928458,0.34003582705756097,10028.343078566655,142.005696,26.932088273032758,1,26.932088273032758,0,35.68833320149176,0.0888758913010081,0.0,1715904000,-7.345254634836215,2024-05-17T00:00:00+00:00,10035.688333201491
10023.298672140994,10023.298672140994,0.3901662782912818,10023.298672140994,0.0,0.0,0,0.0,0,23.298672140994427,0.0,0.0,1715990400,0.0,2024-05-18T00:00:00+00:00,10023.298672140994
10023.298672140994,10023.298672140994,0.3901662782912818,10023.298672140994,0.0,0.0,0,0.0,0,23.298672140994427,0.0,0.0,1716076800,0.0,2024-05-19T00:00:00+00:00,10023.298672140994
10023.298672140994,10023.298672140994,0.3901662782912818,10023.298672140994,0.0,0.0,0,0.0,0,23.298672140994427,0.0,0.0,1716163200,0.0,2024-05-20T00:00:00+00:00,10023.298672140994
10023.298672140994,10023.298672140994,0.3901662782912818,10023.298672140994,0.0,0.0,0,0.0,0,23.298672140994427,0.0,0.0,1716249600,0.0,2024-05-21T00:00:00+00:00,10023.298672140994
10023.298672140994,10023.298672140994,0.3901662782912818,10023.298672140994,0.0,0.0,0,0.0,0,23.298672140994427,0.0,0.0,1716336000,0.0,2024-05-22T00:00:00+00:00,10023.298672140994
10023.298672140994,10023.298672140994,0.3901662782912818,10023.298672140994,0.0,0.0,0,0.0,0,23.298672140994427,0.0,0.0,1716422400,0.0,2024-05-23T00:00:00+00:00,10023.298672140994
10023.298672140994,10023.298672140994,0.3901662782912818,10023.298672140994,0.0,0.0,0,0.0,0,23.298672140994427,0.0,0.0,1716508800,0.0,2024-05-24T00:00:00+00:00,10023.298672140994
10023.298672140994,10023.298672140994,0.3901662782912818,10023.298672140994,0.0,0.0,0,0.0,0,23.298672140994427,0.0,0.0,1716595200,0.0,2024-05-25T00:00:00+00:00,10023.298672140994
10023.298672140994,10023.298672140994,0.3901662782912818,10023.298672140994,0.0,0.0,0,0.0,0,23.298672140994427,0.0,0.0,1716681600,0.0,2024-05-26T00:00:00+00:00,10023.298672140994
10023.298672140994,10023.298672140994,0.3901662782912818,10023.298672140994,0.0,0.0,0,0.0,0,23.298672140994427,0.0,0.0,1716768000,0.0,2024-05-27T00:00:00+00:00,10023.298672140994
10023.298672140994,10023.298672140994,0.3901662782912818,10023.298672140994,0.0,0.0,0,0.0,0,23.298672140994427,0.0,0.0,1716854400,0.0,2024-05-28T00:00:00+00:00,10023.298672140994
10023.298672140994,10023.298672140994,0.3901662782912818,10023.298672140994,0.0,0.0,0,0.0,0,23.298672140994427,0.0,0.0,1716940800,0.0,2024-05-29T00:00:00+00:00,10023.298672140994
10023.298672140994,10023.298672140994,0.3901662782912818,10023.298672140994,0.0,0.0,0,0.0,0,23.298672140994427,0.0,0.0,1717027200,0.0,2024-05-30T00:00:00+00:00,10023.298672140994
10023.298672140994,10023.298672140994,0.3901662782912818,10023.298672140994,0.0,0.0,0,0.0,0,23.298672140994427,0.0,0.0,1717113600,0.0,2024-05-31T00:00:00+00:00,10023.298672140994
10023.298672140994,10023.298672140994,0.3901662782912818,10023.298672140994,0.0,0.0,0,0.0,0,23.298672140994427,0.0,0.0,1717200000,0.0,2024-06-01T00:00:00+00:00,10023.298672140994
10023.298672140994,10023.298672140994,0.3901662782912818,10023.298672140994,0.0,0.0,0,0.0,0,23.298672140994427,0.0,0.0,1717286400,0.0,2024-06-02T00:00:00+00:00,10023.298672140994
10023.298672140994,10023.298672140994,0.3901662782912818,10023.298672140994,0.0,0.0,0,0.0,0,23.298672140994427,0.0,0.0,1717372800,0.0,2024-06-03T00:00:00+00:00,10023.298672140994
10023.298672140994,10023.298672140994,0.3901662782912818,10023.298672140994,0.0,0.0,0,0.0,0,23.298672140994427,0.0,0.0,1717459200,0.0,2024-06-04T00:00:00+00:00,10023.298672140994
10023.298672140994,10023.298672140994,0.3901662782912818,10023.298672140994,0.0,0.0,0,0.0,0,23.298672140994427,0.0,0.0,1717545600,0.0,2024-06-05T00:00:00+00:00,10023.298672140994
10023.298672140994,10023.298672140994,0.3901662782912818,10023.298672140994,0.0,0.0,0,0.0,0,23.298672140994427,0.0,0.0,1717632000,0.0,2024-06-06T00:00:00+00:00,10023.298672140994
10023.298672140994,10023.298672140994,0.3901662782912818,10023.298672140994,0.0,0.0,0,0.0,0,23.298672140994427,0.0,0.0,1717718400,0.0,2024-06-07T00:00:00+00:00,10023.298672140994
9933.573066470233,9992.06167651173,0.3791053139135636,10024.411688250122,156.89322880000003,31.135804265401653,1,31.135804265401653,1,23.197480777131872,0.10274815407582545,58.385861887422,1717804800,1.2142074729917571,2024-06-08T00:00:00+00:00,10023.197480777131
9933.450945777757,9933.745170503995,0.4269895505753185,10019.593308499694,442.4841698,89.15900795107518,2,89.15900795107518,0,22.904178455069655,0.2942247262385481,0.0,1717891200,-3.3108699553758996,2024-06-09T00:00:00+00:00,10022.90417845507
9933.317207265829,9933.611431992067,0.3666561358303344,10025.664394187766,448.68899400000004,89.15900795107518,2,89.15900795107518,0,22.770439943143042,0.2942247262385481,0.0,1717977600,2.893954244624119,2024-06-10T00:00:00+00:00,10022.770439943142
9933.183468753903,9933.477693480141,0.4421573480050345,10018.067039875841,441.2253782,89.15900795107518,2,89.15900795107518,0,22.63670143121643,0.2942247262385481,0.0,1718064000,-4.569661555375879,2024-06-11T00:00:00+00:00,10022.636701431216
9909.94611400001,9910.275429056068,0.6465855451604274,9997.496331136175,486.390667,99.79244122997287,2,99.79244122997287,0,10.067870286040156,0.3293150560589105,0.0,1718150400,-12.571539149864332,2024-06-12T00:00:00+00:00,10010.06787028604
9909.813379471683,9910.142694527742,0.5688999765876557,10005.31348760785,494.340558,99.79244122997287,2,99.79244122997287,0,9.935135757714429,0.3293150560589105,0.0,1718236800,-4.6216481498643205,2024-06-13T00:00:00+00:00,10009.935135757714
9909.721905049597,9910.051220105655,0.6008615511617132,10002.097335185763,491.21587999999997,99.79244122997287,2,99.79244122997287,0,9.843661335628768,0.3293150560589105,0.0,1718323200,-7.746326149864364,2024-06-14T00:00:00+00:00,10009.843661335628
9909.606231166346,9909.935546222405,0.6494186298930282,9997.211250302513,486.445469,99.79244122997287,2,99.79244122997287,0,9.727987452378008,0.3293150560589105,0.0,1718409600,-12.516737149864367,2024-06-15T00:00:00+00:00,10009.727987452377
9909.528105238302,9909.85742029436,0.5408765418076777,10008.133362374469,497.44570699999997,99.79244122997287,2,99.79244122997287,0,9.649861524331941,0.3293150560589105,0.0,1718496000,-1.5164991498643465,2024-06-16T00:00:00+00:00,10009.649861524333
9909.449975322223,9909.779290378281,0.5186122351032885,10010.373721458389,499.76419599999997,99.79244122997287,2,99.79244122997287,0,9.571731608253161,0.3293150560589105,0.0,1718582400,0.8019898501356506,2024-06-17T00:00:00+00:00,10009.571731608254
9909.383578926718,9909.712893982776,0.6710851081326408,9995.031048062885,484.48791900000003,99.79244122997287,2,99.79244122997287,0,9.505335212748479,0.3293150560589105,0.0,1718668800,-14.474287149864333,2024-06-18T00:00:00+00:00,10009.505335212749
9942.90195734881,9943.039795832705,0.8029031864076774,9981.766775655507,205.80393,41.769237544299344,1,41.769237544299344,0,-15.190966622997431,0.13783848389618783,0.0,1718755200,-3.0422577214967013,2024-06-19T00:00:00+00:00,9984.809033377003
9942.84763436692,9942.985472850816,0.7585067476199026,9986.234193673617,210.325671,41.769237544299344,1,41.769237544299344,0,-15.24528960488567,0.13783848389618783,0.0,1718841600,1.4794832785032848,2024-06-20T00:00:00+00:00,9984.754710395115
9942.843647493197,9942.981485977092,0.7868202289574633,9983.385132799895,207.48059700000002,41.769237544299344,1,41.769237544299344,0,-15.249276478609273,0.13783848389618783,0.0,1718928000,-1.3655907214967076,2024-06-21T00:00:00+00:00,9984.75072352139
9911.417932577524,9942.93131903434,0.7838418111836054,9983.684837857141,207.830469,41.769237544299344,1,41.769237544299344,1,-15.299443421361854,0.13783848389618783,31.375547972921247,1719014400,-1.0157187214967034,2024-06-22T00:00:00+00:00,9984.700556578638
9912.743666869012,9912.980121874785,0.7508823024340416,9987.001407998267,351.17760075,71.6530320527457,2,71.6530320527457,0,-15.366846072469963,0.2364550057740608,0.0,1719100800,2.36825407073506,2024-06-23T00:00:00+00:00,9984.63315392753
9912.732083770044,9912.968538775818,0.7793529329087168,9984.136533899298,345.20253375,71.6530320527457,2,71.6530320527457,0,-15.37842917143687,0.2364550057740608,0.0,1719187200,-0.48503692926493525,2024-06-24T00:00:00+00:00,9984.621570828564
9942.427064694315,9942.525681216193,0.8556957358483164,9976.454494016873,145.37395425,29.883794508446357,1,29.883794508446357,0,-27.590524275360064,0.09861652187787298,0.0,1719273600,4.04501829223178,2024-06-25T00:00:00+00:00,9972.40947572464
9942.471890386078,9942.570506907956,0.8289124559839545,9979.149577458635,142.72369650000002,29.883794508446357,1,29.883794508446357,0,-27.545698583597396,0.09861652187787298,0.0,1719360000,6.695276042231777,2024-06-26T00:00:00+00:00,9972.454301416403
9942.51671607784,9942.615332599718,0.7499383015244221,9987.096398650398,134.82170100000002,29.883794508446357,1,29.883794508446357,0,-27.500872891834724,0.09861652187787298,0.0,1719446400,14.597271542231773,2024-06-27T00:00:00+00:00,9972.499127108165
9942.561541769603,9942.660158291481,0.7608035472968067,9986.00307684216,135.95984850000002,29.883794508446357,1,29.883794508446357,0,-27.456047200072057,0.09861652187787298,0.0,1719532800,13.459124042231773,2024-06-28T00:00:00+00:00,9972.543952799928
9942.600105312225,9942.698721834104,0.6857695847303003,9993.553413884782,128.44807500000002,29.883794508446357,1,29.883794508446357,0,-27.41748365744863,0.09861652187787298,0.0,1719619200,20.970897542231775,2024-06-29T00:00:00+00:00,9972.58251634255
9942.644931003988,9942.743547525866,0.6725591638937711,9994.882720326545,127.16359425,29.883794508446357,1,29.883794508446357,0,-27.37265796568596,0.09861652187787298,0.0,1719705600,22.25537829223178,2024-06-30T00:00:00+00:00,9972.627342034313
9942.648747164547,9942.747363686425,0.7327911968904144,9988.821836237104,133.2282945,29.883794508446357,1,29.883794508446357,0,-27.368841805127232,0.09861652187787298,0.0,1719792000,16.190678042231777,2024-07-01T00:00:00+00:00,9972.631158194872
9942.688851216777,9942.787467738655,0.7154265758703482,9990.569161539333,131.52107325,29.883794508446357,1,29.883794508446357,0,-27.3287377528969,0.09861652187787298,0.0,1719878400,17.897899292231788,2024-07-02T00:00:00+00:00,9972.671262247102
9942.733676908541,9942.83229343042,0.741157333911302,9987.979988731098,134.15507175,29.883794508446357,1,29.883794508446357,0,-27.283912061134227,0.09861652187787298,0.0,1719964800,15.26390079223179,2024-07-03T00:00:00+00:00,9972.716087938867
9942.778502600304,9942.877119122182,0.6607289445559217,9996.073143172862,126.106743,29.883794508446357,1,29.883794508446357,0,-27.23908636937156,0.09861652187787298,0.0,1720051200,23.312229542231787,2024-07-04T00:00:00+00:00,9972.76091363063
9942.788713892887,9942.887330414766,0.49532943331024315,10012.716567215444,109.47353025,29.883794508446357,1,29.883794508446357,0,-27.22887507678802,0.09861652187787298,0.0,1720137600,39.94544229223178,2024-07-05T00:00:00+00:00,9972.771124923212
9947.804979715449,9947.954278040876,0.4688617061617828,10015.379897977777,204.02588084,45.24191679615014,2,45.24191679615014,0,-6.803805162974441,0.1492983254272955,0.0,1720224000,22.18370314075071,2024-07-06T00:00:00+00:00,9993.196194837026
9947.847418686684,9947.99671701211,0.5703687371005017,10005.165692709012,214.28252508,45.24191679615014,2,45.24191679615014,0,-6.761366191738409,0.1492983254272955,0.0,1720310400,11.927058900750703,2024-07-07T00:00:00+00:00,9993.238633808262
9947.909474177364,9948.05877250279,0.44801357675925413,10017.477753379691,202.03251989999995,45.24191679615014,2,45.24191679615014,0,-6.699310701058327,0.1492983254272955,0.0,1720396800,24.177064080750736,2024-07-08T00:00:00+00:00,9993.300689298942
9947.960778086857,9948.110076412284,0.5858663201712577,10003.606239209184,215.95533797999997,45.24191679615014,2,45.24191679615014,0,-6.648006791565982,0.1492983254272955,0.0,1720483200,10.254246000750713,2024-07-09T00:00:00+00:00,9993.351993208435
9966.027844466238,9966.077152696851,0.6681598441979908,9995.325404483494,60.4030766,14.94188806444059,1,14.94188806444059,0,-18.98095923870735,0.04930823061265395,0.0,1720569600,14.306363722202951,2024-07-10T00:00:00+00:00,9981.019040761292
9966.050257298335,9966.099565528948,0.6630088718435956,9995.843724135591,59.90716978,14.94188806444059,1,14.94188806444059,0,-18.958546406610687,0.04930823061265395,0.0,1720656000,14.802270542202951,2024-07-11T00:00:00+00:00,9981.041453593389
9966.065302285428,9966.11461051604,0.6778864420078023,9994.346659802684,61.4192791,14.94188806444059,1,14.94188806444059,0,-18.943501419518604,0.04930823061265395,0.0,1720742400,13.290161222202954,2024-07-12T00:00:00+00:00,9981.056498580481
9912.471865633239,9912.697166063617,0.5745517248243348,10004.744777085209,317.58953512,68.2728576902652,2,68.2728576902652,0,-19.029976246118444,0.22530043037787517,0.0,1720828800,23.77475333132606,2024-07-13T00:00:00+00:00,9980.970023753882
9912.569327660636,9912.794628091015,0.6635879744431805,9995.785451592605,326.64632264,68.2728576902652,2,68.2728576902652,0,-18.932514218721188,0.22530043037787517,0.0,1720915200,14.717965811326048,2024-07-14T00:00:00+00:00,9981.06748578128
9833.14523294465,9833.631355569212,0.7716722613448246,9984.909406036628,732.58126692,147.30988623123568,3,147.30988623123568,0,-19.058758199551654,0.4861226245630778,0.0,1721001600,3.968164236178559,2024-07-15T00:00:00+00:00,9980.941241800449
9888.22244547662,9888.447745906999,1.1211982266611797,9949.73814820859,348.34674384000004,68.2728576902652,2,68.2728576902652,0,-43.27939640273718,0.22530043037787517,0.0,1721088000,-6.982455388673962,2024-07-16T00:00:00+00:00,9956.720603597263
9888.320219789477,9888.545520219855,1.0741035405951282,9954.477078961447,343.7055874,68.2728576902652,2,68.2728576902652,0,-43.18162208987937,0.22530043037787517,0.0,1721174400,-2.3412989486739493,2024-07-17T00:00:00+00:00,9956.81837791012
9888.422340697573,9888.647641127951,1.123958725540275,9949.460371369541,348.8244159,68.2728576902652,2,68.2728576902652,0,-43.07950118178361,0.22530043037787517,0.0,1721260800,-7.460127448673958,2024-07-18T00:00:00+00:00,9956.920498818215
9856.048632803084,9856.298897890607,1.1823776934490215,9943.581928031272,367.7444017199999,75.83790531011064,2,75.83790531011064,0,-67.86319679928165,0.2502650875233651,0.0,1721347200,11.445124830553254,2024-07-19T00:00:00+00:00,9932.136803200718
9856.101846824582,9856.352111912105,1.291844500216599,9932.566765592768,378.81277818,75.83790531011064,2,75.83790531011064,0,-67.80998277778335,0.2502650875233651,0.0,1721433600,0.3767483705532273,2024-07-20T00:00:00+00:00,9932.190017222216
9856.185009523484,9856.435274611007,1.2720385116749888,9934.559754951671,376.90295152,75.83790531011064,2,75.83790531011064,0,-67.72682007888241,0.2502650875233651,0.0,1721520000,2.286575030553244,2024-07-21T00:00:00+00:00,9932.273179921118
9856.260231381735,9856.510496469258,1.317697076317359,9929.965334769922,381.57259356000003,75.83790531011064,2,75.83790531011064,0,-67.65159822063029,0.2502650875233651,0.0,1721606400,-2.3830670094467834,2024-07-22T00:00:00+00:00,9932.348401779369
9856.3739882397,9856.624253327223,1.1797010885586046,9943.851262987888,367.8004222,75.83790531011064,2,75.83790531011064,0,-67.53784136266513,0.2502650875233651,0.0,1721692800,11.389104350553238,2024-07-23T00:00:00+00:00,9932.462158637334
9856.487745097666,9856.738010185189,1.234144016765093,9938.372911005852,373.39253103999994,75.83790531011064,2,75.83790531011064,0,-67.42408450469999,0.2502650875233651,0.0,1721779200,5.796995510553266,2024-07-24T00:00:00+00:00,9932.5759154953
9856.599688010421,9856.849953097944,1.1291754664390585,9948.935433718609,362.94195124,75.83790531011064,2,75.83790531011064,0,-67.31214159194585,0.2502650875233651,0.0,1721865600,16.247575310553252,2024-07-25T00:00:00+00:00,9932.687858408055
9856.701886363831,9856.952151451354,1.0088603089380976,9961.042217892018,350.93736542,75.83790531011064,2,75.83790531011064,0,-67.20994323853562,0.2502650875233651,0.0,1721952000,28.25216113055324,2024-07-26T00:00:00+00:00,9932.790056761465
9856.812237735703,9857.062502823226,1.1412317985135312,9947.722258143891,364.36767654,75.83790531011064,2,75.83790531011064,0,-67.09959186666255,0.2502650875233651,0.0,1722038400,14.821850010553272,2024-07-27T00:00:00+00:00,9932.900408133337
9856.839719999236,9857.089985086759,1.1406151883534776,9947.784304907424,364.33311204,75.83790531011064,2,75.83790531011064,0,-67.07210960313043,0.2502650875233651,0.0,1722124800,14.85641451055324,2024-07-28T00:00:00+00:00,9932.92789039687
9856.953476857201,9857.203741944724,1.1019884164854,9951.671146765388,360.56002704,75.83790531011064,2,75.83790531011064,0,-66.95835274516527,0.2502650875233651,0.0,1722211200,18.629499510553238,2024-07-29T00:00:00+00:00,9933.041647254835
9857.018879232672,9857.269144320195,1.2019596611662298,9941.61148090086,370.68509528,75.83790531011064,2,75.83790531011064,0,-66.89295036969402,0.2502650875233651,0.0,1722297600,8.504431270553226,2024-07-30T00:00:00+00:00,9933.107049630305
9857.111674421223,9857.361939508746,1.0911283903017432,9952.76394334941,359.62542802,75.83790531011064,2,75.83790531011064,0,-66.8001551811422,0.2502650875233651,0.0,1722384000,19.564098530553224,2024-07-31T00:00:00+00:00,9933.199844818857
9857.225431279188,9857.475696366711,1.0255572757857934,9959.362075687375,353.14105254000003,75.83790531011064,2,75.83790531011064,0,-66.68639832317706,0.2502650875233651,0.0,1722470400,26.048474010553228,2024-08-01T00:00:00+00:00,9933.313601676822
9857.285002861008,9857.535267948531,0.9912724554968388,9962.812006089196,349.75069372,75.83790531011064,2,75.83790531011064,0,-66.62682674135706,0.2502650875233651,0.0,1722556800,29.438832830553242,2024-08-02T00:00:00+00:00,9933.373173258642
9857.333602002303,9857.583867089827,0.7555116655008742,9986.535575590491,326.07572336,75.83790531011064,2,75.83790531011064,0,-66.57822760006248,0.2502650875233651,0.0,1722643200,53.11380319055324,2024-08-03T00:00:00+00:00,9933.421772399937
9857.416589117423,9857.666854204947,0.7148837341917624,9990.62378530561,322.07050076,75.83790531011064,2,75.83790531011064,0,-66.49524048494196,0.2502650875233651,0.0,1722729600,57.11902579055322,2024-08-04T00:00:00+00:00,9933.504759515057
9857.451351661819,9857.701616749342,0.5945058654982849,10002.736879830007,309.99216878000004,75.83790531011064,2,75.83790531011064,0,-66.46047794054788,0.2502650875233651,0.0,1722816000,69.19735777055324,2024-08-05T00:00:00+00:00,9933.539522059453
9925.08747804689,9925.237262323202,0.2638410016343129,10036.010228123621,161.56208204,45.38917464006979,2,45.38917464006979,0,-29.373563036727603,0.1497842763122303,0.0,1722902400,65.38379116034892,2024-08-06T00:00:00+00:00,9970.626436963272
9925.100151189785,9925.249935466098,0.36345655820386735,10025.986353586517,171.59862972,45.38917464006979,2,45.38917464006979,0,-29.360889893832713,0.1497842763122303,0.0,1722988800,55.347243480348936,2024-08-07T00:00:00+00:00,9970.639110106167
9925.096364884648,9925.246149160961,0.3284536284333006,10029.508544181379,168.07265282,45.38917464006979,2,45.38917464006979,0,-29.36467619896934,0.1497842763122303,0.0,1723075200,58.873220380348926,2024-08-08T00:00:00+00:00,9970.63532380103
9925.085693915536,9925.23547819185,0.6271006043917837,9999.457014872269,198.11351116,45.38917464006979,2,45.38917464006979,0,-29.375347168081042,0.1497842763122303,0.0,1723161600,28.832362040348933,2024-08-09T00:00:00+00:00,9970.624652831919
9925.10186848508,9925.251652761393,0.6201771460265015,10000.153691981812,197.43300862,45.38917464006979,2,45.38917464006979,0,-29.35917259853739,0.1497842763122303,0.0,1723248000,29.512864580348925,2024-08-10T00:00:00+00:00,9970.640827401463
9940.035401645899,9940.135877691599,0.6819962777013133,9993.933105145374,128.886492,30.4472865756292,1,30.4472865756292,0,-29.41683573277323,0.10047604569957636,0.0,1723334400,23.34994087814597,2024-08-11T00:00:00+00:00,9970.583164267227
9940.056675165028,9940.157151210728,0.6518221897503396,9996.969390664502,125.87148,30.4472865756292,1,30.4472865756292,0,-29.39556221364284,0.10047604569957636,0.0,1723420800,26.36495287814597,2024-08-12T00:00:00+00:00,9970.604437786356
9940.055245664924,9940.155721710624,0.6885040055653935,9993.278261164398,129.56118,30.4472865756292,1,30.4472865756292,0,-29.396991713747568,0.10047604569957636,0.0,1723507200,22.67525287814597,2024-08-13T00:00:00+00:00,9970.603008286253
9940.082150409706,9940.182626455406,0.7286757660521226,9989.235953909181,133.630392,30.4472865756292,1,30.4472865756292,0,-29.370086968965012,0.10047604569957636,0.0,1723593600,18.60604087814597,2024-08-14T00:00:00+00:00,9970.629913031034
9940.11476706545,9940.21524311115,0.7415519667740789,9987.940278564925,134.958684,30.4472865756292,1,30.4472865756292,0,-29.33747031322087,0.10047604569957636,0.0,1723680000,17.277748878145964,2024-08-15T00:00:00+00:00,9970.662529686779
9940.118472500226,9940.218948545926,0.7685444093639138,9985.224147999701,137.67852,30.4472865756292,1,30.4472865756292,0,-29.33376487844461,0.10047604569957636,0.0,1723766400,14.55791287814598,2024-08-16T00:00:00+00:00,9970.666235121555
9940.1274316143,9940.22790766,0.7927607622076338,9982.787363113775,140.12426399999998,30.4472865756292,1,30.4472865756292,0,-29.324805764369735,0.10047604569957636,0.0,1723852800,12.112168878145988,2024-08-17T00:00:00+00:00,9970.67519423563
9940.127096694148,9940.227572739848,0.8151837147954533,9980.531040193622,142.380252,30.4472865756292,1,30.4472865756292,0,-29.32514068452207,0.10047604569957636,0.0,1723939200,9.856180878145972,2024-08-18T00:00:00+00:00,9970.674859315477
9940.119589915645,9940.220065961345,0.7890671661044846,9983.159033415119,139.744752,30.4472865756292,1,30.4472865756292,0,-29.332647463027286,0.10047604569957636,0.0,1724025600,12.491680878145972,2024-08-19T00:00:00+00:00,9970.667352536973
9940.15785911014,9940.25833515584,0.788477324174397,9983.218386609615,139.723668,30.4472865756292,1,30.4472865756292,0,-29.29437826853038,0.10047604569957636,0.0,1724112000,12.512764878145983,2024-08-20T00:00:00+00:00,9970.70562173147
9940.186648541963,9940.287124587663,0.748799730444738,9987.210968041438,135.759876,30.4472865756292,1,30.4472865756292,0,-29.265588836708794,0.10047604569957636,0.0,1724198400,16.476556878145974,2024-08-21T00:00:00+00:00,9970.734411163292
9940.223558265114,9940.324034310814,0.7450804607360251,9987.585221764588,135.42253200000002,30.4472865756292,1,30.4472865756292,0,-29.228679113557483,0.10047604569957636,0.0,1724284800,16.81390087814597,2024-08-22T00:00:00+00:00,9970.771320886442
9940.239969352579,9940.340445398278,0.7340218518391839,9988.698000852053,134.326164,30.4472865756292,1,30.4472865756292,0,-29.21226802609322,0.10047604569957636,0.0,1724371200,17.910268878145974,2024-08-23T00:00:00+00:00,9970.787731973907
9940.261521464381,9940.361997510081,0.7832565614031117,9983.743728963856,139.301988,30.4472865756292,1,30.4472865756292,0,-29.190715914290664,0.10047604569957636,0.0,1724457600,12.93444487814599,2024-08-24T00:00:00+00:00,9970.80928408571
9940.282033801346,9940.382509847046,0.7929005856105564,9982.773293300821,140.29293600000003,30.4472865756292,1,30.4472865756292,0,-29.170203577324664,0.10047604569957636,0.0,1724544000,11.943496878145963,2024-08-25T00:00:00+00:00,9970.829796422675
9940.296038030807,9940.396514076507,0.756093804278557,9986.47699753028,136.603236,30.4472865756292,1,30.4472865756292,0,-29.156199347864202,0.10047604569957636,0.0,1724630400,15.633196878145963,2024-08-26T00:00:00+00:00,9970.843800652136
9940.301548989677,9940.402025035377,0.7179047232345082,9990.319796489151,132.765948,30.4472865756292,1,30.4472865756292,0,-29.150688388994013,0.10047604569957636,0.0,1724716800,19.470484878145978,2024-08-27T00:00:00+00:00,9970.849311611006
9940.310526372125,9940.411002417824,0.6627093284088392,9995.8738658716,127.22085600000001,30.4472865756292,1,30.4472865756292,0,-29.14171100654719,0.10047604569957636,0.0,1724803200,25.015576878145968,2024-08-28T00:00:00+00:00,9970.858288993453
9940.305446242359,9940.405922288059,0.6927224892165018,9992.853773741834,130.235868,30.4472865756292,1,30.4472865756292,0,-29.14679113631233,0.10047604569957636,0.0,1724889600,22.00056487814597,2024-08-29T00:00:00+00:00,9970.853208863688
9940.31970013957,9940.42017618527,0.7066192926956538,9991.455399639044,131.648496,30.4472865756292,1,30.4472865756292,0,-29.13253723910195,0.10047604569957636,0.0,1724976000,20.58793687814598,2024-08-30T00:00:00+00:00,9970.867462760898
9940.327311961213,9940.427788006913,0.7574592428745253,9986.339599460687,136.77190800000002,30.4472865756292,1,30.4472865756292,0,-29.124925417458044,0.10047604569957636,0.0,1725062400,15.464524878145966,2024-08-31T00:00:00+00:00,9970.875074582542
9940.305315319027,9940.405791364727,0.7585159585480672,9986.2332668185,136.856244,30.4472865756292,1,30.4472865756292,0,-29.14692205964461,0.10047604569957636,0.0,1725148800,15.380188878145983,2024-09-01T00:00:00+00:00,9970.853077940355
9940.329618343172,9940.430094388872,0.7293594098836675,9989.167161842646,133.946652,30.4472865756292,1,30.4472865756292,0,-29.122619035499937,0.10047604569957636,0.0,1725235200,18.289780878145972,2024-09-02T00:00:00+00:00,9970.8773809645
9940.336269552923,9940.436745598623,0.7667990377743683,9985.399777052398,137.720688,30.4472865756292,1,30.4472865756292,0,-29.115967825747497,0.10047604569957636,0.0,1725321600,14.51574487814599,2024-09-03T00:00:00+00:00,9970.884032174252
9940.348197277439,9940.448673323139,0.7461466406566863,9987.477936776913,135.654456,30.4472865756292,1,30.4472865756292,0,-29.10404010123149,0.10047604569957636,0.0,1725408000,16.58197687814597,2024-09-04T00:00:00+00:00,9970.895959898768
9940.36063651637,9940.46111256207,0.7673949998378338,9985.339808015846,137.805024,30.4472865756292,1,30.4472865756292,0,-29.091600862301014,0.10047604569957636,0.0,1725494400,14.431408878145977,2024-09-05T00:00:00+00:00,9970.9083991377
9940.373511151498,9940.473987197198,0.7810959809902651,9983.961138650973,139.19656799999998,30.4472865756292,1,30.4472865756292,0,-29.07872622717251,0.10047604569957636,0.0,1725580800,13.039864878145984,2024-09-06T00:00:00+00:00,9970.921273772827
9940.365817122181,9940.466293167881,0.7176850958846681,9990.341896621656,132.808116,30.4472865756292,1,30.4472865756292,0,-29.08642025649017,0.10047604569957636,0.0,1725667200,19.42831687814597,2024-09-07T00:00:00+00:00,9970.91357974351
9940.359956019516,9940.460432065216,0.6974190102975952,9992.381183518992,130.762968,30.4472865756292,1,30.4472865756292,0,-29.092281359155983,0.10047604569957636,0.0,1725753600,21.47346487814597,2024-09-08T00:00:00+00:00,9970.907718640845
9940.40562694938,9940.50610299508,0.6732883409836021,9994.809346448854,128.38047600000002,30.4472865756292,1,30.4472865756292,0,-29.046610429292535,0.10047604569957636,0.0,1725840000,23.855956878145975,2024-09-09T00:00:00+00:00,9970.953389570708
9940.428045286484,9940.528521332184,0.6833324820829545,9993.798648785958,129.41359200000002,30.4472865756292,1,30.4472865756292,0,-29.0241920921869,0.10047604569957636,0.0,1725926400,22.82284087814597,2024-09-10T00:00:00+00:00,9970.975807907813
9940.447079407688,9940.547555453388,0.6856576746093301,9993.564674907162,129.66660000000002,30.4472865756292,1,30.4472865756292,0,-29.00515797098415,0.10047604569957636,0.0,1726012800,22.569832878145977,2024-09-11T00:00:00+00:00,9970.994842029017
9940.467884038604,9940.568360084304,0.6986512612206619,9992.257187538078,130.99489200000002,30.4472865756292,1,30.4472865756292,0,-28.984353340067017,0.10047604569957636,0.0,1726099200,21.24154087814597,2024-09-12T00:00:00+00:00,9971.015646659933
9940.493936259363,9940.594412305063,0.712640344169635,9990.849527758837,132.428604,30.4472865756292,1,30.4472865756292,0,-28.958301119308587,0.10047604569957636,0.0,1726185600,19.80782887814597,2024-09-13T00:00:00+00:00,9971.041698880692
9940.512682653707,9940.613158699407,0.7558265897273708,9986.503886153181,136.792992,30.4472865756292,1,30.4472865756292,0,-28.93955472496397,0.10047604569957636,0.0,1726272000,15.443440878145985,2024-09-14T00:00:00+00:00,9971.060445275036
9940.526657958246,9940.627134003946,0.7762215669574912,9984.45162945772,138.859224,30.4472865756292,1,30.4472865756292,0,-28.925579420425755,0.10047604569957636,0.0,1726358400,13.377208878145977,2024-09-15T00:00:00+00:00,9971.074420579575
9940.543540978651,9940.644017024351,0.7205285488528945,9990.055772478127,133.271964,30.4472865756292,1,30.4472865756292,0,-28.908696400019565,0.10047604569957636,0.0,1726444800,18.964468878145972,2024-09-16T00:00:00+00:00,9971.09130359998
9940.548054788887,9940.648530834587,0.7070738226907514,9991.409662288363,131.922588,30.4472865756292,1,30.4472865756292,0,-28.90418258978473,0.10047604569957636,0.0,1726531200,20.313844878145975,2024-09-17T00:00:00+00:00,9971.095817410216
9940.55003234015,9940.65050838585,0.731150027917471,9988.986979839625,134.347248,30.4472865756292,1,30.4472865756292,0,-28.902205038521643,0.10047604569957636,0.0,1726617600,17.88918487814598,2024-09-18T00:00:00+00:00,9971.097794961479
9940.571902626098,9940.672378671798,0.7535618381501852,9986.731778125572,136.62432,30.4472865756292,1,30.4472865756292,0,-28.88033475257437,0.10047604569957636,0.0,1726704000,15.61211287814598,2024-09-19T00:00:00+00:00,9971.119665247426
9940.617573555961,9940.71804960166,0.765260661729994,9985.554577055436,137.847192,30.4472865756292,1,30.4472865756292,0,-28.834663822710922,0.10047604569957636,0.0,1726790400,14.389240878145985,2024-09-20T00:00:00+00:00,9971.16533617729
9940.652871095288,9940.753347140988,0.7628145888185722,9985.800714594763,137.63635200000002,30.4472865756292,1,30.4472865756292,0,-28.799366283383797,0.10047604569957636,0.0,1726876800,14.600080878145974,2024-09-21T00:00:00+00:00,9971.200633716617
9940.672399984896,9940.772876030596,0.7946784813684271,9982.594391484372,140.86220400000002,30.4472865756292,1,30.4472865756292,0,-28.779837393774187,0.10047604569957636,0.0,1726963200,11.37422887814597,2024-09-22T00:00:00+00:00,9971.220162606225
9940.681572229978,9940.782048275678,0.8329311724325716,9978.745191729453,144.720576,30.4472865756292,1,30.4472865756292,0,-28.770665148693283,0.10047604569957636,0.0,1727049600,7.515856878145974,2024-09-23T00:00:00+00:00,9971.229334851307
9940.719098510683,9940.819574556383,0.7965192205592997,9982.409166010157,141.094128,30.4472865756292,1,30.4472865756292,0,-28.73313886798882,0.10047604569957636,0.0,1727136000,11.142304878145971,2024-09-24T00:00:00+00:00,9971.266861132011
9940.764769440546,9940.865245486246,0.7908271206877204,9982.981936940021,140.567028,30.4472865756292,1,30.4472865756292,0,-28.687467938125373,0.10047604569957636,0.0,1727222400,11.669404878145972,2024-09-25T00:00:00+00:00,9971.312532061875
9940.8100780477,9940.9105540934,0.7874434426977994,9983.322421547175,140.271852,30.4472865756292,1,30.4472865756292,0,-28.642159330972184,0.10047604569957636,0.0,1727308800,11.964580878145973,2024-09-26T00:00:00+00:00,9971.357840669029
9940.854130704281,9940.954606749981,0.82870196534921,9979.170758203756,144.467568,30.4472865756292,1,30.4472865756292,0,-28.59810667439023,0.10047604569957636,0.0,1727395200,7.768864878145983,2024-09-27T00:00:00+00:00,9971.40189332561
9940.899801634145,9941.000277679845,0.8816780409763303,9973.840009133619,149.843988,30.4472865756292,1,30.4472865756292,0,-28.55243574452679,0.10047604569957636,0.0,1727481600,2.3924448781459895,2024-09-28T00:00:00+00:00,9971.447564255473
9940.945472564008,9941.045948609708,0.8575473716623261,9976.268172063483,147.461496,30.4472865756292,1,30.4472865756292,0,-28.50676481466334,0.10047604569957636,0.0,1727568000,4.77493687814598,2024-09-29T00:00:00+00:00,9971.493235185337
9940.991143493871,9941.091619539571,0.8430550454659569,9977.726470993346,146.048868,30.4472865756292,1,30.4472865756292,0,-28.4610938847999,0.10047604569957636,0.0,1727654400,6.1875648781459835,2024-09-30T00:00:00+00:00,9971.5389061152
9941.031470924941,9941.131946970641,0.7906910371738629,9982.995630424417,140.82003600000002,30.4472865756292,1,30.4472865756292,0,-28.42076645373048,0.10047604569957636,0.0,1727740800,11.416396878145962,2024-10-01T00:00:00+00:00,9971.57923354627
9912.640586048192,9912.834264463503,0.7686317024512834,9985.215364080945,269.88856539,58.6904288822128,2,58.6904288822128,0,-28.47530665428409,0.19367841531130225,0.0,1727827200,13.690670735227958,2024-10-02T00:00:00+00:00,9971.524693345717
9912.638320238346,9912.831998653657,0.7723637308096221,9984.8398265111,267.49122963,58.6904288822128,2,58.6904288822128,0,-28.47757246412906,0.19367841531130225,0.0,1727913600,13.317398975227935,2024-10-03T00:00:00+00:00,9971.52242753587
9912.629432537507,9912.823110952819,0.7862523245290243,9983.44227852026,268.37964134000003,58.6904288822128,2,58.6904288822128,0,-28.486460164968165,0.19367841531130225,0.0,1728000000,11.928738685227941,2024-10-04T00:00:00+00:00,9971.513539835032
9912.664991685198,9912.85867010051,0.7459347794370852,9987.499255437951,278.55758711,58.6904288822128,2,58.6904288822128,0,-28.450901017276056,0.19367841531130225,0.0,1728086400,15.950156455227948,2024-10-05T00:00:00+00:00,9971.549098982723
9912.650854220343,9912.844532635654,0.7605948042709976,9986.024081733096,282.78923087,58.6904288822128,2,58.6904288822128,0,-28.465038482131785,0.19367841531130225,0.0,1728172800,14.489120215227956,2024-10-06T00:00:00+00:00,9971.534961517867
9912.62869808514,9912.822376500451,0.7539855599494216,9986.689140867893,286.68121414,58.6904288822128,2,58.6904288822128,0,-28.487194617335856,0.19367841531130225,0.0,1728259200,15.176335485227952,2024-10-07T00:00:00+00:00,9971.512805382665
9912.626063119365,9912.819741534677,0.7307319220372421,9989.029051992118,279.45162423,58.6904288822128,2,58.6904288822128,0,-28.489829583109877,0.19367841531130225,0.0,1728345600,17.518881575227933,2024-10-08T00:00:00+00:00,9971.51017041689
9912.62703088314,9912.820709298452,0.7593681396813268,9986.147515585893,280.44857606000005,58.6904288822128,2,58.6904288822128,0,-28.48886181933509,0.19367841531130225,0.0,1728432000,14.636377405227927,2024-10-09T00:00:00+00:00,9971.511138180666
9912.629568461956,9912.823246877268,0.7745178117753548,9984.623070834708,274.24094573,58.6904288822128,2,58.6904288822128,0,-28.486324240519764,0.19367841531130225,0.0,1728518400,13.109395075227926,2024-10-10T00:00:00+00:00,9971.513675759481
9912.624861054346,9912.818539469657,0.6558855748369341,9996.5605101271,285.00238843,58.6904288822128,2,58.6904288822128,0,-28.491031648129443,0.19367841531130225,0.0,1728604800,25.051541775227935,2024-10-11T00:00:00+00:00,9971.50896835187
9912.61063426485,9912.804312680162,0.6811258315367552,9994.020694307603,287.87430340000003,58.6904288822128,2,58.6904288822128,0,-28.505258437624732,0.19367841531130225,0.0,1728691200,22.525952745227936,2024-10-12T00:00:00+00:00,9971.494741562376
9912.584858755481,9912.778537170792,0.7152143705249303,9990.590514828235,287.08431542999995,58.6904288822128,2,58.6904288822128,0,-28.53103394699388,0.19367841531130225,0.0,1728777600,19.121548775227954,2024-10-13T00:00:00+00:00,9971.468966053006
9912.586593549124,9912.780271964435,0.7426698794117947,9987.827787941877,278.45850175,58.6904288822128,2,58.6904288822128,0,-28.5292991533507,0.19367841531130225,0.0,1728864000,16.357087095227964,2024-10-14T00:00:00+00:00,9971.470700846648
9912.589899765528,9912.783578180839,0.6905788918653455,9993.069474498281,292.38349009,58.6904288822128,2,58.6904288822128,0,-28.525992936947127,0.19367841531130225,0.0,1728950400,21.59546743522795,2024-10-15T00:00:00+00:00,9971.474007063052
9912.593205981932,9912.786884397243,0.8282781223755364,9979.213407654684,295.39131703,58.6904288822128,2,58.6904288822128,0,-28.52268672054356,0.19367841531130225,0.0,1729036800,7.736094375227948,2024-10-16T00:00:00+00:00,9971.477313279456
9942.969177802845,9943.062380172456,0.918063967430971,9970.178653676121,140.08884272999998,28.243142306583604,1,28.243142306583604,0,-28.694477520961293,0.0932023696117259,0.0,1729123200,-1.126868802918036,2024-10-17T00:00:00+00:00,9971.305522479039
9958.977570268014,9958.977570268014,1.0293784251040328,9958.977570268014,0.0,0.0,0,0.0,0,-41.02242973198617,0.0,0.0,1729209600,0.0,2024-10-18T00:00:00+00:00,9958.977570268014
9922.07374407314,9922.194710538839,0.8751557323770753,9974.49632030973,198.9276288,36.65650475727719,1,36.65650475727719,0,-41.14878470388451,0.12096646569901473,0.0,1729296000,15.645105013614051,2024-10-19T00:00:00+00:00,9958.851215296116
9922.018759316003,9922.139725781703,0.7997314237888853,9982.085936152593,206.57222940000003,36.65650475727719,1,36.65650475727719,0,-41.20376946102042,0.12096646569901473,0.0,1729382400,23.289705613614068,2024-10-20T00:00:00+00:00,9958.79623053898
9921.963774558868,9922.084741024568,0.8261579943584119,9979.426746795458,203.9680248,36.65650475727719,1,36.65650475727719,0,-41.25875421815634,0.12096646569901473,0.0,1729468800,20.685501013614054,2024-10-21T00:00:00+00:00,9958.741245781845
9921.908789801731,9922.029756267431,0.956105130629259,9966.350739038322,190.94700180000004,36.65650475727719,1,36.65650475727719,0,-41.31373897529225,0.12096646569901473,0.0,1729555200,7.6644780136140715,2024-10-22T00:00:00+00:00,9958.686261024708
9921.853805044595,9921.974771510295,0.9299365750763511,9968.983965481186,193.63521300000002,36.65650475727719,1,36.65650475727719,0,-41.36872373242817,0.12096646569901473,0.0,1729641600,10.352689213614074,2024-10-23T00:00:00+00:00,9958.631276267572
9862.850354003062,9863.16458452791,0.9448618735267256,9967.48209846114,485.2029986,95.2213711666928,2,95.2213711666928,0,-41.614044305394685,0.3142305248500863,0.0,1729728000,9.096142766535959,2024-10-24T00:00:00+00:00,9958.385955694604
9862.707521946313,9863.021752471162,0.9661064294575694,9965.344352404392,483.2080846,95.2213711666928,2,95.2213711666928,0,-41.75687636214473,0.3142305248500863,0.0,1729814400,7.101228766535941,2024-10-25T00:00:00+00:00,9958.243123637856
9887.129526473425,9887.322790532577,1.2209101680191403,9939.704574894913,286.64124999999996,58.564866409415615,1,58.564866409415615,0,-54.112343058007795,0.19326405915107156,0.0,1729900800,-6.183082047078116,2024-10-26T00:00:00+00:00,9945.887656941992
9887.048859226434,9887.242123285585,1.172481805350456,9944.577707647923,291.59504999999996,58.564866409415615,1,58.564866409415615,0,-54.19301030500013,0.19326405915107156,0.0,1729987200,-1.2292820470781338,2024-10-27T00:00:00+00:00,9945.806989695
9886.96101192682,9887.154275985971,1.1434618255571793,9947.497860348309,294.60305,58.564866409415615,1,58.564866409415615,0,-54.28085760461425,0.19326405915107156,0.0,1730073600,1.7787179529219088,2024-10-28T00:00:00+00:00,9945.719142395386
9886.873164627204,9887.066428686356,1.0748219553640137,9954.404788048692,301.597825,58.564866409415615,1,58.564866409415615,0,-54.36870490422837,0.19326405915107156,0.0,1730160000,8.77349295292188,2024-10-29T00:00:00+00:00,9945.63129509577
9886.78531732759,9886.978581386742,0.9910604352834307,9962.833340749079,310.114225,58.564866409415615,1,58.564866409415615,0,-54.4565522038425,0.19326405915107156,0.0,1730246400,17.28989295292188,2024-10-30T00:00:00+00:00,9945.543447796157
9886.697470027977,9886.890734087128,0.9677388069535109,9965.180093449466,312.54882499999997,58.564866409415615,1,58.564866409415615,0,-54.544399503456624,0.19326405915107156,0.0,1730332800,19.724492952921857,2024-10-31T00:00:00+00:00,9945.455600496543
9886.609622728363,9886.802886787515,1.13333854814327,9948.516521149852,295.9731,58.564866409415615,1,58.564866409415615,0,-54.63224680307074,0.19326405915107156,0.0,1730419200,3.1487679529218915,2024-11-01T00:00:00+00:00,9945.36775319693
9886.52177542875,9886.7150394879,1.1429809488728737,9947.546248850238,295.090675,58.564866409415615,1,58.564866409415615,0,-54.72009410268487,0.19326405915107156,0.0,1730505600,2.266342952921866,2024-11-02T00:00:00+00:00,9945.279905897316
9886.433928129134,9886.627192188285,1.1646506078140884,9945.365726550623,292.998,58.564866409415615,1,58.564866409415615,0,-54.807941402298994,0.19326405915107156,0.0,1730592000,0.17366795292187248,2024-11-03T00:00:00+00:00,9945.1920585977
9886.34608082952,9886.539344888672,1.2082495783294123,9940.978554251009,288.69867500000004,58.564866409415615,1,58.564866409415615,0,-54.89578870191311,0.19326405915107156,0.0,1730678400,-4.125657047078091,2024-11-04T00:00:00+00:00,9945.104211298087
9886.258233529907,9886.451497589058,1.2781800704633195,9933.941756951395,281.74972499999996,58.564866409415615,1,58.564866409415615,0,-54.98363600152724,0.19326405915107156,0.0,1730764800,-11.074607047078128,2024-11-05T00:00:00+00:00,9945.016363998473
9886.170386230293,9886.363650289444,1.251332003317962,9936.643359651782,284.539175,58.564866409415615,1,58.564866409415615,0,-55.07148330114136,0.19326405915107156,0.0,1730851200,-8.285157047078101,2024-11-06T00:00:00+00:00,9944.92851669886
9804.371389381276,9804.75202946293,1.2054712508485999,9941.258125103692,609.994666,115.34547928915299,2,115.34547928915299,0,-79.90249124791592,0.38064008165420493,0.0,1730937600,21.160616351608788,2024-11-07T00:00:00+00:00,9920.097508752084
9856.810512048625,9857.094437860678,1.073463788466933,9954.541454399267,466.3285008,86.03812486469651,2,86.03812486469651,0,-56.86743727462513,0.2839258120534985,0.0,1731024000,11.408891673891286,2024-11-08T00:00:00+00:00,9943.132562725375
9833.637578902786,9833.916152516225,1.1716074651898722,9944.665688645813,451.17107699999997,84.41624649652981,2,84.41624649652981,0,-81.66760098724468,0.27857361343854836,0.0,1731110400,26.33328963305778,2024-11-09T00:00:00+00:00,9918.332399012756
9867.55042648829,9867.64697627784,1.2752169735494756,9934.239920338003,183.622992,29.257511984959127,1,29.257511984959127,0,-103.09551173720178,0.09654978955036511,0.0,1731196800,37.33543207520437,2024-11-10T00:00:00+00:00,9896.904488262799
9940.929885571062,9940.929885571062,1.2087332393750927,9940.929885571062,0.0,0.0,0,0.0,0,-59.07011442893801,0.0,0.0,1731283200,0.0,2024-11-11T00:00:00+00:00,9940.929885571062
9940.929885571062,9940.929885571062,1.2087332393750927,9940.929885571062,0.0,0.0,0,0.0,0,-59.07011442893801,0.0,0.0,1731369600,0.0,2024-11-12T00:00:00+00:00,9940.929885571062
9940.929885571062,9940.929885571062,1.2087332393750927,9940.929885571062,0.0,0.0,0,0.0,0,-59.07011442893801,0.0,0.0,1731456000,0.0,2024-11-13T00:00:00+00:00,9940.929885571062
9940.929885571062,9940.929885571062,1.2087332393750927,9940.929885571062,0.0,0.0,0,0.0,0,-59.07011442893801,0.0,0.0,1731542400,0.0,2024-11-14T00:00:00+00:00,9940.929885571062
9940.929885571062,9940.929885571062,1.2087332393750927,9940.929885571062,0.0,0.0,0,0.0,0,-59.07011442893801,0.0,0.0,1731628800,0.0,2024-11-15T00:00:00+00:00,9940.929885571062
9940.929885571062,9940.929885571062,1.2087332393750927,9940.929885571062,0.0,0.0,0,0.0,0,-59.07011442893801,0.0,0.0,1731715200,0.0,2024-11-16T00:00:00+00:00,9940.929885571062
9940.929885571062,9940.929885571062,1.2087332393750927,9940.929885571062,0.0,0.0,0,0.0,0,-59.07011442893801,0.0,0.0,1731801600,0.0,2024-11-17T00:00:00+00:00,9940.929885571062
9940.929885571062,9940.929885571062,1.2087332393750927,9940.929885571062,0.0,0.0,0,0.0,0,-59.07011442893801,0.0,0.0,1731888000,0.0,2024-11-18T00:00:00+00:00,9940.929885571062
9940.929885571062,9940.929885571062,1.2087332393750927,9940.929885571062,0.0,0.0,0,0.0,0,-59.07011442893801,0.0,0.0,1731974400,0.0,2024-11-19T00:00:00+00:00,9940.929885571062
9940.929885571062,9940.929885571062,1.2087332393750927,9940.929885571062,0.0,0.0,0,0.0,0,-59.07011442893801,0.0,0.0,1732060800,0.0,2024-11-20T00:00:00+00:00,9940.929885571062
9940.929885571062,9940.929885571062,1.2087332393750927,9940.929885571062,0.0,0.0,0,0.0,0,-59.07011442893801,0.0,0.0,1732147200,0.0,2024-11-21T00:00:00+00:00,9940.929885571062
9940.929885571062,9940.929885571062,1.2087332393750927,9940.929885571062,0.0,0.0,0,0.0,0,-59.07011442893801,0.0,0.0,1732233600,0.0,2024-11-22T00:00:00+00:00,9940.929885571062
9940.929885571062,9940.929885571062,1.2087332393750927,9940.929885571062,0.0,0.0,0,0.0,0,-59.07011442893801,0.0,0.0,1732320000,0.0,2024-11-23T00:00:00+00:00,9940.929885571062
9940.929885571062,9940.929885571062,1.2087332393750927,9940.929885571062,0.0,0.0,0,0.0,0,-59.07011442893801,0.0,0.0,1732406400,0.0,2024-11-24T00:00:00+00:00,9940.929885571062
9940.929885571062,9940.929885571062,1.2087332393750927,9940.929885571062,0.0,0.0,0,0.0,0,-59.07011442893801,0.0,0.0,1732492800,0.0,2024-11-25T00:00:00+00:00,9940.929885571062
9940.929885571062,9940.929885571062,1.2087332393750927,9940.929885571062,0.0,0.0,0,0.0,0,-59.07011442893801,0.0,0.0,1732579200,0.0,2024-11-26T00:00:00+00:00,9940.929885571062
9940.929885571062,9940.929885571062,1.2087332393750927,9940.929885571062,0.0,0.0,0,0.0,0,-59.07011442893801,0.0,0.0,1732665600,0.0,2024-11-27T00:00:00+00:00,9940.929885571062
9940.929885571062,9940.929885571062,1.2087332393750927,9940.929885571062,0.0,0.0,0,0.0,0,-59.07011442893801,0.0,0.0,1732752000,0.0,2024-11-28T00:00:00+00:00,9940.929885571062
9940.929885571062,9940.929885571062,1.2087332393750927,9940.929885571062,0.0,0.0,0,0.0,0,-59.07011442893801,0.0,0.0,1732838400,0.0,2024-11-29T00:00:00+00:00,9940.929885571062
9940.929885571062,9940.929885571062,1.2087332393750927,9940.929885571062,0.0,0.0,0,0.0,0,-59.07011442893801,0.0,0.0,1732924800,0.0,2024-11-30T00:00:00+00:00,9940.929885571062
9940.929885571062,9940.929885571062,1.2087332393750927,9940.929885571062,0.0,0.0,0,0.0,0,-59.07011442893801,0.0,0.0,1733011200,0.0,2024-12-01T00:00:00+00:00,9940.929885571062
9940.929885571062,9940.929885571062,1.2087332393750927,9940.929885571062,0.0,0.0,0,0.0,0,-59.07011442893801,0.0,0.0,1733097600,0.0,2024-12-02T00:00:00+00:00,9940.929885571062
9940.929885571062,9940.929885571062,1.2087332393750927,9940.929885571062,0.0,0.0,0,0.0,0,-59.07011442893801,0.0,0.0,1733184000,0.0,2024-12-03T00:00:00+00:00,9940.929885571062
9940.929885571062,9940.929885571062,1.2087332393750927,9940.929885571062,0.0,0.0,0,0.0,0,-59.07011442893801,0.0,0.0,1733270400,0.0,2024-12-04T00:00:00+00:00,9940.929885571062
9940.929885571062,9940.929885571062,1.2087332393750927,9940.929885571062,0.0,0.0,0,0.0,0,-59.07011442893801,0.0,0.0,1733356800,0.0,2024-12-05T00:00:00+00:00,9940.929885571062
9940.929885571062,9940.929885571062,1.2087332393750927,9940.929885571062,0.0,0.0,0,0.0,0,-59.07011442893801,0.0,0.0,1733443200,0.0,2024-12-06T00:00:00+00:00,9940.929885571062
9940.929885571062,9940.929885571062,1.2087332393750927,9940.929885571062,0.0,0.0,0,0.0,0,-59.07011442893801,0.0,0.0,1733529600,0.0,2024-12-07T00:00:00+00:00,9940.929885571062
9940.929885571062,9940.929885571062,1.2087332393750927,9940.929885571062,0.0,0.0,0,0.0,0,-59.07011442893801,0.0,0.0,1733616000,0.0,2024-12-08T00:00:00+00:00,9940.929885571062
9940.929885571062,9940.929885571062,1.2087332393750927,9940.929885571062,0.0,0.0,0,0.0,0,-59.07011442893801,0.0,0.0,1733702400,0.0,2024-12-09T00:00:00+00:00,9940.929885571062
9869.176013326996,9869.411260238134,1.174438747694484,9944.380789162413,360.1173,71.28694276893,1,71.28694276893,0,-59.301796992937035,0.23524691113746904,0.0,1733788800,3.6825861553499477,2024-12-10T00:00:00+00:00,9940.698203007063
9869.069082912843,9869.30432982398,1.2040422541186535,9941.40191874826,357.24536,71.28694276893,1,71.28694276893,0,-59.40872740709043,0.23524691113746904,0.0,1733875200,0.8106461553499583,2024-12-11T00:00:00+00:00,9940.59127259291
9868.962152498689,9869.197399409826,1.0368639156740356,9958.224338334105,374.17471,71.28694276893,1,71.28694276893,0,-59.51565782124383,0.23524691113746904,0.0,1733961600,17.73999615534996,2024-12-12T00:00:00+00:00,9940.484342178755
9868.855222084536,9869.090468995673,1.0800576027629627,9953.877947919953,369.93525,71.28694276893,1,71.28694276893,0,-59.62258823539722,0.23524691113746904,0.0,1734048000,13.500536155349948,2024-12-13T00:00:00+00:00,9940.377411764603
9868.748291670383,9868.98353858152,1.0284178619502482,9959.0742275058,375.23846000000003,71.28694276893,1,71.28694276893,0,-59.72951864955061,0.23524691113746904,0.0,1734134400,18.80374615534996,2024-12-14T00:00:00+00:00,9940.27048135045
9868.64136125623,9868.876608167368,1.029329761305453,9958.982467091646,375.25363,71.28694276893,1,71.28694276893,0,-59.83644906370401,0.23524691113746904,0.0,1734220800,18.81891615534993,2024-12-15T00:00:00+00:00,9940.163550936297
9868.534430842075,9868.769677753213,0.9165636234768515,9970.329626677492,386.70772000000005,71.28694276893,1,71.28694276893,0,-59.943379477857405,0.23524691113746904,0.0,1734307200,30.27300615534997,2024-12-16T00:00:00+00:00,9940.056620522142
9868.427500427922,9868.66274733906,0.8595812061203523,9976.063516263339,392.54854,71.28694276893,1,71.28694276893,0,-60.0503098920108,0.23524691113746904,0.0,1734393600,36.11382615534994,2024-12-17T00:00:00+00:00,9939.94969010799
9868.32057001377,9868.555816924907,0.8609968540553736,9975.921065849187,392.51302000000004,71.28694276893,1,71.28694276893,0,-60.1572403061642,0.23524691113746904,0.0,1734480000,36.07830615534997,2024-12-18T00:00:00+00:00,9939.842759693836
9868.227234019601,9868.462480930739,1.080190949205162,9953.864529855018,370.54982,71.28694276893,1,71.28694276893,0,-60.25057630033155,0.23524691113746904,0.0,1734566400,14.11510615534997,2024-12-19T00:00:00+00:00,9939.749423699668
9868.27028420434,9868.505531115477,1.1808511234920216,9943.735540039757,360.37778,71.28694276893,1,71.28694276893,0,-60.207526115593396,0.23524691113746904,0.0,1734652800,3.943066155349926,2024-12-20T00:00:00+00:00,9939.792473884407
9868.238565079155,9868.473811990292,1.1680063707279809,9945.028050914572,361.70201000000003,71.28694276893,1,71.28694276893,0,-60.23924524077843,0.23524691113746904,0.0,1734739200,5.267296155349959,2024-12-21T00:00:00+00:00,9939.760754759222
9868.253203852852,9868.488450763989,1.1865253295226141,9943.164569688268,359.82389,71.28694276893,1,71.28694276893,0,-60.22460646708083,0.23524691113746904,0.0,1734825600,3.389176155349937,2024-12-22T00:00:00+00:00,9939.775393532918
9868.221424133766,9868.456671044903,1.2642419363957935,9935.344289969184,352.03539,71.28694276893,1,71.28694276893,0,-60.25638618616722,0.23524691113746904,0.0,1734912000,-4.3993238446500635,2024-12-23T00:00:00+00:00,9939.743613813833
9868.188931545252,9868.42417845639,1.27587896176522,9934.173307380668,350.8969,71.28694276893,1,71.28694276893,0,-60.2888787746813,0.23524691113746904,0.0,1734998400,-5.537813844650053,2024-12-24T00:00:00+00:00,9939.711121225318
9868.105825227372,9868.34107213851,1.1372988734620337,9948.118011062788,364.92471,71.28694276893,1,71.28694276893,0,-60.37198509256132,0.23524691113746904,0.0,1735084800,8.489996155349958,2024-12-25T00:00:00+00:00,9939.62801490744
9867.998894813218,9868.234141724355,1.1097949405182161,9950.885610648635,367.79924,71.28694276893,1,71.28694276893,0,-60.47891550671471,0.23524691113746904,0.0,1735171200,11.364526155349937,2024-12-26T00:00:00+00:00,9939.521084493284
9867.955352748575,9868.190599659712,1.244879281825062,9937.292668583992,354.24984,71.28694276893,1,71.28694276893,0,-60.522457571357975,0.23524691113746904,0.0,1735257600,-2.1848738446500633,2024-12-27T00:00:00+00:00,9939.477542428642
9867.932957955505,9868.168204866643,1.2999699856971358,9931.749133790921,348.7287,71.28694276893,1,71.28694276893,0,-60.544852364428834,0.23524691113746904,0.0,1735344000,-7.706013844650053,2024-12-28T00:00:00+00:00,9939.455147635572
9867.930092220406,9868.165339131543,1.263051999700271,9935.464028055821,352.44646,71.28694276893,1,71.28694276893,0,-60.54771809952815,0.23524691113746904,0.0,1735430400,-3.9882538446500417,2024-12-29T00:00:00+00:00,9939.452281900472
9867.939936947201,9868.175183858339,1.3201976527379644,9929.713712782617,346.6863,71.28694276893,1,71.28694276893,0,-60.53787337273176,0.23524691113746904,0.0,1735516800,-9.748413844650052,2024-12-30T00:00:00+00:00,9939.462126627268
9867.953734534975,9868.188981446112,1.3553486742294507,9926.176620370392,343.13541000000004,71.28694276893,1,71.28694276893,0,-60.52407578495883,0.23524691113746904,0.0,1735603200,-13.299303844650042,2024-12-31T00:00:00+00:00,9939.475924215041
9867.883124818161,9868.118371729299,1.3269763668096068,9929.031600653578,346.06100000000004,71.28694276893,1,71.28694276893,0,-60.59468550177146,0.23524691113746904,0.0,1735689600,-10.373713844650053,2025-01-01T00:00:00+00:00,9939.405314498228
9867.797559100756,9868.032806011894,1.2897844940545244,9932.774054936173,349.88902,71.28694276893,1,71.28694276893,0,-60.680251219177,0.23524691113746904,0.0,1735776000,-6.545693844650032,2025-01-02T00:00:00+00:00,9939.319748780823
9867.690628686603,9867.92587559774,1.2027499807637843,9941.531954522019,358.75385,71.28694276893,1,71.28694276893,0,-60.7871816333304,0.23524691113746904,0.0,1735862400,2.3191361553499474,2025-01-03T00:00:00+00:00,9939.21281836667
9867.60938295793,9867.844629869067,1.1601872081409725,9945.814858793347,363.118,71.28694276893,1,71.28694276893,0,-60.86842736200415,0.23524691113746904,0.0,1735948800,6.683286155349948,2025-01-04T00:00:00+00:00,9939.131572637996
9867.519857250853,9867.75510416199,1.1597090564990475,9945.862973086269,363.25564,71.28694276893,1,71.28694276893,0,-60.95795306908051,0.23524691113746904,0.0,1736035200,6.820926155349937,2025-01-05T00:00:00+00:00,9939.04204693092
9867.421916120182,9867.65716303132,1.1546778427697135,9946.3692419556,363.85985,71.28694276893,1,71.28694276893,0,-61.055894199750746,0.23524691113746904,0.0,1736121600,7.425136155349948,2025-01-06T00:00:00+00:00,9938.944105800249
9867.331902097549,9867.567149008686,1.0141771467181315,9960.507207932966,378.08783,71.28694276893,1,71.28694276893,0,-61.145908222385074,0.23524691113746904,0.0,1736208000,21.653116155349927,2025-01-07T00:00:00+00:00,9938.854091777615
9867.255325663626,9867.490572574763,1.2090026944012067,9940.902771499043,358.55997,71.28694276893,1,71.28694276893,0,-61.22248465630746,0.23524691113746904,0.0,1736294400,2.125256155349969,2025-01-08T00:00:00+00:00,9938.777515343692
9867.18048506676,9867.415731977897,1.2790909326575783,9933.850100902177,351.58214,71.28694276893,1,71.28694276893,0,-61.29732525317342,0.23524691113746904,0.0,1736380800,-4.852573844650063,2025-01-09T00:00:00+00:00,9938.702674746826
9867.140528735337,9867.375775646475,1.3719460997515087,9924.506494570755,342.27849,71.28694276893,1,71.28694276893,0,-61.3372815845954,0.23524691113746904,0.0,1736467200,-14.156223844650064,2025-01-10T00:00:00+00:00,9938.662718415404
9867.09053876672,9867.325785677858,1.2924130532898204,9932.509554602137,350.33154,71.28694276893,1,71.28694276893,0,-61.387271553212116,0.23524691113746904,0.0,1736553600,-6.103173844650064,2025-01-11T00:00:00+00:00,9938.612728446788
9867.019294596117,9867.254541507255,1.297342258192835,9932.013550431533,349.90677999999997,71.28694276893,1,71.28694276893,0,-61.45851572381538,0.23524691113746904,0.0,1736640000,-6.527933844650074,2025-01-12T00:00:00+00:00,9938.541484276184
9866.930624332355,9867.165871243493,1.3004075843384144,9931.705100167772,349.687,71.28694276893,1,71.28694276893,0,-61.547185987578516,0.23524691113746904,0.0,1736726400,-6.747713844650053,2025-01-13T00:00:00+00:00,9938.452814012422
9914.439533537983,9914.439533537983,1.4719898425708644,9914.439533537983,0.0,0.0,0,0.0,0,-85.56046646201766,0.0,0.0,1736812800,0.0,2025-01-14T00:00:00+00:00,9914.439533537983
9914.439533537983,9914.439533537983,1.4719898425708644,9914.439533537983,0.0,0.0,0,0.0,0,-85.56046646201766,0.0,0.0,1736899200,0.0,2025-01-15T00:00:00+00:00,9914.439533537983
9914.439533537983,9914.439533537983,1.4719898425708644,9914.439533537983,0.0,0.0,0,0.0,0,-85.56046646201766,0.0,0.0,1736985600,0.0,2025-01-16T00:00:00+00:00,9914.439533537983
9914.439533537983,9914.439533537983,1.4719898425708644,9914.439533537983,0.0,0.0,0,0.0,0,-85.56046646201766,0.0,0.0,1737072000,0.0,2025-01-17T00:00:00+00:00,9914.439533537983
9914.439533537983,9914.439533537983,1.4719898425708644,9914.439533537983,0.0,0.0,0,0.0,0,-85.56046646201766,0.0,0.0,1737158400,0.0,2025-01-18T00:00:00+00:00,9914.439533537983
9914.439533537983,9914.439533537983,1.4719898425708644,9914.439533537983,0.0,0.0,0,0.0,0,-85.56046646201766,0.0,0.0,1737244800,0.0,2025-01-19T00:00:00+00:00,9914.439533537983
9914.439533537983,9914.439533537983,1.4719898425708644,9914.439533537983,0.0,0.0,0,0.0,0,-85.56046646201766,0.0,0.0,1737331200,0.0,2025-01-20T00:00:00+00:00,9914.439533537983
9914.439533537983,9914.439533537983,1.4719898425708644,9914.439533537983,0.0,0.0,0,0.0,0,-85.56046646201766,0.0,0.0,1737417600,0.0,2025-01-21T00:00:00+00:00,9914.439533537983
9914.439533537983,9914.439533537983,1.4719898425708644,9914.439533537983,0.0,0.0,0,0.0,0,-85.56046646201766,0.0,0.0,1737504000,0.0,2025-01-22T00:00:00+00:00,9914.439533537983
9914.439533537983,9914.439533537983,1.4719898425708644,9914.439533537983,0.0,0.0,0,0.0,0,-85.56046646201766,0.0,0.0,1737590400,0.0,2025-01-23T00:00:00+00:00,9914.439533537983
9914.439533537983,9914.439533537983,1.4719898425708644,9914.439533537983,0.0,0.0,0,0.0,0,-85.56046646201766,0.0,0.0,1737676800,0.0,2025-01-24T00:00:00+00:00,9914.439533537983
9914.439533537983,9914.439533537983,1.4719898425708644,9914.439533537983,0.0,0.0,0,0.0,0,-85.56046646201766,0.0,0.0,1737763200,0.0,2025-01-25T00:00:00+00:00,9914.439533537983
9914.439533537983,9914.439533537983,1.4719898425708644,9914.439533537983,0.0,0.0,0,0.0,0,-85.56046646201766,0.0,0.0,1737849600,0.0,2025-01-26T00:00:00+00:00,9914.439533537983
9914.439533537983,9914.439533537983,1.4719898425708644,9914.439533537983,0.0,0.0,0,0.0,0,-85.56046646201766,0.0,0.0,1737936000,0.0,2025-01-27T00:00:00+00:00,9914.439533537983
9914.439533537983,9914.439533537983,1.4719898425708644,9914.439533537983,0.0,0.0,0,0.0,0,-85.56046646201766,0.0,0.0,1738022400,0.0,2025-01-28T00:00:00+00:00,9914.439533537983
9914.439533537983,9914.439533537983,1.4719898425708644,9914.439533537983,0.0,0.0,0,0.0,0,-85.56046646201766,0.0,0.0,1738108800,0.0,2025-01-29T00:00:00+00:00,9914.439533537983
9914.439533537983,9914.439533537983,1.4719898425708644,9914.439533537983,0.0,0.0,0,0.0,0,-85.56046646201766,0.0,0.0,1738195200,0.0,2025-01-30T00:00:00+00:00,9914.439533537983
9914.439533537983,9914.439533537983,1.4719898425708644,9914.439533537983,0.0,0.0,0,0.0,0,-85.56046646201766,0.0,0.0,1738281600,0.0,2025-01-31T00:00:00+00:00,9914.439533537983
9914.439533537983,9914.439533537983,1.4719898425708644,9914.439533537983,0.0,0.0,0,0.0,0,-85.56046646201766,0.0,0.0,1738368000,0.0,2025-02-01T00:00:00+00:00,9914.439533537983
9914.439533537983,9914.439533537983,1.4719898425708644,9914.439533537983,0.0,0.0,0,0.0,0,-85.56046646201766,0.0,0.0,1738454400,0.0,2025-02-02T00:00:00+00:00,9914.439533537983
9914.439533537983,9914.439533537983,1.4719898425708644,9914.439533537983,0.0,0.0,0,0.0,0,-85.56046646201766,0.0,0.0,1738540800,0.0,2025-02-03T00:00:00+00:00,9914.439533537983
9914.439533537983,9914.439533537983,1.4719898425708644,9914.439533537983,0.0,0.0,0,0.0,0,-85.56046646201766,0.0,0.0,1738627200,0.0,2025-02-04T00:00:00+00:00,9914.439533537983
9914.439533537983,9914.439533537983,1.4719898425708644,9914.439533537983,0.0,0.0,0,0.0,0,-85.56046646201766,0.0,0.0,1738713600,0.0,2025-02-05T00:00:00+00:00,9914.439533537983
9914.439533537983,9914.439533537983,1.4719898425708644,9914.439533537983,0.0,0.0,0,0.0,0,-85.56046646201766,0.0,0.0,1738800000,0.0,2025-02-06T00:00:00+00:00,9914.439533537983
9914.439533537983,9914.439533537983,1.4719898425708644,9914.439533537983,0.0,0.0,0,0.0,0,-85.56046646201766,0.0,0.0,1738886400,0.0,2025-02-07T00:00:00+00:00,9914.439533537983
9914.439533537983,9914.439533537983,1.4719898425708644,9914.439533537983,0.0,0.0,0,0.0,0,-85.56046646201766,0.0,0.0,1738972800,0.0,2025-02-08T00:00:00+00:00,9914.439533537983
9914.439533537983,9914.439533537983,1.4719898425708644,9914.439533537983,0.0,0.0,0,0.0,0,-85.56046646201766,0.0,0.0,1739059200,0.0,2025-02-09T00:00:00+00:00,9914.439533537983
9914.439533537983,9914.439533537983,1.4719898425708644,9914.439533537983,0.0,0.0,0,0.0,0,-85.56046646201766,0.0,0.0,1739145600,0.0,2025-02-10T00:00:00+00:00,9914.439533537983
9914.439533537983,9914.439533537983,1.4719898425708644,9914.439533537983,0.0,0.0,0,0.0,0,-85.56046646201766,0.0,0.0,1739232000,0.0,2025-02-11T00:00:00+00:00,9914.439533537983
9914.439533537983,9914.439533537983,1.4719898425708644,9914.439533537983,0.0,0.0,0,0.0,0,-85.56046646201766,0.0,0.0,1739318400,0.0,2025-02-12T00:00:00+00:00,9914.439533537983
9914.439533537983,9914.439533537983,1.4719898425708644,9914.439533537983,0.0,0.0,0,0.0,0,-85.56046646201766,0.0,0.0,1739404800,0.0,2025-02-13T00:00:00+00:00,9914.439533537983
9914.439533537983,9914.439533537983,1.4719898425708644,9914.439533537983,0.0,0.0,0,0.0,0,-85.56046646201766,0.0,0.0,1739491200,0.0,2025-02-14T00:00:00+00:00,9914.439533537983
9914.439533537983,9914.439533537983,1.4719898425708644,9914.439533537983,0.0,0.0,0,0.0,0,-85.56046646201766,0.0,0.0,1739577600,0.0,2025-02-15T00:00:00+00:00,9914.439533537983
9914.439533537983,9914.439533537983,1.4719898425708644,9914.439533537983,0.0,0.0,0,0.0,0,-85.56046646201766,0.0,0.0,1739664000,0.0,2025-02-16T00:00:00+00:00,9914.439533537983
9914.439533537983,9914.439533537983,1.4719898425708644,9914.439533537983,0.0,0.0,0,0.0,0,-85.56046646201766,0.0,0.0,1739750400,0.0,2025-02-17T00:00:00+00:00,9914.439533537983
9914.439533537983,9914.439533537983,1.4719898425708644,9914.439533537983,0.0,0.0,0,0.0,0,-85.56046646201766,0.0,0.0,1739836800,0.0,2025-02-18T00:00:00+00:00,9914.439533537983
9914.439533537983,9914.439533537983,1.4719898425708644,9914.439533537983,0.0,0.0,0,0.0,0,-85.56046646201766,0.0,0.0,1739923200,0.0,2025-02-19T00:00:00+00:00,9914.439533537983
9914.439533537983,9914.439533537983,1.4719898425708644,9914.439533537983,0.0,0.0,0,0.0,0,-85.56046646201766,0.0,0.0,1740009600,0.0,2025-02-20T00:00:00+00:00,9914.439533537983
9914.439533537983,9914.439533537983,1.4719898425708644,9914.439533537983,0.0,0.0,0,0.0,0,-85.56046646201766,0.0,0.0,1740096000,0.0,2025-02-21T00:00:00+00:00,9914.439533537983
9914.439533537983,9914.439533537983,1.4719898425708644,9914.439533537983,0.0,0.0,0,0.0,0,-85.56046646201766,0.0,0.0,1740182400,0.0,2025-02-22T00:00:00+00:00,9914.439533537983
9914.439533537983,9914.439533537983,1.4719898425708644,9914.439533537983,0.0,0.0,0,0.0,0,-85.56046646201766,0.0,0.0,1740268800,0.0,2025-02-23T00:00:00+00:00,9914.439533537983
9914.439533537983,9914.439533537983,1.4719898425708644,9914.439533537983,0.0,0.0,0,0.0,0,-85.56046646201766,0.0,0.0,1740355200,0.0,2025-02-24T00:00:00+00:00,9914.439533537983
9914.439533537983,9914.439533537983,1.4719898425708644,9914.439533537983,0.0,0.0,0,0.0,0,-85.56046646201766,0.0,0.0,1740441600,0.0,2025-02-25T00:00:00+00:00,9914.439533537983
9914.439533537983,9914.439533537983,1.4719898425708644,9914.439533537983,0.0,0.0,0,0.0,0,-85.56046646201766,0.0,0.0,1740528000,0.0,2025-02-26T00:00:00+00:00,9914.439533537983
9914.439533537983,9914.439533537983,1.4719898425708644,9914.439533537983,0.0,0.0,0,0.0,0,-85.56046646201766,0.0,0.0,1740614400,0.0,2025-02-27T00:00:00+00:00,9914.439533537983
9914.439533537983,9914.439533537983,1.4719898425708644,9914.439533537983,0.0,0.0,0,0.0,0,-85.56046646201766,0.0,0.0,1740700800,0.0,2025-02-28T00:00:00+00:00,9914.439533537983
9914.439533537983,9914.439533537983,1.4719898425708644,9914.439533537983,0.0,0.0,0,0.0,0,-85.56046646201766,0.0,0.0,1740787200,0.0,2025-03-01T00:00:00+00:00,9914.439533537983
9914.439533537983,9914.439533537983,1.4719898425708644,9914.439533537983,0.0,0.0,0,0.0,0,-85.56046646201766,0.0,0.0,1740873600,0.0,2025-03-02T00:00:00+00:00,9914.439533537983
9914.439533537983,9914.439533537983,1.4719898425708644,9914.439533537983,0.0,0.0,0,0.0,0,-85.56046646201766,0.0,0.0,1740960000,0.0,2025-03-03T00:00:00+00:00,9914.439533537983
9914.439533537983,9914.439533537983,1.4719898425708644,9914.439533537983,0.0,0.0,0,0.0,0,-85.56046646201766,0.0,0.0,1741046400,0.0,2025-03-04T00:00:00+00:00,9914.439533537983
9914.439533537983,9914.439533537983,1.4719898425708644,9914.439533537983,0.0,0.0,0,0.0,0,-85.56046646201766,0.0,0.0,1741132800,0.0,2025-03-05T00:00:00+00:00,9914.439533537983
9914.439533537983,9914.439533537983,1.4719898425708644,9914.439533537983,0.0,0.0,0,0.0,0,-85.56046646201766,0.0,0.0,1741219200,0.0,2025-03-06T00:00:00+00:00,9914.439533537983
9914.439533537983,9914.439533537983,1.4719898425708644,9914.439533537983,0.0,0.0,0,0.0,0,-85.56046646201766,0.0,0.0,1741305600,0.0,2025-03-07T00:00:00+00:00,9914.439533537983
9914.439533537983,9914.439533537983,1.4719898425708644,9914.439533537983,0.0,0.0,0,0.0,0,-85.56046646201766,0.0,0.0,1741392000,0.0,2025-03-08T00:00:00+00:00,9914.439533537983
9914.439533537983,9914.439533537983,1.4719898425708644,9914.439533537983,0.0,0.0,0,0.0,0,-85.56046646201766,0.0,0.0,1741478400,0.0,2025-03-09T00:00:00+00:00,9914.439533537983
9914.439533537983,9914.439533537983,1.4719898425708644,9914.439533537983,0.0,0.0,0,0.0,0,-85.56046646201766,0.0,0.0,1741564800,0.0,2025-03-10T00:00:00+00:00,9914.439533537983
9914.439533537983,9914.439533537983,1.4719898425708644,9914.439533537983,0.0,0.0,0,0.0,0,-85.56046646201766,0.0,0.0,1741651200,0.0,2025-03-11T00:00:00+00:00,9914.439533537983
9914.439533537983,9914.439533537983,1.4719898425708644,9914.439533537983,0.0,0.0,0,0.0,0,-85.56046646201766,0.0,0.0,1741737600,0.0,2025-03-12T00:00:00+00:00,9914.439533537983
9914.439533537983,9914.439533537983,1.4719898425708644,9914.439533537983,0.0,0.0,0,0.0,0,-85.56046646201766,0.0,0.0,1741824000,0.0,2025-03-13T00:00:00+00:00,9914.439533537983
9914.439533537983,9914.439533537983,1.4719898425708644,9914.439533537983,0.0,0.0,0,0.0,0,-85.56046646201766,0.0,0.0,1741910400,0.0,2025-03-14T00:00:00+00:00,9914.439533537983
9914.439533537983,9914.439533537983,1.4719898425708644,9914.439533537983,0.0,0.0,0,0.0,0,-85.56046646201766,0.0,0.0,1741996800,0.0,2025-03-15T00:00:00+00:00,9914.439533537983
9914.439533537983,9914.439533537983,1.4719898425708644,9914.439533537983,0.0,0.0,0,0.0,0,-85.56046646201766,0.0,0.0,1742083200,0.0,2025-03-16T00:00:00+00:00,9914.439533537983
9914.439533537983,9914.439533537983,1.4719898425708644,9914.439533537983,0.0,0.0,0,0.0,0,-85.56046646201766,0.0,0.0,1742169600,0.0,2025-03-17T00:00:00+00:00,9914.439533537983
9914.439533537983,9914.439533537983,1.4719898425708644,9914.439533537983,0.0,0.0,0,0.0,0,-85.56046646201766,0.0,0.0,1742256000,0.0,2025-03-18T00:00:00+00:00,9914.439533537983
9914.439533537983,9914.439533537983,1.4719898425708644,9914.439533537983,0.0,0.0,0,0.0,0,-85.56046646201766,0.0,0.0,1742342400,0.0,2025-03-19T00:00:00+00:00,9914.439533537983
9914.439533537983,9914.439533537983,1.4719898425708644,9914.439533537983,0.0,0.0,0,0.0,0,-85.56046646201766,0.0,0.0,1742428800,0.0,2025-03-20T00:00:00+00:00,9914.439533537983
9914.439533537983,9914.439533537983,1.4719898425708644,9914.439533537983,0.0,0.0,0,0.0,0,-85.56046646201766,0.0,0.0,1742515200,0.0,2025-03-21T00:00:00+00:00,9914.439533537983
9914.439533537983,9914.439533537983,1.4719898425708644,9914.439533537983,0.0,0.0,0,0.0,0,-85.56046646201766,0.0,0.0,1742601600,0.0,2025-03-22T00:00:00+00:00,9914.439533537983
9914.439533537983,9914.439533537983,1.4719898425708644,9914.439533537983,0.0,0.0,0,0.0,0,-85.56046646201766,0.0,0.0,1742688000,0.0,2025-03-23T00:00:00+00:00,9914.439533537983
9914.439533537983,9914.439533537983,1.4719898425708644,9914.439533537983,0.0,0.0,0,0.0,0,-85.56046646201766,0.0,0.0,1742774400,0.0,2025-03-24T00:00:00+00:00,9914.439533537983
9914.439533537983,9914.439533537983,1.4719898425708644,9914.439533537983,0.0,0.0,0,0.0,0,-85.56046646201766,0.0,0.0,1742860800,0.0,2025-03-25T00:00:00+00:00,9914.439533537983
9914.439533537983,9914.439533537983,1.4719898425708644,9914.439533537983,0.0,0.0,0,0.0,0,-85.56046646201766,0.0,0.0,1742947200,0.0,2025-03-26T00:00:00+00:00,9914.439533537983
9914.439533537983,9914.439533537983,1.4719898425708644,9914.439533537983,0.0,0.0,0,0.0,0,-85.56046646201766,0.0,0.0,1743033600,0.0,2025-03-27T00:00:00+00:00,9914.439533537983
9914.439533537983,9914.439533537983,1.4719898425708644,9914.439533537983,0.0,0.0,0,0.0,0,-85.56046646201766,0.0,0.0,1743120000,0.0,2025-03-28T00:00:00+00:00,9914.439533537983
9914.439533537983,9914.439533537983,1.4719898425708644,9914.439533537983,0.0,0.0,0,0.0,0,-85.56046646201766,0.0,0.0,1743206400,0.0,2025-03-29T00:00:00+00:00,9914.439533537983
9914.439533537983,9914.439533537983,1.4719898425708644,9914.439533537983,0.0,0.0,0,0.0,0,-85.56046646201766,0.0,0.0,1743292800,0.0,2025-03-30T00:00:00+00:00,9914.439533537983
9914.439533537983,9914.439533537983,1.4719898425708644,9914.439533537983,0.0,0.0,0,0.0,0,-85.56046646201766,0.0,0.0,1743379200,0.0,2025-03-31T00:00:00+00:00,9914.439533537983
9914.439533537983,9914.439533537983,1.4719898425708644,9914.439533537983,0.0,0.0,0,0.0,0,-85.56046646201766,0.0,0.0,1743465600,0.0,2025-04-01T00:00:00+00:00,9914.439533537983
9914.439533537983,9914.439533537983,1.4719898425708644,9914.439533537983,0.0,0.0,0,0.0,0,-85.56046646201766,0.0,0.0,1743552000,0.0,2025-04-02T00:00:00+00:00,9914.439533537983
9914.439533537983,9914.439533537983,1.4719898425708644,9914.439533537983,0.0,0.0,0,0.0,0,-85.56046646201766,0.0,0.0,1743638400,0.0,2025-04-03T00:00:00+00:00,9914.439533537983
9914.439533537983,9914.439533537983,1.4719898425708644,9914.439533537983,0.0,0.0,0,0.0,0,-85.56046646201766,0.0,0.0,1743724800,0.0,2025-04-04T00:00:00+00:00,9914.439533537983
9914.439533537983,9914.439533537983,1.4719898425708644,9914.439533537983,0.0,0.0,0,0.0,0,-85.56046646201766,0.0,0.0,1743811200,0.0,2025-04-05T00:00:00+00:00,9914.439533537983
9914.439533537983,9914.439533537983,1.4719898425708644,9914.439533537983,0.0,0.0,0,0.0,0,-85.56046646201766,0.0,0.0,1743897600,0.0,2025-04-06T00:00:00+00:00,9914.439533537983
9914.439533537983,9914.439533537983,1.4719898425708644,9914.439533537983,0.0,0.0,0,0.0,0,-85.56046646201766,0.0,0.0,1743984000,0.0,2025-04-07T00:00:00+00:00,9914.439533537983
9914.439533537983,9914.439533537983,1.4719898425708644,9914.439533537983,0.0,0.0,0,0.0,0,-85.56046646201766,0.0,0.0,1744070400,0.0,2025-04-08T00:00:00+00:00,9914.439533537983
9914.439533537983,9914.439533537983,1.4719898425708644,9914.439533537983,0.0,0.0,0,0.0,0,-85.56046646201766,0.0,0.0,1744156800,0.0,2025-04-09T00:00:00+00:00,9914.439533537983
9852.58293847404,9852.785930693934,1.4538460430554734,9916.265264139023,305.59743,61.51279390751496,1,61.51279390751496,0,-85.70127539855135,0.20299221989479938,0.0,1744243200,1.9665395375747918,2025-04-10T00:00:00+00:00,9914.298724601449
9852.618874248239,9852.821866468134,1.341840584580034,9927.535879913225,294.36275,61.51279390751496,1,61.51279390751496,0,-85.66533962435058,0.20299221989479938,0.0,1744329600,13.20121953757477,2025-04-11T00:00:00+00:00,9914.334660375649
9852.686353783156,9852.88934600305,1.4818261481459705,9913.44974944814,308.51636,61.51279390751496,1,61.51279390751496,0,-85.59786008943404,0.20299221989479938,0.0,1744416000,-0.9523904624252406,2025-04-12T00:00:00+00:00,9914.402139910566
9852.711770869599,9852.914763089493,1.5498039125639185,9906.609446534583,315.38208,61.51279390751496,1,61.51279390751496,0,-85.57244300299145,0.20299221989479938,0.0,1744502400,-7.818110462425208,2025-04-13T00:00:00+00:00,9914.427556997009
9852.703804962788,9852.906797182683,1.4939338910539224,9912.231400627772,309.75216,61.51279390751496,1,61.51279390751496,0,-85.58040890980247,0.20299221989479938,0.0,1744588800,-2.188190462425241,2025-04-14T00:00:00+00:00,9914.419591090198
9852.732740581041,9852.935732800936,1.5241874703381675,9909.187116246027,312.82538,61.51279390751496,1,61.51279390751496,0,-85.55147329154838,0.20299221989479938,0.0,1744675200,-5.261410462425208,2025-04-15T00:00:00+00:00,9914.448526708451
9852.76647727286,9852.969469492755,1.4891523807876395,9912.712542937845,309.33369,61.51279390751496,1,61.51279390751496,0,-85.5177365997298,0.20299221989479938,0.0,1744761600,-1.7697204624252192,2025-04-16T00:00:00+00:00,9914.48226340027
9852.729683395184,9852.932675615079,1.5035751913476836,9911.261239060168,310.7482,61.51279390751496,1,61.51279390751496,0,-85.55453047740558,0.20299221989479938,0.0,1744848000,-3.18423046242523,2025-04-17T00:00:00+00:00,9914.445469522594
9852.73952851785,9852.942520737744,1.5373241089659428,9907.865234182835,314.15405000000004,61.51279390751496,1,61.51279390751496,0,-85.54468535474068,0.20299221989479938,0.0,1744934400,-6.59008046242523,2025-04-18T00:00:00+00:00,9914.45531464526
9852.720874763098,9852.923866982992,1.5196061887338463,9909.648110428083,312.35252,61.51279390751496,1,61.51279390751496,0,-85.56333910949314,0.20299221989479938,0.0,1745020800,-4.788550462425252,2025-04-19T00:00:00+00:00,9914.436660890507
9852.794428686411,9852.997420906306,1.54199985609359,9907.394734351396,314.67945000000003,61.51279390751496,1,61.51279390751496,0,-85.48978518617822,0.20299221989479938,0.0,1745107200,-7.11548046242523,2025-04-20T00:00:00+00:00,9914.510214813821
9852.771269119505,9852.9742613394,1.5457966989470329,9907.01267478449,315.03835000000004,61.51279390751496,1,61.51279390751496,0,-85.51294475308441,0.20299221989479938,0.0,1745193600,-7.47438046242523,2025-04-21T00:00:00+00:00,9914.487055246915
9852.842224127278,9853.045216347173,1.6306038008503831,9898.478909792262,323.64307,61.51279390751496,1,61.51279390751496,0,-85.44198974531209,0.20299221989479938,0.0,1745280000,-16.079100462425252,2025-04-22T00:00:00+00:00,9914.558010254688
9890.231086334825,9890.231086334825,1.7125692645200252,9890.231086334825,0.0,0.0,0,0.0,0,-109.76891366517505,0.0,0.0,1745366400,0.0,2025-04-23T00:00:00+00:00,9890.231086334825
9890.231086334825,9890.231086334825,1.7125692645200252,9890.231086334825,0.0,0.0,0,0.0,0,-109.76891366517505,0.0,0.0,1745452800,0.0,2025-04-24T00:00:00+00:00,9890.231086334825
9890.231086334825,9890.231086334825,1.7125692645200252,9890.231086334825,0.0,0.0,0,0.0,0,-109.76891366517505,0.0,0.0,1745539200,0.0,2025-04-25T00:00:00+00:00,9890.231086334825
9890.231086334825,9890.231086334825,1.7125692645200252,9890.231086334825,0.0,0.0,0,0.0,0,-109.76891366517505,0.0,0.0,1745625600,0.0,2025-04-26T00:00:00+00:00,9890.231086334825
9890.231086334825,9890.231086334825,1.7125692645200252,9890.231086334825,0.0,0.0,0,0.0,0,-109.76891366517505,0.0,0.0,1745712000,0.0,2025-04-27T00:00:00+00:00,9890.231086334825
9890.231086334825,9890.231086334825,1.7125692645200252,9890.231086334825,0.0,0.0,0,0.0,0,-109.76891366517505,0.0,0.0,1745798400,0.0,2025-04-28T00:00:00+00:00,9890.231086334825
9890.231086334825,9890.231086334825,1.7125692645200252,9890.231086334825,0.0,0.0,0,0.0,0,-109.76891366517505,0.0,0.0,1745884800,0.0,2025-04-29T00:00:00+00:00,9890.231086334825
9890.231086334825,9890.231086334825,1.7125692645200252,9890.231086334825,0.0,0.0,0,0.0,0,-109.76891366517505,0.0,0.0,1745971200,0.0,2025-04-30T00:00:00+00:00,9890.231086334825
9890.231086334825,9890.231086334825,1.7125692645200252,9890.231086334825,0.0,0.0,0,0.0,0,-109.76891366517505,0.0,0.0,1746057600,0.0,2025-05-01T00:00:00+00:00,9890.231086334825
9890.231086334825,9890.231086334825,1.7125692645200252,9890.231086334825,0.0,0.0,0,0.0,0,-109.76891366517505,0.0,0.0,1746144000,0.0,2025-05-02T00:00:00+00:00,9890.231086334825
9890.231086334825,9890.231086334825,1.7125692645200252,9890.231086334825,0.0,0.0,0,0.0,0,-109.76891366517505,0.0,0.0,1746230400,0.0,2025-05-03T00:00:00+00:00,9890.231086334825
9890.231086334825,9890.231086334825,1.7125692645200252,9890.231086334825,0.0,0.0,0,0.0,0,-109.76891366517505,0.0,0.0,1746316800,0.0,2025-05-04T00:00:00+00:00,9890.231086334825
9890.231086334825,9890.231086334825,1.7125692645200252,9890.231086334825,0.0,0.0,0,0.0,0,-109.76891366517505,0.0,0.0,1746403200,0.0,2025-05-05T00:00:00+00:00,9890.231086334825
9890.231086334825,9890.231086334825,1.7125692645200252,9890.231086334825,0.0,0.0,0,0.0,0,-109.76891366517505,0.0,0.0,1746489600,0.0,2025-05-06T00:00:00+00:00,9890.231086334825
9890.231086334825,9890.231086334825,1.7125692645200252,9890.231086334825,0.0,0.0,0,0.0,0,-109.76891366517505,0.0,0.0,1746576000,0.0,2025-05-07T00:00:00+00:00,9890.231086334825
9890.231086334825,9890.231086334825,1.7125692645200252,9890.231086334825,0.0,0.0,0,0.0,0,-109.76891366517505,0.0,0.0,1746662400,0.0,2025-05-08T00:00:00+00:00,9890.231086334825
9890.231086334825,9890.231086334825,1.7125692645200252,9890.231086334825,0.0,0.0,0,0.0,0,-109.76891366517505,0.0,0.0,1746748800,0.0,2025-05-09T00:00:00+00:00,9890.231086334825
9890.231086334825,9890.231086334825,1.7125692645200252,9890.231086334825,0.0,0.0,0,0.0,0,-109.76891366517505,0.0,0.0,1746835200,0.0,2025-05-10T00:00:00+00:00,9890.231086334825
9890.231086334825,9890.231086334825,1.7125692645200252,9890.231086334825,0.0,0.0,0,0.0,0,-109.76891366517505,0.0,0.0,1746921600,0.0,2025-05-11T00:00:00+00:00,9890.231086334825
9890.231086334825,9890.231086334825,1.7125692645200252,9890.231086334825,0.0,0.0,0,0.0,0,-109.76891366517505,0.0,0.0,1747008000,0.0,2025-05-12T00:00:00+00:00,9890.231086334825
9890.231086334825,9890.231086334825,1.7125692645200252,9890.231086334825,0.0,0.0,0,0.0,0,-109.76891366517505,0.0,0.0,1747094400,0.0,2025-05-13T00:00:00+00:00,9890.231086334825
9890.231086334825,9890.231086334825,1.7125692645200252,9890.231086334825,0.0,0.0,0,0.0,0,-109.76891366517505,0.0,0.0,1747180800,0.0,2025-05-14T00:00:00+00:00,9890.231086334825
9890.231086334825,9890.231086334825,1.7125692645200252,9890.231086334825,0.0,0.0,0,0.0,0,-109.76891366517505,0.0,0.0,1747267200,0.0,2025-05-15T00:00:00+00:00,9890.231086334825
9769.07996946855,9890.231086334825,1.7125692645200252,9890.231086334825,0.0,0.0,0,0.0,2,-109.76891366517505,0.0,121.1511168662748,1747353600,0.0,2025-05-16T00:00:00+00:00,9890.231086334825
9825.8412307722,9826.023919447452,1.833669403253757,9878.045312958702,273.46221199999997,55.36020462218752,1,55.36020462218752,0,-118.61587593036056,0.1826886752532188,0.0,1747440000,-3.3388111109376104,2025-05-17T00:00:00+00:00,9881.38412406964
9869.345518710183,9869.345518710183,1.9201264756062653,9869.345518710183,0.0,0.0,0,0.0,0,-130.65448128981694,0.0,0.0,1747526400,0.0,2025-05-18T00:00:00+00:00,9869.345518710183
9869.345518710183,9869.345518710183,1.9201264756062653,9869.345518710183,0.0,0.0,0,0.0,0,-130.65448128981694,0.0,0.0,1747612800,0.0,2025-05-19T00:00:00+00:00,9869.345518710183
9869.345518710183,9869.345518710183,1.9201264756062653,9869.345518710183,0.0,0.0,0,0.0,0,-130.65448128981694,0.0,0.0,1747699200,0.0,2025-05-20T00:00:00+00:00,9869.345518710183
9869.345518710183,9869.345518710183,1.9201264756062653,9869.345518710183,0.0,0.0,0,0.0,0,-130.65448128981694,0.0,0.0,1747785600,0.0,2025-05-21T00:00:00+00:00,9869.345518710183
9869.345518710183,9869.345518710183,1.9201264756062653,9869.345518710183,0.0,0.0,0,0.0,0,-130.65448128981694,0.0,0.0,1747872000,0.0,2025-05-22T00:00:00+00:00,9869.345518710183
9869.345518710183,9869.345518710183,1.9201264756062653,9869.345518710183,0.0,0.0,0,0.0,0,-130.65448128981694,0.0,0.0,1747958400,0.0,2025-05-23T00:00:00+00:00,9869.345518710183
9869.345518710183,9869.345518710183,1.9201264756062653,9869.345518710183,0.0,0.0,0,0.0,0,-130.65448128981694,0.0,0.0,1748044800,0.0,2025-05-24T00:00:00+00:00,9869.345518710183
9869.345518710183,9869.345518710183,1.9201264756062653,9869.345518710183,0.0,0.0,0,0.0,0,-130.65448128981694,0.0,0.0,1748131200,0.0,2025-05-25T00:00:00+00:00,9869.345518710183
9869.345518710183,9869.345518710183,1.9201264756062653,9869.345518710183,0.0,0.0,0,0.0,0,-130.65448128981694,0.0,0.0,1748217600,0.0,2025-05-26T00:00:00+00:00,9869.345518710183
9869.345518710183,9869.345518710183,1.9201264756062653,9869.345518710183,0.0,0.0,0,0.0,0,-130.65448128981694,0.0,0.0,1748304000,0.0,2025-05-27T00:00:00+00:00,9869.345518710183
9869.345518710183,9869.345518710183,1.9201264756062653,9869.345518710183,0.0,0.0,0,0.0,0,-130.65448128981694,0.0,0.0,1748390400,0.0,2025-05-28T00:00:00+00:00,9869.345518710183
9816.621977138533,9816.794879070747,1.8975089647788823,9871.621419168732,264.40463975,52.394524913003885,1,52.394524913003885,0,-130.81059601624773,0.17290193221291283,0.0,1748476800,2.4320151849805747,2025-05-29T00:00:00+00:00,9869.189403983752
9816.551970194072,9816.724872126286,1.9335707747559217,9867.992678124272,260.84590565,52.394524913003885,1,52.394524913003885,0,-130.88060296071023,0.17290193221291283,0.0,1748563200,-1.1267189150193948,2025-05-30T00:00:00+00:00,9869.11939703929
9763.590838295564,9763.937360394077,2.1345121489253938,9847.772833018234,503.8622587,105.00669651896033,2,105.00669651896033,0,-131.05594308696334,0.3465220985125691,0.0,1748649600,-21.171223894801667,2025-05-31T00:00:00+00:00,9868.944056913037
9763.645663876805,9763.992185975318,2.079747242502794,9853.283584249475,509.3181843499999,105.00669651896033,2,105.00669651896033,0,-131.00111750572273,0.3465220985125691,0.0,1748736000,-15.715298244801666,2025-06-01T00:00:00+00:00,9868.998882494277
9763.704789543863,9764.051311642375,2.055660237654622,9855.707353416534,511.68282785,105.00669651896033,2,105.00669651896033,0,-130.94199183866533,0.3465220985125691,0.0,1748822400,-13.350654744801634,2025-06-02T00:00:00+00:00,9869.058008161335
9763.578424193582,9763.924946292094,2.03292101036624,9857.995501666253,514.09734145,105.00669651896033,2,105.00669651896033,0,-131.06835718894615,0.3465220985125691,0.0,1748908800,-10.936141144801661,2025-06-03T00:00:00+00:00,9868.931642811054
9763.471561850978,9763.81808394949,1.9732573032780754,9863.999197623649,520.20789975,105.00669651896033,2,105.00669651896033,0,-131.17521953154957,0.3465220985125691,0.0,1748995200,-4.825582844801634,2025-06-04T00:00:00+00:00,9868.82478046845
9763.424474928135,9763.770997026648,2.0754325817421093,9853.717749550806,509.9735386,105.00669651896033,2,105.00669651896033,0,-131.22230645439237,0.3465220985125691,0.0,1749081600,-15.05994399480161,2025-06-05T00:00:00+00:00,9868.777693545608
9725.166917608385,9725.558879990615,2.3147674789592565,9829.634533387874,579.1815712499999,118.77647946318481,2,118.77647946318481,0,-155.66464054620155,0.39196238222850993,0.0,1749168000,-14.700826065924147,2025-06-06T00:00:00+00:00,9844.335359453798
9725.221146074064,9725.613108456293,2.1880263733719985,9842.387932403553,591.8807418,118.77647946318481,2,118.77647946318481,0,-155.61041208052262,0.39196238222850993,0.0,1749254400,-2.001655515924094,2025-06-07T00:00:00+00:00,9844.389587919477
9725.207206055959,9725.599168438188,2.1256820522952524,9848.661366735449,598.16811615,118.77647946318481,2,118.77647946318481,0,-155.62435209862733,0.39196238222850993,0.0,1749340800,4.285718834075871,2025-06-08T00:00:00+00:00,9844.375647901372
9725.157828966787,9725.549791349016,2.0151830496583756,9859.780394496276,609.336521,118.77647946318481,2,118.77647946318481,0,-155.6737291877993,0.39196238222850993,0.0,1749427200,15.454123684075915,2025-06-09T00:00:00+00:00,9844.3262708122
9725.10092950796,9725.49289189019,1.8808527195385616,9873.29746373745,622.9104897,118.77647946318481,2,118.77647946318481,0,-155.73062864662666,0.39196238222850993,0.0,1749513600,29.028092384075855,2025-06-10T00:00:00+00:00,9844.269371353374
9724.96248945806,9725.354451840289,1.8561665526807158,9875.781523937549,625.53298995,118.77647946318481,2,118.77647946318481,0,-155.8690686965272,0.39196238222850993,0.0,1749600000,31.65059263407595,2025-06-11T00:00:00+00:00,9844.130931303473
9724.814296091177,9725.206258473407,1.9334982370831977,9867.999977270667,617.89963665,118.77647946318481,2,118.77647946318481,0,-156.01726206340902,0.39196238222850993,0.0,1749686400,24.017239334075903,2025-06-12T00:00:00+00:00,9843.98273793659
9724.852272018643,9725.244234400872,2.093615891599565,9851.888043198132,601.74972665,118.77647946318481,2,118.77647946318481,0,-155.9792861359434,0.39196238222850993,0.0,1749772800,7.867329334075906,2025-06-13T00:00:00+00:00,9844.020713864056
9664.526399294235,9665.116335660561,2.120432708385578,9849.189585083714,899.14763285,178.7685958567117,3,178.7685958567117,0,-156.11506848272887,0.5899363663271486,0.0,1749859200,5.304653566441483,2025-06-14T00:00:00+00:00,9843.884931517272
9664.67862581686,9665.268562183186,2.2371223812354235,9837.447617456339,887.2534387000001,178.7685958567117,3,178.7685958567117,0,-155.9628419601036,0.5899363663271486,0.0,1749945600,-6.589540583558492,2025-06-15T00:00:00+00:00,9844.037158039897
9664.633492942168,9665.223429308495,2.173197254646708,9843.880121281647,893.7310754,178.7685958567117,3,178.7685958567117,0,-156.00797483479485,0.5899363663271486,0.0,1750032000,-0.11190388355850933,2025-06-16T00:00:00+00:00,9843.992025165206
9664.455744603238,9665.045680969564,2.0820748417524793,9853.049368192716,903.07807065,178.7685958567117,3,178.7685958567117,0,-156.185723173725,0.5899363663271486,0.0,1750118400,9.235091366441461,2025-06-17T00:00:00+00:00,9843.814276826275
9664.360568102904,9664.95050446923,2.227964952188466,9838.369089192383,888.49296815,178.7685958567117,3,178.7685958567117,0,-156.28089967405793,0.5899363663271486,0.0,1750204800,-5.3500111335585085,2025-06-18T00:00:00+00:00,9843.719100325941
9664.48166300249,9665.071599368817,2.214672205797308,9839.70667969197,889.70946375,178.7685958567117,3,178.7685958567117,0,-156.15980477447187,0.5899363663271486,0.0,1750291200,-4.133515533558498,2025-06-19T00:00:00+00:00,9843.840195225528
9664.481366960044,9665.071303326371,2.2253555165858696,9838.631665199524,888.6347453,178.7685958567117,3,178.7685958567117,0,-156.16010081691874,0.5899363663271486,0.0,1750377600,-5.20823398355853,2025-06-20T00:00:00+00:00,9843.839899183082
9664.435397059931,9665.025333426258,2.4273933841010953,9818.30148479941,868.3505347999999,178.7685958567117,3,178.7685958567117,0,-156.20607071703034,0.5899363663271486,0.0,1750464000,-25.492444483558526,2025-06-21T00:00:00+00:00,9843.793929282969
9728.659872340791,9728.878932790807,2.6395894009503484,9796.949134590084,333.59801999999996,66.38195455018094,1,66.38195455018094,0,-204.73911265901117,0.2190604500155971,0.0,1750550400,1.6882472490953224,2025-06-22T00:00:00+00:00,9795.260887340988
9728.643190555613,9728.862251005628,2.708844662143184,9789.980282804905,326.64585,66.38195455018094,1,66.38195455018094,0,-204.75579444418963,0.2190604500155971,0.0,1750636800,-5.263922750904689,2025-06-23T00:00:00+00:00,9795.24420555581
9728.612827449602,9728.831887899618,2.57993325504573,9802.952069698895,339.64799999999997,66.38195455018094,1,66.38195455018094,0,-204.78615755020087,0.2190604500155971,0.0,1750723200,7.73822724909531,2025-06-24T00:00:00+00:00,9795.213842449799
9676.550407996678,9676.940753552695,2.582230602365765,9802.720897760522,602.81198305,118.28653212660619,2,118.28653212660619,0,-204.77271432069915,0.3903455560178004,0.0,1750809600,7.493612081221574,2025-06-25T00:00:00+00:00,9795.2272856793
9676.521506107205,9676.911851663222,2.5638846032040696,9804.56697482105,603.8027841,118.28653212660619,2,118.28653212660619,0,-204.80161621017277,0.3903455560178004,0.0,1750896000,9.368591031221516,2025-06-26T00:00:00+00:00,9795.198383789828
9676.466184547302,9676.85653010332,2.4904191307848156,9811.959481611146,592.10935575,118.28653212660619,2,118.28653212660619,0,-204.8569377700744,0.3903455560178004,0.0,1750982400,16.81641938122155,2025-06-27T00:00:00+00:00,9795.143062229925
9676.441329579184,9676.831675135201,2.51542871603726,9809.442877243027,598.3160051499999,118.28653212660619,2,118.28653212660619,0,-204.88179273819392,0.3903455560178004,0.0,1751068800,14.32466998122155,2025-06-28T00:00:00+00:00,9795.118207261807
9676.53948930127,9676.929834857288,2.5504545712183746,9805.918379765115,605.01672235,118.28653212660619,2,118.28653212660619,0,-204.78363301610682,0.3903455560178004,0.0,1751155200,10.702012781221523,2025-06-29T00:00:00+00:00,9795.216366983894
9676.548696806165,9676.939042362183,2.541901191089979,9806.77906872001,610.9582009000001,118.28653212660619,2,118.28653212660619,0,-204.77442551121226,0.3903455560178004,0.0,1751241600,11.55349423122156,2025-06-30T00:00:00+00:00,9795.225574488788
9676.505385841203,9676.89573139722,2.5666409135558843,9804.289619455047,615.6332792,118.28653212660619,2,118.28653212660619,0,-204.81773647617356,0.3903455560178004,0.0,1751328000,9.107355931221532,2025-07-01T00:00:00+00:00,9795.182263523826
9676.499479223183,9676.8898247792,2.547018711526383,9806.264115187027,602.29589685,118.28653212660619,2,118.28653212660619,0,-204.82364309419344,0.3903455560178004,0.0,1751414400,11.087758281221548,2025-07-02T00:00:00+00:00,9795.176356905806
9676.466518837698,9676.856864393716,2.5499375746528385,9805.970402851543,616.7794088,118.28653212660619,2,118.28653212660619,0,-204.8566034796777,0.3903455560178004,0.0,1751500800,10.827006331221526,2025-07-03T00:00:00+00:00,9795.143396520321
9676.49672341799,9676.887068974007,2.556616617170304,9805.298320231834,621.6211559999999,118.28653212660619,2,118.28653212660619,0,-204.8263988993869,0.3903455560178004,0.0,1751587200,10.124719131221552,2025-07-04T00:00:00+00:00,9795.173601100612
9676.520175069549,9676.910520625566,2.5674842196016012,9804.204761283394,611.8057466,118.28653212660619,2,118.28653212660619,0,-204.80294724782814,0.3903455560178004,0.0,1751673600,9.007708531221576,2025-07-05T00:00:00+00:00,9795.197052752172
9676.53131286654,9676.921658422558,2.5497426761375563,9805.990014630384,612.79127105,118.28653212660619,2,118.28653212660619,0,-204.79180945083758,0.3903455560178004,0.0,1751760000,10.78182408122157,2025-07-06T00:00:00+00:00,9795.208190549163
9676.581782290285,9676.972127846302,2.5760868140916715,9803.339120104129,622.922435,118.28653212660619,2,118.28653212660619,0,-204.74134002709272,0.3903455560178004,0.0,1751846400,8.08046013122156,2025-07-07T00:00:00+00:00,9795.258659972907
9676.696467109796,9677.086812665813,2.584545182861231,9802.48799172364,621.7654482,118.28653212660619,2,118.28653212660619,0,-204.62665520758202,0.3903455560178004,0.0,1751932800,7.11464693122155,2025-07-08T00:00:00+00:00,9795.373344792419
9676.66640285468,9677.056748410698,2.636269508210942,9797.283200768525,626.1971949,118.28653212660619,2,118.28653212660619,0,-204.65671946269694,0.3903455560178004,0.0,1752019200,1.939920231221521,2025-07-09T00:00:00+00:00,9795.343280537303
9650.830763406424,9651.225803073006,2.6742061355682467,9793.465805111804,621.6341517,119.70898987343452,2,119.70898987343452,0,-229.06520705356058,0.3950396665823339,0.0,1752105600,22.531012165363222,2025-07-10T00:00:00+00:00,9770.93479294644
9650.730812354985,9651.125852021567,2.771537037937466,9783.671825260364,649.5842605,119.70898987343452,2,119.70898987343452,0,-229.16515810499826,0.3950396665823339,0.0,1752192000,12.836983365363228,2025-07-11T00:00:00+00:00,9770.834841895
9626.498768458592,9626.89327234497,2.7122834322620637,9789.634254519558,622.8729857399999,119.54663223606629,2,119.54663223606629,0,-253.56009541896358,0.3945038863790188,0.0,1752278400,43.194349938522066,2025-07-12T00:00:00+00:00,9746.439904581037
9626.478942543295,9626.873446429674,2.7256180242269723,9788.292453284263,619.6309410599999,119.54663223606629,2,119.54663223606629,0,-253.57992133426004,0.3945038863790188,0.0,1752364800,41.8723746185221,2025-07-13T00:00:00+00:00,9746.42007866574
9626.449546986016,9626.844050872394,2.7532044786359178,9785.516549926982,628.8519888599999,119.54663223606629,2,119.54663223606629,0,-253.60931689153992,0.3945038863790188,0.0,1752451200,39.1258668185221,2025-07-14T00:00:00+00:00,9746.39068310846
9678.834164019727,9679.119117042277,2.7240526260006948,9788.449972410403,442.2894784,86.34940077268203,2,86.34940077268203,0,-234.53148218504148,0.2849530225498507,0.0,1752537600,22.981454595443346,2025-07-15T00:00:00+00:00,9765.46851781496
9678.897446435896,9679.182399458447,2.808282328594669,9779.974308566572,451.46514465999996,86.34940077268203,2,86.34940077268203,0,-234.46819976887215,0.2849530225498507,0.0,1752624000,14.442508335443328,2025-07-16T00:00:00+00:00,9765.531800231129
9678.927416367795,9679.212369390345,2.80585783078503,9780.21827509847,461.27948806000006,86.34940077268203,2,86.34940077268203,0,-234.43822983697353,0.2849530225498507,0.0,1752710400,14.656504935443323,2025-07-17T00:00:00+00:00,9765.561770163027
9678.957386299693,9679.242339322243,2.8428743116361455,9776.493469730369,471.13616335999995,86.34940077268203,2,86.34940077268203,0,-234.4082599050749,0.2849530225498507,0.0,1752796800,10.901729635443358,2025-07-18T00:00:00+00:00,9765.591740094926
9708.078429435038,9708.187939021223,2.9164336594391105,9769.091516674038,193.64246999999997,33.18472308679669,1,33.18472308679669,0,-258.6273378919792,0.10950958618642907,0.0,1752883200,27.718854566016546,2025-07-19T00:00:00+00:00,9741.37266210802
9708.028652350407,9708.138161936593,2.908755166465704,9769.864169589406,194.46489999999997,33.18472308679669,1,33.18472308679669,0,-258.6771149766094,0.10950958618642907,0.0,1752969600,28.541284566016554,2025-07-20T00:00:00+00:00,9741.32288502339
9707.978875265777,9708.088384851962,2.846237344962199,9776.155062504777,200.80557,33.18472308679669,1,33.18472308679669,0,-258.7268920612396,0.10950958618642907,0.0,1753056000,34.881954566016546,2025-07-21T00:00:00+00:00,9741.27310793876
9707.929098181148,9708.038607767334,2.8219488630589873,9778.599105420148,203.29938999999996,33.18472308679669,1,33.18472308679669,0,-258.7766691458698,0.10950958618642907,0.0,1753142400,37.37577456601654,2025-07-22T00:00:00+00:00,9741.22333085413
9707.879321096518,9707.988830682703,2.765758656385897,9784.253278335516,209.00333999999998,33.18472308679669,1,33.18472308679669,0,-258.8264462305,0.10950958618642907,0.0,1753228800,43.07972456601654,2025-07-23T00:00:00+00:00,9741.1735537695
9786.908697130128,9786.908697130128,2.7393695570240406,9786.908697130128,0.0,0.0,0,0.0,0,-213.0913028698721,0.0,0.0,1753315200,0.0,2025-07-24T00:00:00+00:00,9786.908697130128
9759.561642997922,9759.651256501358,2.6993099506335105,9790.939718812811,139.91089072,27.15560710213689,1,27.15560710213689,0,-213.1931363965051,0.08961350343705174,0.0,1753401600,4.132855209315555,2025-07-25T00:00:00+00:00,9786.806863603495
9759.520909587269,9759.610523090705,2.6459286616044575,9796.311242722157,145.32314804,27.15560710213689,1,27.15560710213689,0,-213.2338698071583,0.08961350343705174,0.0,1753488000,9.545112529315565,2025-07-26T00:00:00+00:00,9786.766130192842
9759.480176176616,9759.569789680052,2.6403126322455894,9796.876359011505,145.92899774,27.15560710213689,1,27.15560710213689,0,-213.27460321781152,0.08961350343705174,0.0,1753574400,10.150962229315565,2025-07-27T00:00:00+00:00,9786.725396782189
9759.439442765963,9759.529056269399,2.600377865896797,9800.894818590852,149.98819073,27.15560710213689,1,27.15560710213689,0,-213.31533662846473,0.08961350343705174,0.0,1753660800,14.210155219315567,2025-07-28T00:00:00+00:00,9786.684663371536
9759.425264823494,9759.51487832693,2.5696118311446137,9803.990669108383,153.09821919,27.15560710213689,1,27.15560710213689,0,-213.32951457093276,0.08961350343705174,0.0,1753747200,17.320183679315562,2025-07-29T00:00:00+00:00,9786.670485429067
9759.400534212105,9759.490147715542,2.6348825750946103,9797.422761736994,146.55504243000001,27.15560710213689,1,27.15560710213689,0,-213.35424518232065,0.08961350343705174,0.0,1753833600,10.777006919315564,2025-07-30T00:00:00+00:00,9786.645754817679
9759.391471028235,9759.481084531672,2.6749108227751672,9793.394895543124,142.53623942000002,27.15560710213689,1,27.15560710213689,0,-213.363308366191,0.08961350343705174,0.0,1753920000,6.758203909315558,2025-07-31T00:00:00+00:00,9786.636691633808
9732.479254568721,9732.657209963414,2.7628901069649214,9784.541927824508,267.58822658,53.92587717972644,2,53.92587717972644,0,-213.4169128568599,0.17795539469309724,0.0,1754006400,-2.0411593186321717,2025-08-01T00:00:00+00:00,9786.58308714314
9732.469013435106,9732.646968829798,2.8451460072427714,9776.264879010892,259.3214189,53.92587717972644,2,53.92587717972644,0,-213.42715399047447,0.17795539469309724,0.0,1754092800,-10.307966998632168,2025-08-02T00:00:00+00:00,9786.572846009525
9732.434057011695,9732.612012406387,2.916469088562257,9769.087951597481,252.17944791000002,53.92587717972644,2,53.92587717972644,0,-213.46211041388653,0.17795539469309724,0.0,1754179200,-17.449937988632165,2025-08-03T00:00:00+00:00,9786.537889586114
9732.379247912928,9732.55720330762,2.811688598955142,9779.631550588716,262.77785600000004,53.92587717972644,2,53.92587717972644,0,-213.51691951265323,0.17795539469309724,0.0,1754265600,-6.8515298986321636,2025-08-04T00:00:00+00:00,9786.483080487347
9732.326170606557,9732.50412600125,2.600197825503514,9800.912935262344,284.11231798000006,53.92587717972644,2,53.92587717972644,0,-213.5699968190231,0.17795539469309724,0.0,1754352000,14.482932081367842,2025-08-05T00:00:00+00:00,9786.430003180976
9732.285787886442,9732.463743281134,2.7422030173493206,9786.623578502229,269.86334394,53.92587717972644,2,53.92587717972644,0,-213.6103795391383,0.17795539469309724,0.0,1754438400,0.23395804136780463,2025-08-06T00:00:00+00:00,9786.38962046086
9732.255665504124,9732.433620898817,2.7124265358115185,9789.619854639912,272.88974246000004,53.92587717972644,2,53.92587717972644,0,-213.6405019214571,0.17795539469309724,0.0,1754524800,3.260356561367831,2025-08-07T00:00:00+00:00,9786.359498078544
9732.193360609841,9732.371316004534,2.5116843029295954,9809.819661035628,293.15185375,53.92587717972644,2,53.92587717972644,0,-213.70280681573882,0.17795539469309724,0.0,1754611200,23.522467851367825,2025-08-08T00:00:00+00:00,9786.29719318426
9732.112471794073,9732.290427188766,2.3674866439821085,9824.32963609986,307.74271763,53.92587717972644,2,53.92587717972644,0,-213.78369563150838,0.17795539469309724,0.0,1754697600,38.11333173136782,2025-08-09T00:00:00+00:00,9786.216304368492
9732.031582978303,9732.209538372996,2.248905676685553,9836.26191635409,319.7558867,53.92587717972644,2,53.92587717972644,0,-213.864584447278,0.17795539469309724,0.0,1754784000,50.12650080136785,2025-08-10T00:00:00+00:00,9786.135415552722
9731.950694162533,9732.128649557226,2.2950415929854695,9831.619462378321,315.19432154000003,53.92587717972644,2,53.92587717972644,0,-213.94547326304757,0.17795539469309724,0.0,1754870400,45.564935641367825,2025-08-11T00:00:00+00:00,9786.054526736953
9731.892111674306,9732.070067068998,2.3638519140270486,9824.695382960093,308.32882461,53.92587717972644,2,53.92587717972644,0,-214.00405575127502,0.17795539469309724,0.0,1754956800,38.69943871136784,2025-08-12T00:00:00+00:00,9785.995944248725
9731.867140165337,9732.04509556003,2.2070617296767847,9840.472488371124,324.13090153,53.92587717972644,2,53.92587717972644,0,-214.0290272602429,0.17795539469309724,0.0,1755043200,54.501515631367816,2025-08-13T00:00:00+00:00,9785.970972739757
9731.786251349567,9731.96420674426,1.9590615561826508,9865.427653105355,349.16695508000004,53.92587717972644,2,53.92587717972644,0,-214.1099160760125,0.17795539469309724,0.0,1755129600,79.53756918136784,2025-08-14T00:00:00+00:00,9785.890083923987
9731.724588703626,9731.902544098319,2.382167456525286,9822.852370619414,306.65333524000005,53.92587717972644,2,53.92587717972644,0,-214.17157872195378,0.17795539469309724,0.0,1755216000,37.023949341367846,2025-08-15T00:00:00+00:00,9785.828421278045
9653.436177890493,9653.870625902038,2.4808317123443557,9812.924221285262,685.65724574,131.65091258919404,3,131.65091258919404,0,-214.47846150876902,0.4344480115443403,0.0,1755302400,27.402682794029804,2025-08-16T00:00:00+00:00,9785.521538491232
9653.336811792002,9653.771259803547,2.4046310791090098,9820.59195525677,693.42434581,131.65091258919404,3,131.65091258919404,0,-214.57782760725914,0.4344480115443403,0.0,1755388800,35.16978286402978,2025-08-17T00:00:00+00:00,9785.42217239274
9653.182687590383,9653.617135601928,2.3631965933225363,9824.76132499515,697.74783975,131.65091258919404,3,131.65091258919404,0,-214.7319518088787,0.4344480115443403,0.0,1755475200,39.49327680402981,2025-08-18T00:00:00+00:00,9785.268048191121
9653.07360453009,9653.508052541634,2.5579061652067914,9805.168558694857,678.26415651,131.65091258919404,3,131.65091258919404,0,-214.84103486917226,0.4344480115443403,0.0,1755561600,20.00959356402978,2025-08-19T00:00:00+00:00,9785.158965130828
9652.991241330707,9653.425689342252,2.8115145886851156,9779.649060475474,652.8270214900001,131.65091258919404,3,131.65091258919404,0,-214.92339806855523,0.4344480115443403,0.0,1755648000,-5.427541455970214,2025-08-20T00:00:00+00:00,9785.076601931445
9652.812238071394,9653.246686082939,2.5967352225963802,9801.261361736162,674.61832601,131.65091258919404,3,131.65091258919404,0,-215.1024013278667,0.4344480115443403,0.0,1755734400,16.363763064029765,2025-08-21T00:00:00+00:00,9784.897598672133
9652.649389649858,9653.083837661403,2.7355114885185827,9787.296917564627,660.81673026,131.65091258919404,3,131.65091258919404,0,-215.26524974940307,0.4344480115443403,0.0,1755820800,2.562167314029786,2025-08-22T00:00:00+00:00,9784.734750250596
9652.493812952152,9652.928260963698,2.2670584407803784,9834.43528368692,708.11067308,131.65091258919404,3,131.65091258919404,0,-215.42082644710894,0.4344480115443403,0.0,1755907200,49.856110134029805,2025-08-23T00:00:00+00:00,9784.579173552891
9652.29633658327,9652.730784594814,2.286985108361128,9832.430150928038,706.30301669,131.65091258919404,3,131.65091258919404,0,-215.61830281599268,0.4344480115443403,0.0,1755993600,48.0484537440298,2025-08-24T00:00:00+00:00,9784.381697184008
9706.662766618654,9706.840722013347,2.5757319514871924,9803.374828364442,312.23761507,53.92587717972644,2,53.92587717972644,0,-239.2334008069269,0.17795539469309724,0.0,1756080000,42.608229171367825,2025-08-25T00:00:00+00:00,9760.766599193073
9653.621393897574,9653.973203651089,2.955234637003179,9765.187145264461,537.65000648,106.60901621665704,3,106.60901621665704,0,-239.41778013225473,0.35180975351496824,0.0,1756166400,4.604925396714879,2025-08-26T00:00:00+00:00,9760.582219867745
9653.594258676,9653.946068429514,2.750873897747741,9785.751066012885,558.2410624500001,106.60901621665704,3,106.60901621665704,0,-239.44491535383025,0.35180975351496824,0.0,1756252800,25.19598136671486,2025-08-27T00:00:00+00:00,9760.55508464617
9653.585576146805,9653.937385900319,2.836823083713036,9777.10237813369,549.6010570999999,106.60901621665704,3,106.60901621665704,0,-239.45359788302528,0.35180975351496824,0.0,1756339200,16.555976016714844,2025-08-28T00:00:00+00:00,9760.546402116976
9653.498427895069,9653.850237648583,2.730894847169929,9787.761469841955,560.3472970600001,106.60901621665704,3,106.60901621665704,0,-239.54074613476027,0.35180975351496824,0.0,1756425600,27.302215976714855,2025-08-29T00:00:00+00:00,9760.45925386524
9653.428970856046,9653.78078060956,2.964617939653602,9764.242944862932,536.89822912,106.60901621665704,3,106.60901621665704,0,-239.61020317378222,0.35180975351496824,0.0,1756512000,3.8531480367148707,2025-08-30T00:00:00+00:00,9760.389796826217
9653.30634268085,9653.658152434364,2.917569053745117,9768.977266947735,541.7551793800001,106.60901621665704,3,106.60901621665704,0,-239.73283134897923,0.35180975351496824,0.0,1756598400,8.710098296714907,2025-08-31T00:00:00+00:00,9760.26716865102
9653.253908110411,9653.605717863926,2.952471252935751,9765.465212427298,538.29555943,106.60901621665704,3,106.60901621665704,0,-239.78526591941795,0.35180975351496824,0.0,1756684800,5.250478346714883,2025-09-01T00:00:00+00:00,9760.214734080582
9653.179423202826,9653.53123295634,3.07488147806414,9753.147610829712,526.0524427400001,106.60901621665704,3,106.60901621665704,0,-239.85975082700313,0.35180975351496824,0.0,1756771200,-6.992638343285097,2025-09-02T00:00:00+00:00,9760.140249172997
9653.037768923854,9653.389578677368,2.960603482373625,9764.64690201074,537.6933882000001,106.60901621665704,3,106.60901621665704,0,-240.0014051059747,0.35180975351496824,0.0,1756857600,4.648307116714876,2025-09-03T00:00:00+00:00,9759.998594894025
9652.890080521944,9653.241890275458,2.858273560894309,9774.94391112883,548.13808572,106.60901621665704,3,106.60901621665704,0,-240.14909350788616,0.35180975351496824,0.0,1756944000,15.093004636714852,2025-09-04T00:00:00+00:00,9759.850906492115
9652.818125664722,9653.169935418236,3.0634169955434443,9754.301231191608,527.5673606400001,106.60901621665704,3,106.60901621665704,0,-240.22104836510744,0.35180975351496824,0.0,1757030400,-5.477720443285145,2025-09-05T00:00:00+00:00,9759.778951634893
9652.714174804838,9653.065984558352,2.9825608234868572,9762.437431521723,535.8075118300001,106.60901621665704,3,106.60901621665704,0,-240.32499922499042,0.35180975351496824,0.0,1757116800,2.7624307467148626,2025-09-06T00:00:00+00:00,9759.675000775009
9652.588324340399,9652.940134093913,3.028503639000124,9757.814408427284,531.3103392,106.60901621665704,3,106.60901621665704,0,-240.4508496894308,0.35180975351496824,0.0,1757203200,-1.7347418832851353,2025-09-07T00:00:00+00:00,9759.54915031057
9652.436037666019,9652.787847419533,2.984721739020213,9762.219988112905,535.86820556,106.60901621665704,3,106.60901621665704,0,-240.60313636381068,0.35180975351496824,0.0,1757289600,2.8231244767149173,2025-09-08T00:00:00+00:00,9759.39686363619
9652.305925678584,9652.657735432098,2.9013565673863373,9770.60865801547,544.38698745,106.60901621665704,3,106.60901621665704,0,-240.7332483512453,0.35180975351496824,0.0,1757376000,11.341906366714875,2025-09-09T00:00:00+00:00,9759.266751648755
9652.15065090465,9652.502460658165,2.8777332750908435,9772.985765831536,546.9193700400001,106.60901621665704,3,106.60901621665704,0,-240.88852312517807,0.35180975351496824,0.0,1757462400,13.874288956714881,2025-09-10T00:00:00+00:00,9759.111476874821
9652.017755928182,9652.369565681696,2.8081976174573864,9779.982832675068,554.04933186,106.60901621665704,3,106.60901621665704,0,-241.02141810164798,0.35180975351496824,0.0,1757548800,21.004250776714894,2025-09-11T00:00:00+00:00,9758.978581898353
9651.857842403857,9652.209652157371,2.677318140964302,9793.152657720742,567.37907043,106.60901621665704,3,106.60901621665704,0,-241.18133162597294,0.35180975351496824,0.0,1757635200,34.333989346714844,2025-09-12T00:00:00+00:00,9758.818668374028
9651.704128874082,9652.055938627596,2.478663741380449,9813.142374650968,587.5225008900001,106.60901621665704,3,106.60901621665704,0,-241.33504515574796,0.35180975351496824,0.0,1757721600,54.47741980671492,2025-09-13T00:00:00+00:00,9758.664954844253
9651.54994990944,9651.901759662955,2.4764119371756266,9813.368963786326,587.90326899,106.60901621665704,3,106.60901621665704,0,-241.4892241203888,0.35180975351496824,0.0,1757808000,54.858187906714896,2025-09-14T00:00:00+00:00,9758.510775879611
9651.40786270796,9651.759672461474,2.685255046629076,9792.354001874846,567.0303942800001,106.60901621665704,3,106.60901621665704,0,-241.6313113218691,0.35180975351496824,0.0,1757894400,33.98531319671491,2025-09-15T00:00:00+00:00,9758.36868867813
9651.27101492267,9651.622824676184,2.855919754356151,9775.180764309554,549.9940045000001,106.60901621665704,3,106.60901621665704,0,-241.76815910715897,0.35180975351496824,0.0,1757980800,16.94892341671489,2025-09-16T00:00:00+00:00,9758.23184089284
9651.150983259176,9651.50279301269,2.7761597957913775,9783.206657506062,558.13992936,106.60901621665704,3,106.60901621665704,0,-241.88819077065256,0.35180975351496824,0.0,1758067200,25.09484827671489,2025-09-17T00:00:00+00:00,9758.111809229347
9651.031270174019,9651.383079927533,2.6252769159688216,9798.389336890905,573.44232183,106.60901621665704,3,106.60901621665704,0,-242.00790385580987,0.35180975351496824,0.0,1758153600,40.39724074671487,2025-09-18T00:00:00+00:00,9757.99209614419
9650.925185647005,9651.27699540052,2.581279195872632,9802.816633603892,577.97570307,106.60901621665704,3,106.60901621665704,0,-242.11398838282386,0.35180975351496824,0.0,1758240000,44.93062198671491,2025-09-19T00:00:00+00:00,9757.886011617176
9650.786092499227,9651.137902252742,2.7943646123768207,9781.374787026112,556.6729496400001,106.60901621665704,3,106.60901621665704,0,-242.25308153060146,0.35180975351496824,0.0,1758326400,23.627868556714873,2025-09-20T00:00:00+00:00,9757.746918469398
9650.626178974902,9650.977988728417,2.752340292085831,9785.603509211787,561.0615853500001,106.60901621665704,3,106.60901621665704,0,-242.41299505492645,0.35180975351496824,0.0,1758412800,28.01650426671484,2025-09-21T00:00:00+00:00,9757.587004945073
9650.466265450577,9650.818075204092,2.855871993168113,9775.185570307463,550.80355997,106.60901621665704,3,106.60901621665704,0,-242.57290857925142,0.35180975351496824,0.0,1758499200,17.75847888671485,2025-09-22T00:00:00+00:00,9757.427091420748
9665.306104308314,9665.569572170572,3.222921324832473,9738.251013334302,392.03642572,79.8387461390675,2,79.8387461390675,0,-254.59168169036133,0.2634678622589227,0.0,1758585600,-7.157304975337398,2025-09-23T00:00:00+00:00,9745.408318309639
9665.258630520513,9665.522098382771,3.2851696304351807,9731.987240616501,385.82012679,79.8387461390675,2,79.8387461390675,0,-254.639155478162,0.2634678622589227,0.0,1758672000,-13.373603905337378,2025-09-24T00:00:00+00:00,9745.360844521838
9665.223912066796,9665.487379929054,3.29340720083805,9731.158330202783,385.02593483,79.8387461390675,2,79.8387461390675,0,-254.67387393187957,0.2634678622589227,0.0,1758758400,-14.167795865337407,2025-09-25T00:00:00+00:00,9745.326126068121
9694.002370109449,9694.091983612885,3.455187901499035,9714.879051124337,129.40949592,27.15560710213689,1,27.15560710213689,0,-278.7524092849778,0.08961350343705174,0.0,1758844800,-6.368539590684432,2025-09-26T00:00:00+00:00,9721.247590715022
9693.96749959437,9694.057113097806,3.3985372381192813,9720.579557769259,135.14487308000002,27.15560710213689,1,27.15560710213689,0,-278.78727980005766,0.08961350343705174,0.0,1758931200,-0.6331624306844357,2025-09-27T00:00:00+00:00,9721.212720199943
9693.934415918236,9694.024029421673,3.3926444926343224,9721.172518783125,135.77091777,27.15560710213689,1,27.15560710213689,0,-278.82036347619015,0.08961350343705174,0.0,1759017600,-0.007117740684437354,2025-09-28T00:00:00+00:00,9721.17963652381
9693.9153146642,9694.004928167637,3.373366963909974,9723.112331559088,137.72983180000003,27.15560710213689,1,27.15560710213689,0,-278.8394647302258,0.08961350343705174,0.0,1759104000,1.9517962893155711,2025-09-29T00:00:00+00:00,9721.160535269773
9693.89699277609,9693.986606279526,3.390608065021805,9721.377435520979,136.01325765,27.15560710213689,1,27.15560710213689,0,-278.8577866183376,0.08961350343705174,0.0,1759190400,0.23522213931555838,2025-09-30T00:00:00+00:00,9721.142213381663
9693.865974283877,9693.955587787314,3.3969371525611414,9720.740567328767,135.40740795,27.15560710213689,1,27.15560710213689,0,-278.88880511055004,0.08961350343705174,0.0,1759276800,-0.3706275606844422,2025-10-01T00:00:00+00:00,9721.11119488945
9641.94804107745,9642.207932952746,3.39342178935923,9721.09430283858,406.63565055000004,78.75511372620048,2,78.75511372620048,0,-279.03695332105343,0.2598918752964615,0.0,1759363200,0.1312561596334394,2025-10-02T00:00:00+00:00,9720.963046678946
9641.984706926734,9642.24459880203,3.402745776277105,9720.156071117863,426.06876897999996,78.75511372620048,2,78.75511372620048,0,-279.00028747177055,0.2598918752964615,0.0,1759449600,-0.8436414103665619,2025-10-03T00:00:00+00:00,9720.99971252823
9669.736427380467,9669.826040883903,3.4888207272970706,9711.494728055355,150.29111558,27.15560710213689,1,27.15560710213689,0,-303.01835201396005,0.08961350343705174,0.0,1759536000,14.513080069315556,2025-10-04T00:00:00+00:00,9696.98164798604
9669.695693969814,9669.78530747325,3.528963013924813,9707.455386624702,146.29250756000002,27.15560710213689,1,27.15560710213689,0,-303.0590854246133,0.08961350343705174,0.0,1759622400,10.51447204931557,2025-10-05T00:00:00+00:00,9696.940914575387
9669.65496055916,9669.744574062597,3.542212255192012,9706.12217385405,145.0000282,27.15560710213689,1,27.15560710213689,0,-303.0998188352665,0.08961350343705174,0.0,1759708800,9.221992689315556,2025-10-06T00:00:00+00:00,9696.900181164734
9669.614227148508,9669.703840651944,3.4627406982758457,9714.119046463396,153.03763422000003,27.15560710213689,1,27.15560710213689,0,-303.14055224591965,0.08961350343705174,0.0,1759795200,17.25959870931557,2025-10-07T00:00:00+00:00,9696.859447754081
9669.573493737855,9669.663107241291,3.5566690756246744,9704.667447712744,143.62676888000001,27.15560710213689,1,27.15560710213689,0,-303.18128565657287,0.08961350343705174,0.0,1759881600,7.848733369315572,2025-10-08T00:00:00+00:00,9696.818714343428
9669.533007443226,9669.622620946662,3.5175346309524014,9708.605374448114,147.60518191,27.15560710213689,1,27.15560710213689,0,-303.22177195120145,0.08961350343705174,0.0,1759968000,11.827146399315561,2025-10-09T00:00:00+00:00,9696.778228048799
9669.500963826846,9669.590577330282,3.5672238895672392,9703.605363291734,142.63721437,27.15560710213689,1,27.15560710213689,0,-303.25381556758197,0.08961350343705174,0.0,1760054400,6.859178859315569,2025-10-10T00:00:00+00:00,9696.746184432419
9684.651254273049,9684.651254273049,3.755586594246685,9684.651254273049,0.0,0.0,0,0.0,0,-315.34874572695026,0.0,0.0,1760140800,0.0,2025-10-11T00:00:00+00:00,9684.651254273049
9684.651254273049,9684.651254273049,3.755586594246685,9684.651254273049,0.0,0.0,0,0.0,0,-315.34874572695026,0.0,0.0,1760227200,0.0,2025-10-12T00:00:00+00:00,9684.651254273049
9684.651254273049,9684.651254273049,3.755586594246685,9684.651254273049,0.0,0.0,0,0.0,0,-315.34874572695026,0.0,0.0,1760313600,0.0,2025-10-13T00:00:00+00:00,9684.651254273049
9684.651254273049,9684.651254273049,3.755586594246685,9684.651254273049,0.0,0.0,0,0.0,0,-315.34874572695026,0.0,0.0,1760400000,0.0,2025-10-14T00:00:00+00:00,9684.651254273049
9684.651254273049,9684.651254273049,3.755586594246685,9684.651254273049,0.0,0.0,0,0.0,0,-315.34874572695026,0.0,0.0,1760486400,0.0,2025-10-15T00:00:00+00:00,9684.651254273049
9684.651254273049,9684.651254273049,3.755586594246685,9684.651254273049,0.0,0.0,0,0.0,0,-315.34874572695026,0.0,0.0,1760572800,0.0,2025-10-16T00:00:00+00:00,9684.651254273049
9684.651254273049,9684.651254273049,3.755586594246685,9684.651254273049,0.0,0.0,0,0.0,0,-315.34874572695026,0.0,0.0,1760659200,0.0,2025-10-17T00:00:00+00:00,9684.651254273049
9684.651254273049,9684.651254273049,3.755586594246685,9684.651254273049,0.0,0.0,0,0.0,0,-315.34874572695026,0.0,0.0,1760745600,0.0,2025-10-18T00:00:00+00:00,9684.651254273049
9684.651254273049,9684.651254273049,3.755586594246685,9684.651254273049,0.0,0.0,0,0.0,0,-315.34874572695026,0.0,0.0,1760832000,0.0,2025-10-19T00:00:00+00:00,9684.651254273049
9684.651254273049,9684.651254273049,3.755586594246685,9684.651254273049,0.0,0.0,0,0.0,0,-315.34874572695026,0.0,0.0,1760918400,0.0,2025-10-20T00:00:00+00:00,9684.651254273049
9684.651254273049,9684.651254273049,3.755586594246685,9684.651254273049,0.0,0.0,0,0.0,0,-315.34874572695026,0.0,0.0,1761004800,0.0,2025-10-21T00:00:00+00:00,9684.651254273049
9684.651254273049,9684.651254273049,3.755586594246685,9684.651254273049,0.0,0.0,0,0.0,0,-315.34874572695026,0.0,0.0,1761091200,0.0,2025-10-22T00:00:00+00:00,9684.651254273049
9684.651254273049,9684.651254273049,3.755586594246685,9684.651254273049,0.0,0.0,0,0.0,0,-315.34874572695026,0.0,0.0,1761177600,0.0,2025-10-23T00:00:00+00:00,9684.651254273049
9684.651254273049,9684.651254273049,3.755586594246685,9684.651254273049,0.0,0.0,0,0.0,0,-315.34874572695026,0.0,0.0,1761264000,0.0,2025-10-24T00:00:00+00:00,9684.651254273049
9684.651254273049,9684.651254273049,3.755586594246685,9684.651254273049,0.0,0.0,0,0.0,0,-315.34874572695026,0.0,0.0,1761350400,0.0,2025-10-25T00:00:00+00:00,9684.651254273049
9684.651254273049,9684.651254273049,3.755586594246685,9684.651254273049,0.0,0.0,0,0.0,0,-315.34874572695026,0.0,0.0,1761436800,0.0,2025-10-26T00:00:00+00:00,9684.651254273049
9684.651254273049,9684.651254273049,3.755586594246685,9684.651254273049,0.0,0.0,0,0.0,0,-315.34874572695026,0.0,0.0,1761523200,0.0,2025-10-27T00:00:00+00:00,9684.651254273049
9684.651254273049,9684.651254273049,3.755586594246685,9684.651254273049,0.0,0.0,0,0.0,0,-315.34874572695026,0.0,0.0,1761609600,0.0,2025-10-28T00:00:00+00:00,9684.651254273049
9684.651254273049,9684.651254273049,3.755586594246685,9684.651254273049,0.0,0.0,0,0.0,0,-315.34874572695026,0.0,0.0,1761696000,0.0,2025-10-29T00:00:00+00:00,9684.651254273049
9684.651254273049,9684.651254273049,3.755586594246685,9684.651254273049,0.0,0.0,0,0.0,0,-315.34874572695026,0.0,0.0,1761782400,0.0,2025-10-30T00:00:00+00:00,9684.651254273049
9684.651254273049,9684.651254273049,3.755586594246685,9684.651254273049,0.0,0.0,0,0.0,0,-315.34874572695026,0.0,0.0,1761868800,0.0,2025-10-31T00:00:00+00:00,9684.651254273049
9684.651254273049,9684.651254273049,3.755586594246685,9684.651254273049,0.0,0.0,0,0.0,0,-315.34874572695026,0.0,0.0,1761955200,0.0,2025-11-01T00:00:00+00:00,9684.651254273049
9684.651254273049,9684.651254273049,3.755586594246685,9684.651254273049,0.0,0.0,0,0.0,0,-315.34874572695026,0.0,0.0,1762041600,0.0,2025-11-02T00:00:00+00:00,9684.651254273049
9684.651254273049,9684.651254273049,3.755586594246685,9684.651254273049,0.0,0.0,0,0.0,0,-315.34874572695026,0.0,0.0,1762128000,0.0,2025-11-03T00:00:00+00:00,9684.651254273049
9684.651254273049,9684.651254273049,3.755586594246685,9684.651254273049,0.0,0.0,0,0.0,0,-315.34874572695026,0.0,0.0,1762214400,0.0,2025-11-04T00:00:00+00:00,9684.651254273049
9684.651254273049,9684.651254273049,3.755586594246685,9684.651254273049,0.0,0.0,0,0.0,0,-315.34874572695026,0.0,0.0,1762300800,0.0,2025-11-05T00:00:00+00:00,9684.651254273049
9684.651254273049,9684.651254273049,3.755586594246685,9684.651254273049,0.0,0.0,0,0.0,0,-315.34874572695026,0.0,0.0,1762387200,0.0,2025-11-06T00:00:00+00:00,9684.651254273049
9684.651254273049,9684.651254273049,3.755586594246685,9684.651254273049,0.0,0.0,0,0.0,0,-315.34874572695026,0.0,0.0,1762473600,0.0,2025-11-07T00:00:00+00:00,9684.651254273049
9684.651254273049,9684.651254273049,3.755586594246685,9684.651254273049,0.0,0.0,0,0.0,0,-315.34874572695026,0.0,0.0,1762560000,0.0,2025-11-08T00:00:00+00:00,9684.651254273049
9684.651254273049,9684.651254273049,3.755586594246685,9684.651254273049,0.0,0.0,0,0.0,0,-315.34874572695026,0.0,0.0,1762646400,0.0,2025-11-09T00:00:00+00:00,9684.651254273049
9684.651254273049,9684.651254273049,3.755586594246685,9684.651254273049,0.0,0.0,0,0.0,0,-315.34874572695026,0.0,0.0,1762732800,0.0,2025-11-10T00:00:00+00:00,9684.651254273049
9684.651254273049,9684.651254273049,3.755586594246685,9684.651254273049,0.0,0.0,0,0.0,0,-315.34874572695026,0.0,0.0,1762819200,0.0,2025-11-11T00:00:00+00:00,9684.651254273049
9684.651254273049,9684.651254273049,3.755586594246685,9684.651254273049,0.0,0.0,0,0.0,0,-315.34874572695026,0.0,0.0,1762905600,0.0,2025-11-12T00:00:00+00:00,9684.651254273049
9684.651254273049,9684.651254273049,3.755586594246685,9684.651254273049,0.0,0.0,0,0.0,0,-315.34874572695026,0.0,0.0,1762992000,0.0,2025-11-13T00:00:00+00:00,9684.651254273049
9684.651254273049,9684.651254273049,3.755586594246685,9684.651254273049,0.0,0.0,0,0.0,0,-315.34874572695026,0.0,0.0,1763078400,0.0,2025-11-14T00:00:00+00:00,9684.651254273049
9684.651254273049,9684.651254273049,3.755586594246685,9684.651254273049,0.0,0.0,0,0.0,0,-315.34874572695026,0.0,0.0,1763164800,0.0,2025-11-15T00:00:00+00:00,9684.651254273049
9684.651254273049,9684.651254273049,3.755586594246685,9684.651254273049,0.0,0.0,0,0.0,0,-315.34874572695026,0.0,0.0,1763251200,0.0,2025-11-16T00:00:00+00:00,9684.651254273049
9684.651254273049,9684.651254273049,3.755586594246685,9684.651254273049,0.0,0.0,0,0.0,0,-315.34874572695026,0.0,0.0,1763337600,0.0,2025-11-17T00:00:00+00:00,9684.651254273049
9684.651254273049,9684.651254273049,3.755586594246685,9684.651254273049,0.0,0.0,0,0.0,0,-315.34874572695026,0.0,0.0,1763424000,0.0,2025-11-18T00:00:00+00:00,9684.651254273049
9684.651254273049,9684.651254273049,3.755586594246685,9684.651254273049,0.0,0.0,0,0.0,0,-315.34874572695026,0.0,0.0,1763510400,0.0,2025-11-19T00:00:00+00:00,9684.651254273049
9684.651254273049,9684.651254273049,3.755586594246685,9684.651254273049,0.0,0.0,0,0.0,0,-315.34874572695026,0.0,0.0,1763596800,0.0,2025-11-20T00:00:00+00:00,9684.651254273049
9684.651254273049,9684.651254273049,3.755586594246685,9684.651254273049,0.0,0.0,0,0.0,0,-315.34874572695026,0.0,0.0,1763683200,0.0,2025-11-21T00:00:00+00:00,9684.651254273049
9684.651254273049,9684.651254273049,3.755586594246685,9684.651254273049,0.0,0.0,0,0.0,0,-315.34874572695026,0.0,0.0,1763769600,0.0,2025-11-22T00:00:00+00:00,9684.651254273049
9684.651254273049,9684.651254273049,3.755586594246685,9684.651254273049,0.0,0.0,0,0.0,0,-315.34874572695026,0.0,0.0,1763856000,0.0,2025-11-23T00:00:00+00:00,9684.651254273049
9684.651254273049,9684.651254273049,3.755586594246685,9684.651254273049,0.0,0.0,0,0.0,0,-315.34874572695026,0.0,0.0,1763942400,0.0,2025-11-24T00:00:00+00:00,9684.651254273049
9684.651254273049,9684.651254273049,3.755586594246685,9684.651254273049,0.0,0.0,0,0.0,0,-315.34874572695026,0.0,0.0,1764028800,0.0,2025-11-25T00:00:00+00:00,9684.651254273049
9684.651254273049,9684.651254273049,3.755586594246685,9684.651254273049,0.0,0.0,0,0.0,0,-315.34874572695026,0.0,0.0,1764115200,0.0,2025-11-26T00:00:00+00:00,9684.651254273049
9684.651254273049,9684.651254273049,3.755586594246685,9684.651254273049,0.0,0.0,0,0.0,0,-315.34874572695026,0.0,0.0,1764201600,0.0,2025-11-27T00:00:00+00:00,9684.651254273049
9684.651254273049,9684.651254273049,3.755586594246685,9684.651254273049,0.0,0.0,0,0.0,0,-315.34874572695026,0.0,0.0,1764288000,0.0,2025-11-28T00:00:00+00:00,9684.651254273049
9684.651254273049,9684.651254273049,3.755586594246685,9684.651254273049,0.0,0.0,0,0.0,0,-315.34874572695026,0.0,0.0,1764374400,0.0,2025-11-29T00:00:00+00:00,9684.651254273049
9684.651254273049,9684.651254273049,3.755586594246685,9684.651254273049,0.0,0.0,0,0.0,0,-315.34874572695026,0.0,0.0,1764460800,0.0,2025-11-30T00:00:00+00:00,9684.651254273049
9684.651254273049,9684.651254273049,3.755586594246685,9684.651254273049,0.0,0.0,0,0.0,0,-315.34874572695026,0.0,0.0,1764547200,0.0,2025-12-01T00:00:00+00:00,9684.651254273049
9684.651254273049,9684.651254273049,3.755586594246685,9684.651254273049,0.0,0.0,0,0.0,0,-315.34874572695026,0.0,0.0,1764633600,0.0,2025-12-02T00:00:00+00:00,9684.651254273049
9684.651254273049,9684.651254273049,3.755586594246685,9684.651254273049,0.0,0.0,0,0.0,0,-315.34874572695026,0.0,0.0,1764720000,0.0,2025-12-03T00:00:00+00:00,9684.651254273049
9684.651254273049,9684.651254273049,3.755586594246685,9684.651254273049,0.0,0.0,0,0.0,0,-315.34874572695026,0.0,0.0,1764806400,0.0,2025-12-04T00:00:00+00:00,9684.651254273049
9684.651254273049,9684.651254273049,3.755586594246685,9684.651254273049,0.0,0.0,0,0.0,0,-315.34874572695026,0.0,0.0,1764892800,0.0,2025-12-05T00:00:00+00:00,9684.651254273049
9684.651254273049,9684.651254273049,3.755586594246685,9684.651254273049,0.0,0.0,0,0.0,0,-315.34874572695026,0.0,0.0,1764979200,0.0,2025-12-06T00:00:00+00:00,9684.651254273049
9684.651254273049,9684.651254273049,3.755586594246685,9684.651254273049,0.0,0.0,0,0.0,0,-315.34874572695026,0.0,0.0,1765065600,0.0,2025-12-07T00:00:00+00:00,9684.651254273049
9684.651254273049,9684.651254273049,3.755586594246685,9684.651254273049,0.0,0.0,0,0.0,0,-315.34874572695026,0.0,0.0,1765152000,0.0,2025-12-08T00:00:00+00:00,9684.651254273049
9684.651254273049,9684.651254273049,3.755586594246685,9684.651254273049,0.0,0.0,0,0.0,0,-315.34874572695026,0.0,0.0,1765238400,0.0,2025-12-09T00:00:00+00:00,9684.651254273049
9684.651254273049,9684.651254273049,3.755586594246685,9684.651254273049,0.0,0.0,0,0.0,0,-315.34874572695026,0.0,0.0,1765324800,0.0,2025-12-10T00:00:00+00:00,9684.651254273049
9684.651254273049,9684.651254273049,3.755586594246685,9684.651254273049,0.0,0.0,0,0.0,0,-315.34874572695026,0.0,0.0,1765411200,0.0,2025-12-11T00:00:00+00:00,9684.651254273049
9684.651254273049,9684.651254273049,3.755586594246685,9684.651254273049,0.0,0.0,0,0.0,0,-315.34874572695026,0.0,0.0,1765497600,0.0,2025-12-12T00:00:00+00:00,9684.651254273049
9684.651254273049,9684.651254273049,3.755586594246685,9684.651254273049,0.0,0.0,0,0.0,0,-315.34874572695026,0.0,0.0,1765584000,0.0,2025-12-13T00:00:00+00:00,9684.651254273049
9684.651254273049,9684.651254273049,3.755586594246685,9684.651254273049,0.0,0.0,0,0.0,0,-315.34874572695026,0.0,0.0,1765670400,0.0,2025-12-14T00:00:00+00:00,9684.651254273049
9684.651254273049,9684.651254273049,3.755586594246685,9684.651254273049,0.0,0.0,0,0.0,0,-315.34874572695026,0.0,0.0,1765756800,0.0,2025-12-15T00:00:00+00:00,9684.651254273049
9684.651254273049,9684.651254273049,3.755586594246685,9684.651254273049,0.0,0.0,0,0.0,0,-315.34874572695026,0.0,0.0,1765843200,0.0,2025-12-16T00:00:00+00:00,9684.651254273049
9684.651254273049,9684.651254273049,3.755586594246685,9684.651254273049,0.0,0.0,0,0.0,0,-315.34874572695026,0.0,0.0,1765929600,0.0,2025-12-17T00:00:00+00:00,9684.651254273049
9684.651254273049,9684.651254273049,3.755586594246685,9684.651254273049,0.0,0.0,0,0.0,0,-315.34874572695026,0.0,0.0,1766016000,0.0,2025-12-18T00:00:00+00:00,9684.651254273049
9684.651254273049,9684.651254273049,3.755586594246685,9684.651254273049,0.0,0.0,0,0.0,0,-315.34874572695026,0.0,0.0,1766102400,0.0,2025-12-19T00:00:00+00:00,9684.651254273049
9684.651254273049,9684.651254273049,3.755586594246685,9684.651254273049,0.0,0.0,0,0.0,0,-315.34874572695026,0.0,0.0,1766188800,0.0,2025-12-20T00:00:00+00:00,9684.651254273049
9684.651254273049,9684.651254273049,3.755586594246685,9684.651254273049,0.0,0.0,0,0.0,0,-315.34874572695026,0.0,0.0,1766275200,0.0,2025-12-21T00:00:00+00:00,9684.651254273049
9684.651254273049,9684.651254273049,3.755586594246685,9684.651254273049,0.0,0.0,0,0.0,0,-315.34874572695026,0.0,0.0,1766361600,0.0,2025-12-22T00:00:00+00:00,9684.651254273049
9684.651254273049,9684.651254273049,3.755586594246685,9684.651254273049,0.0,0.0,0,0.0,0,-315.34874572695026,0.0,0.0,1766448000,0.0,2025-12-23T00:00:00+00:00,9684.651254273049
9684.651254273049,9684.651254273049,3.755586594246685,9684.651254273049,0.0,0.0,0,0.0,0,-315.34874572695026,0.0,0.0,1766534400,0.0,2025-12-24T00:00:00+00:00,9684.651254273049
9684.651254273049,9684.651254273049,3.755586594246685,9684.651254273049,0.0,0.0,0,0.0,0,-315.34874572695026,0.0,0.0,1766620800,0.0,2025-12-25T00:00:00+00:00,9684.651254273049
9684.651254273049,9684.651254273049,3.755586594246685,9684.651254273049,0.0,0.0,0,0.0,0,-315.34874572695026,0.0,0.0,1766707200,0.0,2025-12-26T00:00:00+00:00,9684.651254273049
9684.651254273049,9684.651254273049,3.755586594246685,9684.651254273049,0.0,0.0,0,0.0,0,-315.34874572695026,0.0,0.0,1766793600,0.0,2025-12-27T00:00:00+00:00,9684.651254273049
9684.651254273049,9684.651254273049,3.755586594246685,9684.651254273049,0.0,0.0,0,0.0,0,-315.34874572695026,0.0,0.0,1766880000,0.0,2025-12-28T00:00:00+00:00,9684.651254273049
9684.651254273049,9684.651254273049,3.755586594246685,9684.651254273049,0.0,0.0,0,0.0,0,-315.34874572695026,0.0,0.0,1766966400,0.0,2025-12-29T00:00:00+00:00,9684.651254273049
9684.651254273049,9684.651254273049,3.755586594246685,9684.651254273049,0.0,0.0,0,0.0,0,-315.34874572695026,0.0,0.0,1767052800,0.0,2025-12-30T00:00:00+00:00,9684.651254273049
9684.651254273049,9684.651254273049,3.755586594246685,9684.651254273049,0.0,0.0,0,0.0,0,-315.34874572695026,0.0,0.0,1767139200,0.0,2025-12-31T00:00:00+00:00,9684.651254273049
9684.651254273049,9684.651254273049,3.755586594246685,9684.651254273049,0.0,0.0,0,0.0,0,-315.34874572695026,0.0,0.0,1767225600,0.0,2026-01-01T00:00:00+00:00,9684.651254273049
9684.651254273049,9684.651254273049,3.755586594246685,9684.651254273049,0.0,0.0,0,0.0,0,-315.34874572695026,0.0,0.0,1767312000,0.0,2026-01-02T00:00:00+00:00,9684.651254273049
9684.651254273049,9684.651254273049,3.755586594246685,9684.651254273049,0.0,0.0,0,0.0,0,-315.34874572695026,0.0,0.0,1767398400,0.0,2026-01-03T00:00:00+00:00,9684.651254273049
9684.651254273049,9684.651254273049,3.755586594246685,9684.651254273049,0.0,0.0,0,0.0,0,-315.34874572695026,0.0,0.0,1767484800,0.0,2026-01-04T00:00:00+00:00,9684.651254273049
9684.651254273049,9684.651254273049,3.755586594246685,9684.651254273049,0.0,0.0,0,0.0,0,-315.34874572695026,0.0,0.0,1767571200,0.0,2026-01-05T00:00:00+00:00,9684.651254273049
9684.651254273049,9684.651254273049,3.755586594246685,9684.651254273049,0.0,0.0,0,0.0,0,-315.34874572695026,0.0,0.0,1767657600,0.0,2026-01-06T00:00:00+00:00,9684.651254273049
9684.651254273049,9684.651254273049,3.755586594246685,9684.651254273049,0.0,0.0,0,0.0,0,-315.34874572695026,0.0,0.0,1767744000,0.0,2026-01-07T00:00:00+00:00,9684.651254273049
9684.651254273049,9684.651254273049,3.755586594246685,9684.651254273049,0.0,0.0,0,0.0,0,-315.34874572695026,0.0,0.0,1767830400,0.0,2026-01-08T00:00:00+00:00,9684.651254273049
9684.651254273049,9684.651254273049,3.755586594246685,9684.651254273049,0.0,0.0,0,0.0,0,-315.34874572695026,0.0,0.0,1767916800,0.0,2026-01-09T00:00:00+00:00,9684.651254273049
9684.651254273049,9684.651254273049,3.755586594246685,9684.651254273049,0.0,0.0,0,0.0,0,-315.34874572695026,0.0,0.0,1768003200,0.0,2026-01-10T00:00:00+00:00,9684.651254273049
9684.651254273049,9684.651254273049,3.755586594246685,9684.651254273049,0.0,0.0,0,0.0,0,-315.34874572695026,0.0,0.0,1768089600,0.0,2026-01-11T00:00:00+00:00,9684.651254273049
9684.651254273049,9684.651254273049,3.755586594246685,9684.651254273049,0.0,0.0,0,0.0,0,-315.34874572695026,0.0,0.0,1768176000,0.0,2026-01-12T00:00:00+00:00,9684.651254273049
9684.651254273049,9684.651254273049,3.755586594246685,9684.651254273049,0.0,0.0,0,0.0,0,-315.34874572695026,0.0,0.0,1768262400,0.0,2026-01-13T00:00:00+00:00,9684.651254273049
9684.651254273049,9684.651254273049,3.755586594246685,9684.651254273049,0.0,0.0,0,0.0,0,-315.34874572695026,0.0,0.0,1768348800,0.0,2026-01-14T00:00:00+00:00,9684.651254273049
9684.651254273049,9684.651254273049,3.755586594246685,9684.651254273049,0.0,0.0,0,0.0,0,-315.34874572695026,0.0,0.0,1768435200,0.0,2026-01-15T00:00:00+00:00,9684.651254273049
9684.651254273049,9684.651254273049,3.755586594246685,9684.651254273049,0.0,0.0,0,0.0,0,-315.34874572695026,0.0,0.0,1768521600,0.0,2026-01-16T00:00:00+00:00,9684.651254273049
9684.651254273049,9684.651254273049,3.755586594246685,9684.651254273049,0.0,0.0,0,0.0,0,-315.34874572695026,0.0,0.0,1768608000,0.0,2026-01-17T00:00:00+00:00,9684.651254273049
9684.651254273049,9684.651254273049,3.755586594246685,9684.651254273049,0.0,0.0,0,0.0,0,-315.34874572695026,0.0,0.0,1768694400,0.0,2026-01-18T00:00:00+00:00,9684.651254273049
9684.651254273049,9684.651254273049,3.755586594246685,9684.651254273049,0.0,0.0,0,0.0,0,-315.34874572695026,0.0,0.0,1768780800,0.0,2026-01-19T00:00:00+00:00,9684.651254273049
9684.651254273049,9684.651254273049,3.755586594246685,9684.651254273049,0.0,0.0,0,0.0,0,-315.34874572695026,0.0,0.0,1768867200,0.0,2026-01-20T00:00:00+00:00,9684.651254273049
9684.651254273049,9684.651254273049,3.755586594246685,9684.651254273049,0.0,0.0,0,0.0,0,-315.34874572695026,0.0,0.0,1768953600,0.0,2026-01-21T00:00:00+00:00,9684.651254273049
9684.651254273049,9684.651254273049,3.755586594246685,9684.651254273049,0.0,0.0,0,0.0,0,-315.34874572695026,0.0,0.0,1769040000,0.0,2026-01-22T00:00:00+00:00,9684.651254273049
9684.651254273049,9684.651254273049,3.755586594246685,9684.651254273049,0.0,0.0,0,0.0,0,-315.34874572695026,0.0,0.0,1769126400,0.0,2026-01-23T00:00:00+00:00,9684.651254273049
9684.651254273049,9684.651254273049,3.755586594246685,9684.651254273049,0.0,0.0,0,0.0,0,-315.34874572695026,0.0,0.0,1769212800,0.0,2026-01-24T00:00:00+00:00,9684.651254273049
9684.651254273049,9684.651254273049,3.755586594246685,9684.651254273049,0.0,0.0,0,0.0,0,-315.34874572695026,0.0,0.0,1769299200,0.0,2026-01-25T00:00:00+00:00,9684.651254273049
9684.651254273049,9684.651254273049,3.755586594246685,9684.651254273049,0.0,0.0,0,0.0,0,-315.34874572695026,0.0,0.0,1769385600,0.0,2026-01-26T00:00:00+00:00,9684.651254273049
9684.651254273049,9684.651254273049,3.755586594246685,9684.651254273049,0.0,0.0,0,0.0,0,-315.34874572695026,0.0,0.0,1769472000,0.0,2026-01-27T00:00:00+00:00,9684.651254273049
9684.651254273049,9684.651254273049,3.755586594246685,9684.651254273049,0.0,0.0,0,0.0,0,-315.34874572695026,0.0,0.0,1769558400,0.0,2026-01-28T00:00:00+00:00,9684.651254273049
9684.651254273049,9684.651254273049,3.755586594246685,9684.651254273049,0.0,0.0,0,0.0,0,-315.34874572695026,0.0,0.0,1769644800,0.0,2026-01-29T00:00:00+00:00,9684.651254273049
9684.651254273049,9684.651254273049,3.755586594246685,9684.651254273049,0.0,0.0,0,0.0,0,-315.34874572695026,0.0,0.0,1769731200,0.0,2026-01-30T00:00:00+00:00,9684.651254273049
9684.651254273049,9684.651254273049,3.755586594246685,9684.651254273049,0.0,0.0,0,0.0,0,-315.34874572695026,0.0,0.0,1769817600,0.0,2026-01-31T00:00:00+00:00,9684.651254273049
9684.651254273049,9684.651254273049,3.755586594246685,9684.651254273049,0.0,0.0,0,0.0,0,-315.34874572695026,0.0,0.0,1769904000,0.0,2026-02-01T00:00:00+00:00,9684.651254273049
9684.651254273049,9684.651254273049,3.755586594246685,9684.651254273049,0.0,0.0,0,0.0,0,-315.34874572695026,0.0,0.0,1769990400,0.0,2026-02-02T00:00:00+00:00,9684.651254273049
9684.651254273049,9684.651254273049,3.755586594246685,9684.651254273049,0.0,0.0,0,0.0,0,-315.34874572695026,0.0,0.0,1770076800,0.0,2026-02-03T00:00:00+00:00,9684.651254273049
9684.651254273049,9684.651254273049,3.755586594246685,9684.651254273049,0.0,0.0,0,0.0,0,-315.34874572695026,0.0,0.0,1770163200,0.0,2026-02-04T00:00:00+00:00,9684.651254273049
9684.651254273049,9684.651254273049,3.755586594246685,9684.651254273049,0.0,0.0,0,0.0,0,-315.34874572695026,0.0,0.0,1770249600,0.0,2026-02-05T00:00:00+00:00,9684.651254273049
9684.651254273049,9684.651254273049,3.755586594246685,9684.651254273049,0.0,0.0,0,0.0,0,-315.34874572695026,0.0,0.0,1770336000,0.0,2026-02-06T00:00:00+00:00,9684.651254273049
9684.651254273049,9684.651254273049,3.755586594246685,9684.651254273049,0.0,0.0,0,0.0,0,-315.34874572695026,0.0,0.0,1770422400,0.0,2026-02-07T00:00:00+00:00,9684.651254273049
9684.651254273049,9684.651254273049,3.755586594246685,9684.651254273049,0.0,0.0,0,0.0,0,-315.34874572695026,0.0,0.0,1770508800,0.0,2026-02-08T00:00:00+00:00,9684.651254273049
9684.651254273049,9684.651254273049,3.755586594246685,9684.651254273049,0.0,0.0,0,0.0,0,-315.34874572695026,0.0,0.0,1770595200,0.0,2026-02-09T00:00:00+00:00,9684.651254273049
9684.651254273049,9684.651254273049,3.755586594246685,9684.651254273049,0.0,0.0,0,0.0,0,-315.34874572695026,0.0,0.0,1770681600,0.0,2026-02-10T00:00:00+00:00,9684.651254273049
9684.651254273049,9684.651254273049,3.755586594246685,9684.651254273049,0.0,0.0,0,0.0,0,-315.34874572695026,0.0,0.0,1770768000,0.0,2026-02-11T00:00:00+00:00,9684.651254273049
9684.651254273049,9684.651254273049,3.755586594246685,9684.651254273049,0.0,0.0,0,0.0,0,-315.34874572695026,0.0,0.0,1770854400,0.0,2026-02-12T00:00:00+00:00,9684.651254273049
9684.651254273049,9684.651254273049,3.755586594246685,9684.651254273049,0.0,0.0,0,0.0,0,-315.34874572695026,0.0,0.0,1770940800,0.0,2026-02-13T00:00:00+00:00,9684.651254273049
9684.651254273049,9684.651254273049,3.755586594246685,9684.651254273049,0.0,0.0,0,0.0,0,-315.34874572695026,0.0,0.0,1771027200,0.0,2026-02-14T00:00:00+00:00,9684.651254273049
9684.651254273049,9684.651254273049,3.755586594246685,9684.651254273049,0.0,0.0,0,0.0,0,-315.34874572695026,0.0,0.0,1771113600,0.0,2026-02-15T00:00:00+00:00,9684.651254273049
9684.651254273049,9684.651254273049,3.755586594246685,9684.651254273049,0.0,0.0,0,0.0,0,-315.34874572695026,0.0,0.0,1771200000,0.0,2026-02-16T00:00:00+00:00,9684.651254273049
9684.651254273049,9684.651254273049,3.755586594246685,9684.651254273049,0.0,0.0,0,0.0,0,-315.34874572695026,0.0,0.0,1771286400,0.0,2026-02-17T00:00:00+00:00,9684.651254273049
9684.651254273049,9684.651254273049,3.755586594246685,9684.651254273049,0.0,0.0,0,0.0,0,-315.34874572695026,0.0,0.0,1771372800,0.0,2026-02-18T00:00:00+00:00,9684.651254273049
9684.651254273049,9684.651254273049,3.755586594246685,9684.651254273049,0.0,0.0,0,0.0,0,-315.34874572695026,0.0,0.0,1771459200,0.0,2026-02-19T00:00:00+00:00,9684.651254273049
9684.651254273049,9684.651254273049,3.755586594246685,9684.651254273049,0.0,0.0,0,0.0,0,-315.34874572695026,0.0,0.0,1771545600,0.0,2026-02-20T00:00:00+00:00,9684.651254273049
9684.651254273049,9684.651254273049,3.755586594246685,9684.651254273049,0.0,0.0,0,0.0,0,-315.34874572695026,0.0,0.0,1771632000,0.0,2026-02-21T00:00:00+00:00,9684.651254273049
9684.651254273049,9684.651254273049,3.755586594246685,9684.651254273049,0.0,0.0,0,0.0,0,-315.34874572695026,0.0,0.0,1771718400,0.0,2026-02-22T00:00:00+00:00,9684.651254273049
9684.651254273049,9684.651254273049,3.755586594246685,9684.651254273049,0.0,0.0,0,0.0,0,-315.34874572695026,0.0,0.0,1771804800,0.0,2026-02-23T00:00:00+00:00,9684.651254273049
9684.651254273049,9684.651254273049,3.755586594246685,9684.651254273049,0.0,0.0,0,0.0,0,-315.34874572695026,0.0,0.0,1771891200,0.0,2026-02-24T00:00:00+00:00,9684.651254273049
9684.651254273049,9684.651254273049,3.755586594246685,9684.651254273049,0.0,0.0,0,0.0,0,-315.34874572695026,0.0,0.0,1771977600,0.0,2026-02-25T00:00:00+00:00,9684.651254273049
9684.651254273049,9684.651254273049,3.755586594246685,9684.651254273049,0.0,0.0,0,0.0,0,-315.34874572695026,0.0,0.0,1772064000,0.0,2026-02-26T00:00:00+00:00,9684.651254273049
9684.651254273049,9684.651254273049,3.755586594246685,9684.651254273049,0.0,0.0,0,0.0,0,-315.34874572695026,0.0,0.0,1772150400,0.0,2026-02-27T00:00:00+00:00,9684.651254273049
9684.651254273049,9684.651254273049,3.755586594246685,9684.651254273049,0.0,0.0,0,0.0,0,-315.34874572695026,0.0,0.0,1772236800,0.0,2026-02-28T00:00:00+00:00,9684.651254273049
9684.651254273049,9684.651254273049,3.755586594246685,9684.651254273049,0.0,0.0,0,0.0,0,-315.34874572695026,0.0,0.0,1772323200,0.0,2026-03-01T00:00:00+00:00,9684.651254273049
9684.651254273049,9684.651254273049,3.755586594246685,9684.651254273049,0.0,0.0,0,0.0,0,-315.34874572695026,0.0,0.0,1772409600,0.0,2026-03-02T00:00:00+00:00,9684.651254273049
9684.651254273049,9684.651254273049,3.755586594246685,9684.651254273049,0.0,0.0,0,0.0,0,-315.34874572695026,0.0,0.0,1772496000,0.0,2026-03-03T00:00:00+00:00,9684.651254273049
9684.651254273049,9684.651254273049,3.755586594246685,9684.651254273049,0.0,0.0,0,0.0,0,-315.34874572695026,0.0,0.0,1772582400,0.0,2026-03-04T00:00:00+00:00,9684.651254273049
9684.651254273049,9684.651254273049,3.755586594246685,9684.651254273049,0.0,0.0,0,0.0,0,-315.34874572695026,0.0,0.0,1772668800,0.0,2026-03-05T00:00:00+00:00,9684.651254273049
9684.651254273049,9684.651254273049,3.755586594246685,9684.651254273049,0.0,0.0,0,0.0,0,-315.34874572695026,0.0,0.0,1772755200,0.0,2026-03-06T00:00:00+00:00,9684.651254273049
9684.651254273049,9684.651254273049,3.755586594246685,9684.651254273049,0.0,0.0,0,0.0,0,-315.34874572695026,0.0,0.0,1772841600,0.0,2026-03-07T00:00:00+00:00,9684.651254273049
9684.651254273049,9684.651254273049,3.755586594246685,9684.651254273049,0.0,0.0,0,0.0,0,-315.34874572695026,0.0,0.0,1772928000,0.0,2026-03-08T00:00:00+00:00,9684.651254273049
9684.651254273049,9684.651254273049,3.755586594246685,9684.651254273049,0.0,0.0,0,0.0,0,-315.34874572695026,0.0,0.0,1773014400,0.0,2026-03-09T00:00:00+00:00,9684.651254273049
9684.651254273049,9684.651254273049,3.755586594246685,9684.651254273049,0.0,0.0,0,0.0,0,-315.34874572695026,0.0,0.0,1773100800,0.0,2026-03-10T00:00:00+00:00,9684.651254273049
9684.651254273049,9684.651254273049,3.755586594246685,9684.651254273049,0.0,0.0,0,0.0,0,-315.34874572695026,0.0,0.0,1773187200,0.0,2026-03-11T00:00:00+00:00,9684.651254273049
9684.651254273049,9684.651254273049,3.755586594246685,9684.651254273049,0.0,0.0,0,0.0,0,-315.34874572695026,0.0,0.0,1773273600,0.0,2026-03-12T00:00:00+00:00,9684.651254273049
9684.651254273049,9684.651254273049,3.755586594246685,9684.651254273049,0.0,0.0,0,0.0,0,-315.34874572695026,0.0,0.0,1773360000,0.0,2026-03-13T00:00:00+00:00,9684.651254273049
9684.651254273049,9684.651254273049,3.755586594246685,9684.651254273049,0.0,0.0,0,0.0,0,-315.34874572695026,0.0,0.0,1773446400,0.0,2026-03-14T00:00:00+00:00,9684.651254273049
9684.651254273049,9684.651254273049,3.755586594246685,9684.651254273049,0.0,0.0,0,0.0,0,-315.34874572695026,0.0,0.0,1773532800,0.0,2026-03-15T00:00:00+00:00,9684.651254273049
9684.651254273049,9684.651254273049,3.755586594246685,9684.651254273049,0.0,0.0,0,0.0,0,-315.34874572695026,0.0,0.0,1773619200,0.0,2026-03-16T00:00:00+00:00,9684.651254273049
9684.651254273049,9684.651254273049,3.755586594246685,9684.651254273049,0.0,0.0,0,0.0,0,-315.34874572695026,0.0,0.0,1773705600,0.0,2026-03-17T00:00:00+00:00,9684.651254273049
9684.651254273049,9684.651254273049,3.755586594246685,9684.651254273049,0.0,0.0,0,0.0,0,-315.34874572695026,0.0,0.0,1773792000,0.0,2026-03-18T00:00:00+00:00,9684.651254273049
9684.651254273049,9684.651254273049,3.755586594246685,9684.651254273049,0.0,0.0,0,0.0,0,-315.34874572695026,0.0,0.0,1773878400,0.0,2026-03-19T00:00:00+00:00,9684.651254273049
9684.651254273049,9684.651254273049,3.755586594246685,9684.651254273049,0.0,0.0,0,0.0,0,-315.34874572695026,0.0,0.0,1773964800,0.0,2026-03-20T00:00:00+00:00,9684.651254273049
9684.651254273049,9684.651254273049,3.755586594246685,9684.651254273049,0.0,0.0,0,0.0,0,-315.34874572695026,0.0,0.0,1774051200,0.0,2026-03-21T00:00:00+00:00,9684.651254273049
9684.651254273049,9684.651254273049,3.755586594246685,9684.651254273049,0.0,0.0,0,0.0,0,-315.34874572695026,0.0,0.0,1774137600,0.0,2026-03-22T00:00:00+00:00,9684.651254273049
9684.651254273049,9684.651254273049,3.755586594246685,9684.651254273049,0.0,0.0,0,0.0,0,-315.34874572695026,0.0,0.0,1774224000,0.0,2026-03-23T00:00:00+00:00,9684.651254273049
9684.651254273049,9684.651254273049,3.755586594246685,9684.651254273049,0.0,0.0,0,0.0,0,-315.34874572695026,0.0,0.0,1774310400,0.0,2026-03-24T00:00:00+00:00,9684.651254273049
9684.651254273049,9684.651254273049,3.755586594246685,9684.651254273049,0.0,0.0,0,0.0,0,-315.34874572695026,0.0,0.0,1774396800,0.0,2026-03-25T00:00:00+00:00,9684.651254273049
9684.651254273049,9684.651254273049,3.755586594246685,9684.651254273049,0.0,0.0,0,0.0,0,-315.34874572695026,0.0,0.0,1774483200,0.0,2026-03-26T00:00:00+00:00,9684.651254273049
9684.651254273049,9684.651254273049,3.755586594246685,9684.651254273049,0.0,0.0,0,0.0,0,-315.34874572695026,0.0,0.0,1774569600,0.0,2026-03-27T00:00:00+00:00,9684.651254273049
9684.651254273049,9684.651254273049,3.755586594246685,9684.651254273049,0.0,0.0,0,0.0,0,-315.34874572695026,0.0,0.0,1774656000,0.0,2026-03-28T00:00:00+00:00,9684.651254273049
9684.651254273049,9684.651254273049,3.755586594246685,9684.651254273049,0.0,0.0,0,0.0,0,-315.34874572695026,0.0,0.0,1774742400,0.0,2026-03-29T00:00:00+00:00,9684.651254273049
9684.651254273049,9684.651254273049,3.755586594246685,9684.651254273049,0.0,0.0,0,0.0,0,-315.34874572695026,0.0,0.0,1774828800,0.0,2026-03-30T00:00:00+00:00,9684.651254273049
9684.651254273049,9684.651254273049,3.755586594246685,9684.651254273049,0.0,0.0,0,0.0,0,-315.34874572695026,0.0,0.0,1774915200,0.0,2026-03-31T00:00:00+00:00,9684.651254273049
9684.651254273049,9684.651254273049,3.755586594246685,9684.651254273049,0.0,0.0,0,0.0,0,-315.34874572695026,0.0,0.0,1775001600,0.0,2026-04-01T00:00:00+00:00,9684.651254273049
9684.651254273049,9684.651254273049,3.755586594246685,9684.651254273049,0.0,0.0,0,0.0,0,-315.34874572695026,0.0,0.0,1775088000,0.0,2026-04-02T00:00:00+00:00,9684.651254273049
9684.651254273049,9684.651254273049,3.755586594246685,9684.651254273049,0.0,0.0,0,0.0,0,-315.34874572695026,0.0,0.0,1775174400,0.0,2026-04-03T00:00:00+00:00,9684.651254273049
9684.651254273049,9684.651254273049,3.755586594246685,9684.651254273049,0.0,0.0,0,0.0,0,-315.34874572695026,0.0,0.0,1775260800,0.0,2026-04-04T00:00:00+00:00,9684.651254273049
9684.651254273049,9684.651254273049,3.755586594246685,9684.651254273049,0.0,0.0,0,0.0,0,-315.34874572695026,0.0,0.0,1775347200,0.0,2026-04-05T00:00:00+00:00,9684.651254273049
9684.651254273049,9684.651254273049,3.755586594246685,9684.651254273049,0.0,0.0,0,0.0,0,-315.34874572695026,0.0,0.0,1775433600,0.0,2026-04-06T00:00:00+00:00,9684.651254273049
9684.651254273049,9684.651254273049,3.755586594246685,9684.651254273049,0.0,0.0,0,0.0,0,-315.34874572695026,0.0,0.0,1775520000,0.0,2026-04-07T00:00:00+00:00,9684.651254273049
9684.651254273049,9684.651254273049,3.755586594246685,9684.651254273049,0.0,0.0,0,0.0,0,-315.34874572695026,0.0,0.0,1775606400,0.0,2026-04-08T00:00:00+00:00,9684.651254273049
9684.651254273049,9684.651254273049,3.755586594246685,9684.651254273049,0.0,0.0,0,0.0,0,-315.34874572695026,0.0,0.0,1775692800,0.0,2026-04-09T00:00:00+00:00,9684.651254273049
9684.651254273049,9684.651254273049,3.755586594246685,9684.651254273049,0.0,0.0,0,0.0,0,-315.34874572695026,0.0,0.0,1775779200,0.0,2026-04-10T00:00:00+00:00,9684.651254273049
9684.651254273049,9684.651254273049,3.755586594246685,9684.651254273049,0.0,0.0,0,0.0,0,-315.34874572695026,0.0,0.0,1775865600,0.0,2026-04-11T00:00:00+00:00,9684.651254273049
9684.651254273049,9684.651254273049,3.755586594246685,9684.651254273049,0.0,0.0,0,0.0,0,-315.34874572695026,0.0,0.0,1775952000,0.0,2026-04-12T00:00:00+00:00,9684.651254273049
9684.651254273049,9684.651254273049,3.755586594246685,9684.651254273049,0.0,0.0,0,0.0,0,-315.34874572695026,0.0,0.0,1776038400,0.0,2026-04-13T00:00:00+00:00,9684.651254273049
9684.651254273049,9684.651254273049,3.755586594246685,9684.651254273049,0.0,0.0,0,0.0,0,-315.34874572695026,0.0,0.0,1776124800,0.0,2026-04-14T00:00:00+00:00,9684.651254273049
9684.651254273049,9684.651254273049,3.755586594246685,9684.651254273049,0.0,0.0,0,0.0,0,-315.34874572695026,0.0,0.0,1776211200,0.0,2026-04-15T00:00:00+00:00,9684.651254273049
9684.651254273049,9684.651254273049,3.755586594246685,9684.651254273049,0.0,0.0,0,0.0,0,-315.34874572695026,0.0,0.0,1776297600,0.0,2026-04-16T00:00:00+00:00,9684.651254273049
9684.651254273049,9684.651254273049,3.755586594246685,9684.651254273049,0.0,0.0,0,0.0,0,-315.34874572695026,0.0,0.0,1776384000,0.0,2026-04-17T00:00:00+00:00,9684.651254273049
9684.651254273049,9684.651254273049,3.755586594246685,9684.651254273049,0.0,0.0,0,0.0,0,-315.34874572695026,0.0,0.0,1776470400,0.0,2026-04-18T00:00:00+00:00,9684.651254273049
9684.651254273049,9684.651254273049,3.755586594246685,9684.651254273049,0.0,0.0,0,0.0,0,-315.34874572695026,0.0,0.0,1776556800,0.0,2026-04-19T00:00:00+00:00,9684.651254273049
9684.651254273049,9684.651254273049,3.755586594246685,9684.651254273049,0.0,0.0,0,0.0,0,-315.34874572695026,0.0,0.0,1776643200,0.0,2026-04-20T00:00:00+00:00,9684.651254273049
9684.651254273049,9684.651254273049,3.755586594246685,9684.651254273049,0.0,0.0,0,0.0,0,-315.34874572695026,0.0,0.0,1776729600,0.0,2026-04-21T00:00:00+00:00,9684.651254273049
9684.651254273049,9684.651254273049,3.755586594246685,9684.651254273049,0.0,0.0,0,0.0,0,-315.34874572695026,0.0,0.0,1776816000,0.0,2026-04-22T00:00:00+00:00,9684.651254273049
9684.651254273049,9684.651254273049,3.755586594246685,9684.651254273049,0.0,0.0,0,0.0,0,-315.34874572695026,0.0,0.0,1776902400,0.0,2026-04-23T00:00:00+00:00,9684.651254273049
9684.651254273049,9684.651254273049,3.755586594246685,9684.651254273049,0.0,0.0,0,0.0,0,-315.34874572695026,0.0,0.0,1776988800,0.0,2026-04-24T00:00:00+00:00,9684.651254273049
9684.651254273049,9684.651254273049,3.755586594246685,9684.651254273049,0.0,0.0,0,0.0,0,-315.34874572695026,0.0,0.0,1777075200,0.0,2026-04-25T00:00:00+00:00,9684.651254273049
9684.651254273049,9684.651254273049,3.755586594246685,9684.651254273049,0.0,0.0,0,0.0,0,-315.34874572695026,0.0,0.0,1777161600,0.0,2026-04-26T00:00:00+00:00,9684.651254273049
9684.651254273049,9684.651254273049,3.755586594246685,9684.651254273049,0.0,0.0,0,0.0,0,-315.34874572695026,0.0,0.0,1777248000,0.0,2026-04-27T00:00:00+00:00,9684.651254273049
9684.651254273049,9684.651254273049,3.755586594246685,9684.651254273049,0.0,0.0,0,0.0,0,-315.34874572695026,0.0,0.0,1777334400,0.0,2026-04-28T00:00:00+00:00,9684.651254273049
9684.651254273049,9684.651254273049,3.755586594246685,9684.651254273049,0.0,0.0,0,0.0,0,-315.34874572695026,0.0,0.0,1777420800,0.0,2026-04-29T00:00:00+00:00,9684.651254273049
9684.651254273049,9684.651254273049,3.755586594246685,9684.651254273049,0.0,0.0,0,0.0,0,-315.34874572695026,0.0,0.0,1777507200,0.0,2026-04-30T00:00:00+00:00,9684.651254273049
9684.651254273049,9684.651254273049,3.755586594246685,9684.651254273049,0.0,0.0,0,0.0,0,-315.34874572695026,0.0,0.0,1777593600,0.0,2026-05-01T00:00:00+00:00,9684.651254273049
9684.651254273049,9684.651254273049,3.755586594246685,9684.651254273049,0.0,0.0,0,0.0,0,-315.34874572695026,0.0,0.0,1777680000,0.0,2026-05-02T00:00:00+00:00,9684.651254273049
9684.651254273049,9684.651254273049,3.755586594246685,9684.651254273049,0.0,0.0,0,0.0,0,-315.34874572695026,0.0,0.0,1777766400,0.0,2026-05-03T00:00:00+00:00,9684.651254273049
9684.651254273049,9684.651254273049,3.755586594246685,9684.651254273049,0.0,0.0,0,0.0,0,-315.34874572695026,0.0,0.0,1777852800,0.0,2026-05-04T00:00:00+00:00,9684.651254273049
9684.651254273049,9684.651254273049,3.755586594246685,9684.651254273049,0.0,0.0,0,0.0,0,-315.34874572695026,0.0,0.0,1777939200,0.0,2026-05-05T00:00:00+00:00,9684.651254273049
9684.651254273049,9684.651254273049,3.755586594246685,9684.651254273049,0.0,0.0,0,0.0,0,-315.34874572695026,0.0,0.0,1778025600,0.0,2026-05-06T00:00:00+00:00,9684.651254273049
9684.651254273049,9684.651254273049,3.755586594246685,9684.651254273049,0.0,0.0,0,0.0,0,-315.34874572695026,0.0,0.0,1778112000,0.0,2026-05-07T00:00:00+00:00,9684.651254273049
9684.651254273049,9684.651254273049,3.755586594246685,9684.651254273049,0.0,0.0,0,0.0,0,-315.34874572695026,0.0,0.0,1778198400,0.0,2026-05-08T00:00:00+00:00,9684.651254273049
9684.651254273049,9684.651254273049,3.755586594246685,9684.651254273049,0.0,0.0,0,0.0,0,-315.34874572695026,0.0,0.0,1778284800,0.0,2026-05-09T00:00:00+00:00,9684.651254273049
9684.651254273049,9684.651254273049,3.755586594246685,9684.651254273049,0.0,0.0,0,0.0,0,-315.34874572695026,0.0,0.0,1778371200,0.0,2026-05-10T00:00:00+00:00,9684.651254273049
9684.651254273049,9684.651254273049,3.755586594246685,9684.651254273049,0.0,0.0,0,0.0,0,-315.34874572695026,0.0,0.0,1778457600,0.0,2026-05-11T00:00:00+00:00,9684.651254273049
9684.651254273049,9684.651254273049,3.755586594246685,9684.651254273049,0.0,0.0,0,0.0,0,-315.34874572695026,0.0,0.0,1778544000,0.0,2026-05-12T00:00:00+00:00,9684.651254273049
9684.651254273049,9684.651254273049,3.755586594246685,9684.651254273049,0.0,0.0,0,0.0,0,-315.34874572695026,0.0,0.0,1778630400,0.0,2026-05-13T00:00:00+00:00,9684.651254273049
9684.651254273049,9684.651254273049,3.755586594246685,9684.651254273049,0.0,0.0,0,0.0,0,-315.34874572695026,0.0,0.0,1778716800,0.0,2026-05-14T00:00:00+00:00,9684.651254273049
9684.651254273049,9684.651254273049,3.755586594246685,9684.651254273049,0.0,0.0,0,0.0,0,-315.34874572695026,0.0,0.0,1778803200,0.0,2026-05-15T00:00:00+00:00,9684.651254273049
9684.651254273049,9684.651254273049,3.755586594246685,9684.651254273049,0.0,0.0,0,0.0,0,-315.34874572695026,0.0,0.0,1778889600,0.0,2026-05-16T00:00:00+00:00,9684.651254273049
9684.651254273049,9684.651254273049,3.755586594246685,9684.651254273049,0.0,0.0,0,0.0,0,-315.34874572695026,0.0,0.0,1778976000,0.0,2026-05-17T00:00:00+00:00,9684.651254273049
9684.651254273049,9684.651254273049,3.755586594246685,9684.651254273049,0.0,0.0,0,0.0,0,-315.34874572695026,0.0,0.0,1779062400,0.0,2026-05-18T00:00:00+00:00,9684.651254273049
9684.651254273049,9684.651254273049,3.755586594246685,9684.651254273049,0.0,0.0,0,0.0,0,-315.34874572695026,0.0,0.0,1779148800,0.0,2026-05-19T00:00:00+00:00,9684.651254273049
9684.651254273049,9684.651254273049,3.755586594246685,9684.651254273049,0.0,0.0,0,0.0,0,-315.34874572695026,0.0,0.0,1779235200,0.0,2026-05-20T00:00:00+00:00,9684.651254273049
9684.651254273049,9684.651254273049,3.755586594246685,9684.651254273049,0.0,0.0,0,0.0,0,-315.34874572695026,0.0,0.0,1779321600,0.0,2026-05-21T00:00:00+00:00,9684.651254273049
9684.651254273049,9684.651254273049,3.755586594246685,9684.651254273049,0.0,0.0,0,0.0,0,-315.34874572695026,0.0,0.0,1779408000,0.0,2026-05-22T00:00:00+00:00,9684.651254273049
9684.651254273049,9684.651254273049,3.755586594246685,9684.651254273049,0.0,0.0,0,0.0,0,-315.34874572695026,0.0,0.0,1779494400,0.0,2026-05-23T00:00:00+00:00,9684.651254273049
9684.651254273049,9684.651254273049,3.755586594246685,9684.651254273049,0.0,0.0,0,0.0,0,-315.34874572695026,0.0,0.0,1779580800,0.0,2026-05-24T00:00:00+00:00,9684.651254273049
9684.651254273049,9684.651254273049,3.755586594246685,9684.651254273049,0.0,0.0,0,0.0,0,-315.34874572695026,0.0,0.0,1779667200,0.0,2026-05-25T00:00:00+00:00,9684.651254273049
