available_cash,cash,drawdown_pct,equity,gross_notional,initial_margin,open_count,open_margin,pending_count,realized_net,reserved_close_fees,reserved_pending,time,unrealized,utc,wallet_balance
10000.0,10000.0,0,10000.0,0.0,0.0,0,0.0,0,0.0,0.0,0.0,1701043200,0.0,2023-11-27T00:00:00+00:00,10000.0
9932.144800053858,9932.36704426985,0.025702068580990556,9998.337035795259,335.35692,67.34673211864751,1,67.34673211864751,0,-0.28622361150425196,0.2222442159915368,0.0,1701129600,-1.3767405932376007,2023-11-28T00:00:00+00:00,9999.713776388497
9932.04377995568,9932.266024171671,0.011955087112902607,10000.850695697081,337.97159999999997,67.34673211864751,1,67.34673211864751,0,-0.3872437096822232,0.2222442159915368,0.0,1701216000,1.2379394067623606,2023-11-29T00:00:00+00:00,9999.612756290318
9931.942759857502,9932.165004073493,0.015678211111913587,10001.911755598903,339.13368,67.34673211864751,1,67.34673211864751,0,-0.4882638078601945,0.2222442159915368,0.0,1701302400,2.4000194067624046,2023-11-30T00:00:00+00:00,9999.51173619214
9931.841739759324,9932.063983975315,0.04572995371965316,9998.905535500724,336.22848,67.34673211864751,1,67.34673211864751,0,-0.5892839060381657,0.2222442159915368,0.0,1701388800,-0.5051805932376365,2023-12-01T00:00:00+00:00,9999.410716093962
9931.740719661146,9931.962963877137,0.026935388491200474,10009.311655402546,346.73562,67.34673211864751,1,67.34673211864751,0,-0.690304004216137,0.2222442159915368,0.0,1701475200,10.00195940676237,2023-12-02T00:00:00+00:00,9999.309695995784
9931.639699562968,9931.861943778958,0.01532571641896796,10012.309515304369,349.8345,67.34673211864751,1,67.34673211864751,0,-0.7913241023941084,0.2222442159915368,0.0,1701561600,13.100839406762374,2023-12-03T00:00:00+00:00,9999.208675897606
9931.3880854371,9931.610329653091,0.019918578840194545,10012.4452611785,350.22186,67.34673211864751,1,67.34673211864751,0,-1.0429382282625874,0.2222442159915368,0.0,1701648000,13.488199406762366,2023-12-04T00:00:00+00:00,9998.957061771738
9931.112970669057,9931.335214885048,0.0858566236277225,10015.220606410458,353.2723199999999,67.34673211864751,1,67.34673211864751,0,-1.3180529963038683,0.2222442159915368,0.0,1701734400,16.538659406762342,2023-12-05T00:00:00+00:00,9998.681947003695
9930.928996233593,9931.151240449584,0.017649882313275356,10022.057531974993,360.29321999999996,67.34673211864751,1,67.34673211864751,0,-1.5020274317689837,0.2222442159915368,0.0,1701820800,23.559559406762357,2023-12-06T00:00:00+00:00,9998.497972568231
9930.632266531878,9930.85451074787,0.11432164218089236,10012.36732227328,350.89973999999995,67.34673211864751,1,67.34673211864751,0,-1.7987571334837447,0.2222442159915368,0.0,1701907200,14.166079406762368,2023-12-07T00:00:00+00:00,9998.201242866517
9930.350598926801,9930.572843142792,0.038394627446203256,10019.978114668202,358.7921999999999,67.34673211864751,1,67.34673211864751,0,-2.08042473856017,0.2222442159915368,0.0,1701993600,22.058539406762346,2023-12-08T00:00:00+00:00,9997.91957526144
9985.903541080834,9986.01466318883,0,10041.514958951533,190.19376,33.673366059323754,1,33.673366059323754,0,19.688029248152493,0.1111221079957684,0.0,1702080000,21.82692970338119,2023-12-09T00:00:00+00:00,10019.688029248153
9985.630019063006,9985.741141171002,0.07526098310728369,10035.987866933707,184.94019,33.673366059323754,1,33.673366059323754,0,19.414507230325817,0.1111221079957684,0.0,1702166400,16.573359703381186,2023-12-10T00:00:00+00:00,10019.414507230325
9985.435412262208,9985.546534370204,0.05670933748217477,10037.851110132908,186.99803999999997,33.673366059323754,1,33.673366059323754,0,19.21990042952747,0.1111221079957684,0.0,1702252800,18.631209703381174,2023-12-11T00:00:00+00:00,10019.219900429527
10019.076816404302,10019.076816404302,0.24363826026799762,10019.076816404302,0.0,0.0,0,0.0,0,19.076816404302363,0.0,0.0,1702339200,0.0,2023-12-12T00:00:00+00:00,10019.076816404302
9985.444751206016,9985.554969702045,0.21240849278845175,10022.213392697575,170.25660000000002,33.39954425111788,1,33.39954425111788,0,18.95451395316362,0.11021849602868901,0.0,1702425600,3.2588787444106235,2023-12-13T00:00:00+00:00,10018.954513953164
9985.374829260127,9985.485047756156,0.15714148205622225,10027.764160751685,175.87729000000002,33.39954425111788,1,33.39954425111788,0,18.884592007273906,0.11021849602868901,0.0,1702512000,8.87956874441063,2023-12-14T00:00:00+00:00,10018.884592007274
9985.318210352712,9985.428428848742,0.15145533245758402,10028.335251844272,176.50500000000002,33.39954425111788,1,33.39954425111788,0,18.82797309985941,0.11021849602868901,0.0,1702598400,9.507278744410623,2023-12-15T00:00:00+00:00,10018.82797309986
9985.253467006158,9985.363685502187,0.19579199421957405,10023.882278497716,172.11677,33.39954425111788,1,33.39954425111788,0,18.76322975330583,0.11021849602868901,0.0,1702684800,5.119048744410612,2023-12-16T00:00:00+00:00,10018.763229753305
9985.154771352896,9985.264989848925,0.1838503527067603,10025.081642844454,173.41483000000002,33.39954425111788,1,33.39954425111788,0,18.664534100043777,0.11021849602868901,0.0,1702771200,6.417108744410635,2023-12-17T00:00:00+00:00,10018.664534100044
9985.099156101785,9985.209374597815,0.22118900755233595,10021.331517593344,169.72032000000002,33.39954425111788,1,33.39954425111788,0,18.608918848934028,0.11021849602868901,0.0,1702857600,2.7225987444106114,2023-12-18T00:00:00+00:00,10018.608918848933
9985.047836032067,9985.158054528096,0.16910461877764904,10026.562637523624,175.00276,33.39954425111788,1,33.39954425111788,0,18.557598779214974,0.11021849602868901,0.0,1702944000,8.005038744410617,2023-12-19T00:00:00+00:00,10018.557598779214
9984.978243071688,9985.088461567717,0.18553858382286403,10024.912084563246,173.42180000000002,33.39954425111788,1,33.39954425111788,0,18.48800581883613,0.11021849602868901,0.0,1703030400,6.4240787444106235,2023-12-20T00:00:00+00:00,10018.488005818836
9984.904889322626,9985.015107818655,0.12862794857115833,10030.627930814184,179.211,33.39954425111788,1,33.39954425111788,0,18.41465206977461,0.11021849602868901,0.0,1703116800,12.213278744410625,2023-12-21T00:00:00+00:00,10018.414652069774
9984.77035094845,9984.88056944448,0.12212554814627907,10031.28100244001,179.99861,33.39954425111788,1,33.39954425111788,0,18.28011369559947,0.11021849602868901,0.0,1703203200,13.000888744410618,2023-12-22T00:00:00+00:00,10018.280113695599
9984.660237660988,9984.770456157017,0.11881718785111683,10031.613279152547,180.441,33.39954425111788,1,33.39954425111788,0,18.170000408135174,0.11021849602868901,0.0,1703289600,13.443278744410625,2023-12-23T00:00:00+00:00,10018.170000408136
9984.610138344611,9984.72035684064,0.13051354718424113,10030.43854983617,179.31637,33.39954425111788,1,33.39954425111788,0,18.119901091758496,0.11021849602868901,0.0,1703376000,12.318648744410613,2023-12-24T00:00:00+00:00,10018.119901091759
9984.534660384536,9984.644878880565,0.16038763487520313,10027.438131876093,176.39143,33.39954425111788,1,33.39954425111788,0,18.04442313168261,0.11021849602868901,0.0,1703462400,9.393708744410636,2023-12-25T00:00:00+00:00,10018.044423131683
9984.435817773277,9984.546036269307,0.13730706932406633,10029.756239264836,178.80838000000003,33.39954425111788,1,33.39954425111788,0,17.94558052042585,0.11021849602868901,0.0,1703548800,11.810658744410636,2023-12-26T00:00:00+00:00,10017.945580520425
9984.267554209295,9984.377772705324,0.18224581139691942,10025.242795700853,174.4632,33.39954425111788,1,33.39954425111788,0,17.777316956443144,0.11021849602868901,0.0,1703635200,7.465478744410624,2023-12-27T00:00:00+00:00,10017.777316956443
9984.07767112032,9984.187889616349,0.14731475564326857,10028.751112611879,178.16140000000001,33.39954425111788,1,33.39954425111788,0,17.58743386746669,0.11021849602868901,0.0,1703721600,11.163678744410625,2023-12-28T00:00:00+00:00,10017.587433867468
9983.817236504043,9983.927455000072,0.1844842408192604,10025.017977995602,174.6887,33.39954425111788,1,33.39954425111788,0,17.326999251191385,0.11021849602868901,0.0,1703808000,7.690978744410624,2023-12-29T00:00:00+00:00,10017.32699925119
9983.605635361419,9983.715853857448,0.2074798140231815,10022.708406852977,172.59073000000004,33.39954425111788,1,33.39954425111788,0,17.11539810856564,0.11021849602868901,0.0,1703894400,5.593008744410636,2023-12-30T00:00:00+00:00,10017.115398108566
9983.459313628031,9983.56953212406,0.20559334630876336,10022.89787511959,172.92652,33.39954425111788,1,33.39954425111788,0,16.969076375178705,0.11021849602868901,0.0,1703980800,5.928798744410612,2023-12-31T00:00:00+00:00,10016.969076375179
9983.24623622555,9983.35645472158,0.20168952022312503,10023.289957717108,173.53168000000002,33.39954425111788,1,33.39954425111788,0,16.75599897269706,0.11021849602868901,0.0,1704067200,6.5339587444106355,2024-01-01T00:00:00+00:00,10016.755998972698
9983.005098195965,9983.115316691994,0.12609140565498222,10030.882689687523,181.36555,33.39954425111788,1,33.39954425111788,0,16.51486094311284,0.11021849602868901,0.0,1704153600,14.367828744410625,2024-01-02T00:00:00+00:00,10016.514860943113
9982.734687135822,9982.844905631851,0.0980242396116715,10033.701628627381,184.4549,33.39954425111788,1,33.39954425111788,0,16.244449882969725,0.11021849602868901,0.0,1704240000,17.457178744410623,2024-01-03T00:00:00+00:00,10016.24444988297
9982.642121968907,9982.752340464936,0.18537062625112455,10024.928953460465,175.77479000000002,33.39954425111788,1,33.39954425111788,0,16.151884716054965,0.11021849602868901,0.0,1704326400,8.777068744410629,2024-01-04T00:00:00+00:00,10016.151884716055
9982.59202265253,9982.70224114856,0.13343737180231408,10030.144894144089,181.04083000000003,33.39954425111788,1,33.39954425111788,0,16.10178539967829,0.11021849602868901,0.0,1704412800,14.043108744410636,2024-01-05T00:00:00+00:00,10016.101785399678
9939.513317550109,9939.76488729704,0.15510394577441522,10027.968801660472,397.285943,76.2332566457685,2,76.2332566457685,0,15.998143942808298,0.25156974693103606,0.0,1704499200,11.970657717663773,2024-01-06T00:00:00+00:00,10015.998143942808
9939.527468802324,9939.779038549255,0.1517204970680308,10028.308619912686,395.448196,76.2332566457685,2,76.2332566457685,0,16.012295195023597,0.25156974693103606,0.0,1704585600,12.29632471766376,2024-01-07T00:00:00+00:00,10016.012295195023
9939.541620054539,9939.79318980147,0.10736573507005298,10032.763411164902,390.71071599999993,76.2332566457685,2,76.2332566457685,0,16.026446447238897,0.25156974693103606,0.0,1704672000,16.73696471766376,2024-01-08T00:00:00+00:00,10016.026446447238
9907.328280340076,9907.686044276961,0.040359299452641384,10039.970175393066,581.690156,108.41331420760048,3,108.41331420760048,0,16.099358484562096,0.35776393688508157,0.0,1704758400,23.87081690850395,2024-01-09T00:00:00+00:00,10016.099358484562
9907.294161505948,9907.651925442833,0.09366968166603096,10037.594369558938,574.3005029999999,108.41331420760048,3,108.41331420760048,0,16.06523965043465,0.35776393688508157,0.0,1704844800,21.52912990850392,2024-01-10T00:00:00+00:00,10016.065239650434
9937.915788540513,9938.132201226495,0.11647414429378777,10035.303203974696,359.48941,65.57960181294985,2,65.57960181294985,0,3.7118030394447485,0.2164126859827345,0.0,1704931200,31.591400935250768,2024-01-11T00:00:00+00:00,10003.711803039445
9971.085975764132,9971.2459350741,0.07990041878025433,10039.719542385566,262.36368,48.47251817213337,2,48.47251817213337,0,19.718453246232876,0.15995930996804014,0.0,1705017600,20.001089139333146,2024-01-12T00:00:00+00:00,10019.718453246232
9970.991246173484,9971.151205483451,0.21552274878076094,10026.092552794917,248.83141999999998,48.47251817213337,2,48.47251817213337,0,19.62372365558512,0.15995930996804014,0.0,1705104000,6.468829139333129,2024-01-13T00:00:00+00:00,10019.623723655584
9970.918537396226,9971.078496706194,0.1861088811089484,10029.04798401766,251.85956,48.47251817213337,2,48.47251817213337,0,19.551014878326917,0.15995930996804014,0.0,1705190400,9.496969139333132,2024-01-14T00:00:00+00:00,10019.551014878327
9944.476878803565,9971.004698633988,0.22262261701276875,10025.379175945454,248.26454999999999,48.47251817213337,2,48.47251817213337,1,19.47721680612025,0.15995930996804014,26.367860520454496,1705276800,5.9019591393331385,2024-01-15T00:00:00+00:00,10019.47721680612
9944.350718754544,9944.59715170008,0.10247335247904887,10037.451470951144,391.5609199,74.67665016223383,3,74.67665016223383,0,19.27380186231234,0.24643294553537165,0.0,1705363200,18.177669088830857,2024-01-16T00:00:00+00:00,10019.273801862313
9944.334774123145,9944.58120706868,0.07510366684246872,10040.201507919744,394.32690149999996,74.67665016223383,3,74.67665016223383,0,19.257857230914084,0.24643294553537165,0.0,1705449600,20.943650688830875,2024-01-17T00:00:00+00:00,10019.257857230914
9944.34492269142,9944.591355636956,0.16753029693652444,10030.91471328802,385.0299583,74.67665016223383,3,74.67665016223383,0,19.268005799189837,0.24643294553537165,0.0,1705536000,11.64670748883087,2024-01-18T00:00:00+00:00,10019.26800579919
9881.14800830182,9881.60135307706,0.25940172849074905,10021.683703605007,689.5911689999999,137.37720461801305,3,137.37720461801305,0,18.978557695072197,0.4533447752394431,0.0,1705622400,2.705145909934629,2024-01-19T00:00:00+00:00,10018.978557695073
9895.22500817046,9895.591879310132,0.2391205147576847,10023.721508798482,572.82192,111.1730726279126,2,111.1730726279126,0,6.7649519380443115,0.3668711396721116,0.0,1705708800,16.9565568604369,2024-01-20T00:00:00+00:00,10006.764951938045
9895.287021417735,9895.653892557406,0.22124164981531802,10025.517932045756,574.55633,111.1730726279126,2,111.1730726279126,0,6.826965185318142,0.3668711396721116,0.0,1705795200,18.690966860436934,2024-01-21T00:00:00+00:00,10006.826965185319
9895.241583843806,9895.608454983478,0.22418954999894325,10025.221734471828,574.30557,111.1730726279126,2,111.1730726279126,0,6.7815276113901355,0.3668711396721116,0.0,1705881600,18.440206860436895,2024-01-22T00:00:00+00:00,10006.78152761139
9895.334172972773,9895.701044112444,0.48663484188691264,9998.851893600793,547.84314,111.1730726279126,2,111.1730726279126,0,6.874116740356338,0.3668711396721116,0.0,1705968000,-8.022223139563064,2024-01-23T00:00:00+00:00,10006.874116740357
9950.398692345823,9950.504886535777,0.6149915408468432,9985.95493628845,164.17028,32.180057561831966,1,32.180057561831966,0,-17.3150559023905,0.1061941899540455,0.0,1706054400,3.269992190840165,2024-01-24T00:00:00+00:00,9982.68494409761
9950.413121883634,9950.519316073587,0.6457640138802789,9982.862995826259,161.06391,32.180057561831966,1,32.180057561831966,0,-17.300626364579777,0.1061941899540455,0.0,1706140800,0.16362219084014606,2024-01-25T00:00:00+00:00,9982.69937363542
9950.36485179729,9950.471045987244,0.6514427003023071,9982.292415739917,160.5416,32.180057561831966,1,32.180057561831966,0,-17.348896450922524,0.1061941899540455,0.0,1706227200,-0.35868780915984766,2024-01-26T00:00:00+00:00,9982.651103549077
9950.31658171095,9950.422775900903,0.5972043768745827,9987.742145653576,166.03959999999998,32.180057561831966,1,32.180057561831966,0,-17.39716653726527,0.1061941899540455,0.0,1706313600,5.139312190840152,2024-01-27T00:00:00+00:00,9982.602833462735
9950.268311624606,9950.37450581456,0.5785332282435274,9989.618175567233,167.9639,32.180057561831966,1,32.180057561831966,0,-17.44543662360802,0.1061941899540455,0.0,1706400000,7.063612190840152,2024-01-28T00:00:00+00:00,9982.554563376392
9950.220041538263,9950.326235728216,0.5806551971859086,9989.40496548089,167.79896,32.180057561831966,1,32.180057561831966,0,-17.493706709950768,0.1061941899540455,0.0,1706486400,6.898672190840146,2024-01-29T00:00:00+00:00,9982.50629329005
9950.17177145192,9950.277965641873,0.5513138961158681,9992.353105394546,170.79536999999996,32.180057561831966,1,32.180057561831966,0,-17.54197679629352,0.1061941899540455,0.0,1706572800,9.895082190840139,2024-01-30T00:00:00+00:00,9982.458023203706
9950.123501365577,9950.22969555553,0.5693042968906048,9990.545475308203,169.03600999999998,32.180057561831966,1,32.180057561831966,0,-17.590246882636265,0.1061941899540455,0.0,1706659200,8.135722190840145,2024-01-31T00:00:00+00:00,9982.409753117363
9950.075231279236,9950.181425469189,0.6083614088910227,9986.621115221862,165.15991999999997,32.180057561831966,1,32.180057561831966,0,-17.638516968979012,0.1061941899540455,0.0,1706745600,4.259632190840139,2024-02-01T00:00:00+00:00,9982.361483031022
9950.026961192892,9950.133155382846,0.61103056513796,9986.35292513552,164.94,32.180057561831966,1,32.180057561831966,0,-17.686787055321762,0.1061941899540455,0.0,1706832000,4.039712190840152,2024-02-02T00:00:00+00:00,9982.313212944679
9949.992742528684,9950.098936718638,0.6050784716780999,9986.950976471311,165.57226999999997,32.180057561831966,1,32.180057561831966,0,-17.721005719530137,0.1061941899540455,0.0,1706918400,4.671982190840139,2024-02-03T00:00:00+00:00,9982.27899428047
9949.956102315144,9950.062296505097,0.6141981295130439,9986.03465625777,164.69259,32.180057561831966,1,32.180057561831966,0,-17.757645933070037,0.1061941899540455,0.0,1707004800,3.792302190840158,2024-02-04T00:00:00+00:00,9982.24235406693
9949.9078322288,9950.014026418754,0.5870455776612604,9988.762876171426,167.46908,32.180057561831966,1,32.180057561831966,0,-17.805916019412784,0.1061941899540455,0.0,1707091200,6.568792190840164,2024-02-05T00:00:00+00:00,9982.194083980587
9949.875444609868,9949.981638799822,0.6067930640759389,9986.778698552494,165.51729,32.180057561831966,1,32.180057561831966,0,-17.83830363834589,0.1061941899540455,0.0,1707177600,4.617002190840158,2024-02-06T00:00:00+00:00,9982.161696361654
9949.875034314135,9949.981228504088,0.5983157443149478,9987.63047825676,166.36948,32.180057561831966,1,32.180057561831966,0,-17.838713934079806,0.1061941899540455,0.0,1707264000,5.469192190840165,2024-02-07T00:00:00+00:00,9982.16128606592
9949.826764227792,9949.932958417745,0.5728047543768544,9990.193758170417,168.98103,32.180057561831966,1,32.180057561831966,0,-17.886984020422553,0.1061941899540455,0.0,1707350400,8.080742190840164,2024-02-08T00:00:00+00:00,9982.113015979578
9950.220903963806,9950.327098153759,0.5078707024066653,9996.718167906432,175.1113,32.180057561831966,1,32.180057561831966,0,-17.49284428440811,0.1061941899540455,0.0,1707436800,14.211012190840151,2024-02-09T00:00:00+00:00,9982.507155715592
9950.590298844558,9950.696493034511,0.47546697406223304,9999.974012787185,177.99775,32.180057561831966,1,32.180057561831966,0,-17.123449403655844,0.1061941899540455,0.0,1707523200,17.09746219084015,2024-02-10T00:00:00+00:00,9982.876550596344
9950.888125277294,9950.994319467247,0.4787955166977387,9999.63956921992,177.36548,32.180057561831966,1,32.180057561831966,0,-16.82562297092109,0.1061941899540455,0.0,1707609600,16.465192190840163,2024-02-11T00:00:00+00:00,9983.17437702908
9951.24852261395,9951.354716803904,0.4875203840657538,9998.762916556578,176.12843,32.180057561831966,1,32.180057561831966,0,-16.465225634263106,0.1061941899540455,0.0,1707696000,15.228142190840163,2024-02-12T00:00:00+00:00,9983.534774365737
9951.627005142958,9951.733199332912,0.44435605865239536,10003.099959085584,180.08699,32.180057561831966,1,32.180057561831966,0,-16.086743105255376,0.1061941899540455,0.0,1707782400,19.18670219084016,2024-02-13T00:00:00+00:00,9983.913256894744
9951.781324608997,9951.88751879895,0.4608773784323006,10001.439938551623,178.27265,32.180057561831966,1,32.180057561831966,0,-15.93242363921761,0.1061941899540455,0.0,1707868800,17.37236219084015,2024-02-14T00:00:00+00:00,9984.067576360783
9951.915816332568,9952.022010522522,0.40865043303096593,10006.687570275195,183.38579,32.180057561831966,1,32.180057561831966,0,-15.797931915646569,0.1061941899540455,0.0,1707955200,22.485502190840158,2024-02-15T00:00:00+00:00,9984.202068084354
9987.606406680594,9987.65950377557,0.2705952315799287,10020.559008651908,97.25962,16.090028780915983,1,16.090028780915983,0,3.749532556486578,0.05309709497702275,0.0,1708041600,16.809476095420077,2024-02-16T00:00:00+00:00,10003.749532556487
9987.58800612368,9987.641103218657,0.2527211816886643,10022.354948094993,99.07395999999999,16.090028780915983,1,16.090028780915983,0,3.7311319995727175,0.05309709497702275,0.0,1708128000,18.623816095420068,2024-02-17T00:00:00+00:00,10003.731131999573
9987.595524189628,9987.648621284605,0.27480744412877733,10020.135776160942,96.84727,16.090028780915983,1,16.090028780915983,0,3.738650065520602,0.05309709497702275,0.0,1708214400,16.397126095420077,2024-02-18T00:00:00+00:00,10003.738650065521
9987.649699316533,9987.70279641151,0.28110810861399216,10019.502701287845,96.16001999999999,16.090028780915983,1,16.090028780915983,0,3.792825192425944,0.05309709497702275,0.0,1708300800,15.709876095420078,2024-02-19T00:00:00+00:00,10003.792825192426
9987.616077592393,9987.66917468737,0.27569726142510076,10020.046369563706,96.73730999999998,16.090028780915983,1,16.090028780915983,0,3.7592034682853424,0.05309709497702275,0.0,1708387200,16.28716609542007,2024-02-20T00:00:00+00:00,10003.759203468286
9987.550135022939,9987.603232117915,0.268008947079168,10020.818871994252,97.57575499999999,16.090028780915983,1,16.090028780915983,0,3.6932608988310776,0.05309709497702275,0.0,1708473600,17.125611095420073,2024-02-21T00:00:00+00:00,10003.693260898832
9987.594473510748,9987.647570605724,0.20258917678601662,10027.39208548206,104.10462999999999,16.090028780915983,1,16.090028780915983,0,3.7375993866412074,0.05309709497702275,0.0,1708560000,23.654486095420072,2024-02-22T00:00:00+00:00,10003.73759938664
9987.788944839107,9987.842041934084,0.19094113028607085,10028.56245181042,105.080525,16.090028780915983,1,16.090028780915983,0,3.9320707150003145,0.05309709497702275,0.0,1708646400,24.630381095420073,2024-02-23T00:00:00+00:00,10003.932070715
9987.931347225329,9987.984444320306,0.20894902281597405,10026.753064196642,103.12873499999999,16.090028780915983,1,16.090028780915983,0,4.074473101221493,0.05309709497702275,0.0,1708732800,22.678591095420067,2024-02-24T00:00:00+00:00,10004.074473101222
9988.100966699734,9988.154063794711,0.19070847256769108,10028.585828671048,104.79187999999999,16.090028780915983,1,16.090028780915983,0,4.244092575627029,0.05309709497702275,0.0,1708819200,24.34173609542007,2024-02-25T00:00:00+00:00,10004.244092575627
9988.175352511791,9988.228449606768,0.17122698414161475,10030.543279483105,106.674945,16.090028780915983,1,16.090028780915983,0,4.318478387684081,0.05309709497702275,0.0,1708905600,26.224801095420077,2024-02-26T00:00:00+00:00,10004.318478387684
9988.189802966639,9988.242900061616,0.13455841371117216,10034.227644937951,110.34485999999998,16.090028780915983,1,16.090028780915983,0,4.332928842532219,0.05309709497702275,0.0,1708992000,29.89471609542007,2024-02-27T00:00:00+00:00,10004.332928842532
9988.30782493675,9988.360922031727,0.1529457486506236,10032.380131908063,108.379325,16.090028780915983,1,16.090028780915983,0,4.450950812643121,0.05309709497702275,0.0,1709078400,27.929181095420073,2024-02-28T00:00:00+00:00,10004.450950812643
9988.348091842778,9988.401188937754,0.09700548169405687,10038.000868814092,113.959795,16.090028780915983,1,16.090028780915983,0,4.491217718670235,0.05309709497702275,0.0,1709164800,33.509651095420075,2024-02-29T00:00:00+00:00,10004.49121771867
10034.993613251467,10034.993613251467,0.12693513002884904,10034.993613251467,0.0,0.0,0,0.0,0,34.99361325146681,0.0,0.0,1709251200,0.0,2024-03-01T00:00:00+00:00,10034.993613251467
10034.993613251467,10034.993613251467,0.12693513002884904,10034.993613251467,0.0,0.0,0,0.0,0,34.99361325146681,0.0,0.0,1709337600,0.0,2024-03-02T00:00:00+00:00,10034.993613251467
10034.993613251467,10034.993613251467,0.12693513002884904,10034.993613251467,0.0,0.0,0,0.0,0,34.99361325146681,0.0,0.0,1709424000,0.0,2024-03-03T00:00:00+00:00,10034.993613251467
10034.993613251467,10034.993613251467,0.12693513002884904,10034.993613251467,0.0,0.0,0,0.0,0,34.99361325146681,0.0,0.0,1709510400,0.0,2024-03-04T00:00:00+00:00,10034.993613251467
10034.993613251467,10034.993613251467,0.12693513002884904,10034.993613251467,0.0,0.0,0,0.0,0,34.99361325146681,0.0,0.0,1709596800,0.0,2024-03-05T00:00:00+00:00,10034.993613251467
10034.993613251467,10034.993613251467,0.12693513002884904,10034.993613251467,0.0,0.0,0,0.0,0,34.99361325146681,0.0,0.0,1709683200,0.0,2024-03-06T00:00:00+00:00,10034.993613251467
10034.993613251467,10034.993613251467,0.12693513002884904,10034.993613251467,0.0,0.0,0,0.0,0,34.99361325146681,0.0,0.0,1709769600,0.0,2024-03-07T00:00:00+00:00,10034.993613251467
10034.993613251467,10034.993613251467,0.12693513002884904,10034.993613251467,0.0,0.0,0,0.0,0,34.99361325146681,0.0,0.0,1709856000,0.0,2024-03-08T00:00:00+00:00,10034.993613251467
10034.993613251467,10034.993613251467,0.12693513002884904,10034.993613251467,0.0,0.0,0,0.0,0,34.99361325146681,0.0,0.0,1709942400,0.0,2024-03-09T00:00:00+00:00,10034.993613251467
10034.993613251467,10034.993613251467,0.12693513002884904,10034.993613251467,0.0,0.0,0,0.0,0,34.99361325146681,0.0,0.0,1710028800,0.0,2024-03-10T00:00:00+00:00,10034.993613251467
10034.993613251467,10034.993613251467,0.12693513002884904,10034.993613251467,0.0,0.0,0,0.0,0,34.99361325146681,0.0,0.0,1710115200,0.0,2024-03-11T00:00:00+00:00,10034.993613251467
10034.993613251467,10034.993613251467,0.12693513002884904,10034.993613251467,0.0,0.0,0,0.0,0,34.99361325146681,0.0,0.0,1710201600,0.0,2024-03-12T00:00:00+00:00,10034.993613251467
10034.993613251467,10034.993613251467,0.12693513002884904,10034.993613251467,0.0,0.0,0,0.0,0,34.99361325146681,0.0,0.0,1710288000,0.0,2024-03-13T00:00:00+00:00,10034.993613251467
10034.993613251467,10034.993613251467,0.12693513002884904,10034.993613251467,0.0,0.0,0,0.0,0,34.99361325146681,0.0,0.0,1710374400,0.0,2024-03-14T00:00:00+00:00,10034.993613251467
10034.993613251467,10034.993613251467,0.12693513002884904,10034.993613251467,0.0,0.0,0,0.0,0,34.99361325146681,0.0,0.0,1710460800,0.0,2024-03-15T00:00:00+00:00,10034.993613251467
10034.993613251467,10034.993613251467,0.12693513002884904,10034.993613251467,0.0,0.0,0,0.0,0,34.99361325146681,0.0,0.0,1710547200,0.0,2024-03-16T00:00:00+00:00,10034.993613251467
10034.993613251467,10034.993613251467,0.12693513002884904,10034.993613251467,0.0,0.0,0,0.0,0,34.99361325146681,0.0,0.0,1710633600,0.0,2024-03-17T00:00:00+00:00,10034.993613251467
10034.993613251467,10034.993613251467,0.12693513002884904,10034.993613251467,0.0,0.0,0,0.0,0,34.99361325146681,0.0,0.0,1710720000,0.0,2024-03-18T00:00:00+00:00,10034.993613251467
10034.993613251467,10034.993613251467,0.12693513002884904,10034.993613251467,0.0,0.0,0,0.0,0,34.99361325146681,0.0,0.0,1710806400,0.0,2024-03-19T00:00:00+00:00,10034.993613251467
10034.993613251467,10034.993613251467,0.12693513002884904,10034.993613251467,0.0,0.0,0,0.0,0,34.99361325146681,0.0,0.0,1710892800,0.0,2024-03-20T00:00:00+00:00,10034.993613251467
10034.993613251467,10034.993613251467,0.12693513002884904,10034.993613251467,0.0,0.0,0,0.0,0,34.99361325146681,0.0,0.0,1710979200,0.0,2024-03-21T00:00:00+00:00,10034.993613251467
10034.993613251467,10034.993613251467,0.12693513002884904,10034.993613251467,0.0,0.0,0,0.0,0,34.99361325146681,0.0,0.0,1711065600,0.0,2024-03-22T00:00:00+00:00,10034.993613251467
10034.993613251467,10034.993613251467,0.12693513002884904,10034.993613251467,0.0,0.0,0,0.0,0,34.99361325146681,0.0,0.0,1711152000,0.0,2024-03-23T00:00:00+00:00,10034.993613251467
10034.993613251467,10034.993613251467,0.12693513002884904,10034.993613251467,0.0,0.0,0,0.0,0,34.99361325146681,0.0,0.0,1711238400,0.0,2024-03-24T00:00:00+00:00,10034.993613251467
10034.993613251467,10034.993613251467,0.12693513002884904,10034.993613251467,0.0,0.0,0,0.0,0,34.99361325146681,0.0,0.0,1711324800,0.0,2024-03-25T00:00:00+00:00,10034.993613251467
10034.993613251467,10034.993613251467,0.12693513002884904,10034.993613251467,0.0,0.0,0,0.0,0,34.99361325146681,0.0,0.0,1711411200,0.0,2024-03-26T00:00:00+00:00,10034.993613251467
10034.993613251467,10034.993613251467,0.12693513002884904,10034.993613251467,0.0,0.0,0,0.0,0,34.99361325146681,0.0,0.0,1711497600,0.0,2024-03-27T00:00:00+00:00,10034.993613251467
10034.993613251467,10034.993613251467,0.12693513002884904,10034.993613251467,0.0,0.0,0,0.0,0,34.99361325146681,0.0,0.0,1711584000,0.0,2024-03-28T00:00:00+00:00,10034.993613251467
10034.993613251467,10034.993613251467,0.12693513002884904,10034.993613251467,0.0,0.0,0,0.0,0,34.99361325146681,0.0,0.0,1711670400,0.0,2024-03-29T00:00:00+00:00,10034.993613251467
10034.993613251467,10034.993613251467,0.12693513002884904,10034.993613251467,0.0,0.0,0,0.0,0,34.99361325146681,0.0,0.0,1711756800,0.0,2024-03-30T00:00:00+00:00,10034.993613251467
10034.993613251467,10034.993613251467,0.12693513002884904,10034.993613251467,0.0,0.0,0,0.0,0,34.99361325146681,0.0,0.0,1711843200,0.0,2024-03-31T00:00:00+00:00,10034.993613251467
10034.993613251467,10034.993613251467,0.12693513002884904,10034.993613251467,0.0,0.0,0,0.0,0,34.99361325146681,0.0,0.0,1711929600,0.0,2024-04-01T00:00:00+00:00,10034.993613251467
10034.993613251467,10034.993613251467,0.12693513002884904,10034.993613251467,0.0,0.0,0,0.0,0,34.99361325146681,0.0,0.0,1712016000,0.0,2024-04-02T00:00:00+00:00,10034.993613251467
10034.993613251467,10034.993613251467,0.12693513002884904,10034.993613251467,0.0,0.0,0,0.0,0,34.99361325146681,0.0,0.0,1712102400,0.0,2024-04-03T00:00:00+00:00,10034.993613251467
10034.993613251467,10034.993613251467,0.12693513002884904,10034.993613251467,0.0,0.0,0,0.0,0,34.99361325146681,0.0,0.0,1712188800,0.0,2024-04-04T00:00:00+00:00,10034.993613251467
10034.993613251467,10034.993613251467,0.12693513002884904,10034.993613251467,0.0,0.0,0,0.0,0,34.99361325146681,0.0,0.0,1712275200,0.0,2024-04-05T00:00:00+00:00,10034.993613251467
10034.993613251467,10034.993613251467,0.12693513002884904,10034.993613251467,0.0,0.0,0,0.0,0,34.99361325146681,0.0,0.0,1712361600,0.0,2024-04-06T00:00:00+00:00,10034.993613251467
10034.993613251467,10034.993613251467,0.12693513002884904,10034.993613251467,0.0,0.0,0,0.0,0,34.99361325146681,0.0,0.0,1712448000,0.0,2024-04-07T00:00:00+00:00,10034.993613251467
10034.993613251467,10034.993613251467,0.12693513002884904,10034.993613251467,0.0,0.0,0,0.0,0,34.99361325146681,0.0,0.0,1712534400,0.0,2024-04-08T00:00:00+00:00,10034.993613251467
10034.993613251467,10034.993613251467,0.12693513002884904,10034.993613251467,0.0,0.0,0,0.0,0,34.99361325146681,0.0,0.0,1712620800,0.0,2024-04-09T00:00:00+00:00,10034.993613251467
10034.993613251467,10034.993613251467,0.12693513002884904,10034.993613251467,0.0,0.0,0,0.0,0,34.99361325146681,0.0,0.0,1712707200,0.0,2024-04-10T00:00:00+00:00,10034.993613251467
10034.993613251467,10034.993613251467,0.12693513002884904,10034.993613251467,0.0,0.0,0,0.0,0,34.99361325146681,0.0,0.0,1712793600,0.0,2024-04-11T00:00:00+00:00,10034.993613251467
10034.993613251467,10034.993613251467,0.12693513002884904,10034.993613251467,0.0,0.0,0,0.0,0,34.99361325146681,0.0,0.0,1712880000,0.0,2024-04-12T00:00:00+00:00,10034.993613251467
10034.993613251467,10034.993613251467,0.12693513002884904,10034.993613251467,0.0,0.0,0,0.0,0,34.99361325146681,0.0,0.0,1712966400,0.0,2024-04-13T00:00:00+00:00,10034.993613251467
10034.993613251467,10034.993613251467,0.12693513002884904,10034.993613251467,0.0,0.0,0,0.0,0,34.99361325146681,0.0,0.0,1713052800,0.0,2024-04-14T00:00:00+00:00,10034.993613251467
10006.55108662236,10034.993613251467,0.12693513002884904,10034.993613251467,0.0,0.0,0,0.0,1,34.99361325146681,0.0,28.442526629107498,1713139200,0.0,2024-04-15T00:00:00+00:00,10034.993613251467
10007.92008573045,10008.00896162175,0.02470873954540931,10046.273251259947,123.32824000000001,26.932088273032758,1,26.932088273032758,0,34.941049894784335,0.0888758913010081,0.0,1713225600,11.332201365163792,2024-04-16T00:00:00+00:00,10034.941049894784
10007.948610851745,10008.037486743046,0.07634016288002865,10048.271107381242,121.358909,26.932088273032758,1,26.932088273032758,0,34.969575016078714,0.0888758913010081,0.0,1713312000,13.3015323651638,2024-04-17T00:00:00+00:00,10034.969575016079
10007.96604264588,10008.05491853718,0.037176556832996255,10052.209379175378,117.438069,26.932088273032758,1,26.932088273032758,0,34.98700681021344,0.0888758913010081,0.0,1713398400,17.222372365163803,2024-04-18T00:00:00+00:00,10034.987006810214
10007.953003475342,10008.041879366643,0.12716104481571566,10043.16058600484,126.47382300000001,26.932088273032758,1,26.932088273032758,0,34.97396763967605,0.0888758913010081,0.0,1713484800,8.186618365163792,2024-04-19T00:00:00+00:00,10034.973967639677
10007.983389603936,10008.072265495237,0.13146681368543245,10042.727600133434,126.93719499999999,26.932088273032758,1,26.932088273032758,0,35.0043537682701,0.0888758913010081,0.0,1713571200,7.723246365163807,2024-04-20T00:00:00+00:00,10035.00435376827
10008.00300559043,10008.09188148173,0.20818889041659405,10035.012468119929,134.671943,26.932088273032758,1,26.932088273032758,0,35.02396975476376,0.0888758913010081,0.0,1713657600,-0.011501634836198883,2024-04-21T00:00:00+00:00,10035.023969754764
10008.043403722839,10008.13227961414,0.1868742001684076,10037.155862252337,132.568947,26.932088273032758,1,26.932088273032758,0,35.06436788717331,0.0888758913010081,0.0,1713744000,2.091494365163788,2024-04-22T00:00:00+00:00,10035.064367887173
10008.049043302124,10008.137919193425,0.25895009535121805,10029.907947831622,139.822501,26.932088273032758,1,26.932088273032758,0,35.07000746645768,0.0888758913010081,0.0,1713830400,-5.1620596348362,2024-04-23T00:00:00+00:00,10035.070007466458
10008.085178084959,10008.17405397626,0.23918424318511988,10031.895591614457,137.870992,26.932088273032758,1,26.932088273032758,0,35.10614224929361,0.0888758913010081,0.0,1713916800,-3.210550634836202,2024-04-24T00:00:00+00:00,10035.106142249293
10008.12557621737,10008.21445210867,0.17657532519816943,10038.191511746867,131.61547,26.932088273032758,1,26.932088273032758,0,35.14654038170316,0.0888758913010081,0.0,1714003200,3.044971365163807,2024-04-25T00:00:00+00:00,10035.146540381704
10008.14512083383,10008.23399672513,0.15050561342511148,10040.813068363328,129.013458,26.932088273032758,1,26.932088273032758,0,35.1660849981629,0.0888758913010081,0.0,1714089600,5.646983365163796,2024-04-26T00:00:00+00:00,10035.166084998164
10008.181961237377,10008.270837128677,0.10051529439838447,10045.840068766875,124.02329800000001,26.932088273032758,1,26.932088273032758,0,35.20292540171158,0.0888758913010081,0.0,1714176000,10.63714336516379,2024-04-27T00:00:00+00:00,10035.20292540171
10008.193123241363,10008.281999132663,0.11865882523278692,10044.01556477086,125.85896400000001,26.932088273032758,1,26.932088273032758,0,35.21408740569634,0.0888758913010081,0.0,1714262400,8.80147736516379,2024-04-28T00:00:00+00:00,10035.214087405697
10008.221003339142,10008.309879230443,0.08913888194466146,10046.98407486864,122.918334,26.932088273032758,1,26.932088273032758,0,35.24196750347658,0.0888758913010081,0.0,1714348800,11.742107365163799,2024-04-29T00:00:00+00:00,10035.241967503476
10008.248825532934,10008.337701424234,0.08682408081773785,10047.216850062432,122.71338100000001,26.932088273032758,1,26.932088273032758,0,35.269789697267036,0.0888758913010081,0.0,1714435200,11.94706036516379,2024-04-30T00:00:00+00:00,10035.269789697268
10008.276925127233,10008.365801018534,0.032672757873231095,10057.055960656731,112.90237,26.932088273032758,1,26.932088273032758,0,35.29788929156671,0.0888758913010081,0.0,1714521600,21.758071365163794,2024-05-01T00:00:00+00:00,10035.297889291567
10008.28031722375,10008.369193115052,0.1241748482127214,10050.064217753248,119.89750500000001,26.932088273032758,1,26.932088273032758,0,35.301281388084696,0.0888758913010081,0.0,1714608000,14.762936365163787,2024-05-02T00:00:00+00:00,10035.301281388085
10008.313550074075,10008.402425965376,0.15005716154745663,10047.459794603574,122.53516099999999,26.932088273032758,1,26.932088273032758,0,35.334514238409206,0.0888758913010081,0.0,1714694400,12.125280365163805,2024-05-03T00:00:00+00:00,10035.33451423841
10008.31113830557,10008.40001419687,0.20401173275006457,10042.030583835067,127.96195999999999,26.932088273032758,1,26.932088273032758,0,35.332102469904356,0.0888758913010081,0.0,1714780800,6.698481365163802,2024-05-04T00:00:00+00:00,10035.332102469903
10008.33849322763,10008.42736911893,0.2249047679847127,10039.928209757127,130.091689,26.932088273032758,1,26.932088273032758,0,35.359457391963275,0.0888758913010081,0.0,1714867200,4.568752365163789,2024-05-05T00:00:00+00:00,10035.359457391964
10008.357720045447,10008.446595936748,0.22196845917403785,10040.223677574946,129.815448,26.932088273032758,1,26.932088273032758,0,35.37868420978139,0.0888758913010081,0.0,1714953600,4.844993365163791,2024-05-06T00:00:00+00:00,10035.378684209782
10008.395350905786,10008.484226797087,0.2850005854613036,10033.881032435285,136.195724,26.932088273032758,1,26.932088273032758,0,35.41631507012089,0.0888758913010081,0.0,1715040000,-1.535282634836206,2024-05-07T00:00:00+00:00,10035.41631507012
10008.435749038197,10008.524624929498,0.24182656813696024,10038.225443567695,131.891711,26.932088273032758,1,26.932088273032758,0,35.45671320253044,0.0888758913010081,0.0,1715126400,2.768730365163805,2024-05-08T00:00:00+00:00,10035.456713202531
10008.476147170606,10008.565023061907,0.18908850290868529,10043.532242700105,126.62531,26.932088273032758,1,26.932088273032758,0,35.49711133493999,0.0888758913010081,0.0,1715212800,8.035131365163803,2024-05-09T00:00:00+00:00,10035.49711133494
10008.506498287485,10008.595374178785,0.2803537817627655,10034.348619816983,135.839284,26.932088273032758,1,26.932088273032758,0,35.52746245181928,0.0888758913010081,0.0,1715299200,-1.1788426348362009,2024-05-10T00:00:00+00:00,10035.527462451819
10008.546896419895,10008.635772311196,0.2225680245851902,10040.163345949393,130.064956,26.932088273032758,1,26.932088273032758,0,35.56786058422883,0.0888758913010081,0.0,1715385600,4.59548536516379,2024-05-11T00:00:00+00:00,10035.56786058423
10008.57115011199,10008.66002600329,0.2170136355805985,10040.722259641487,129.53029600000002,26.932088273032758,1,26.932088273032758,0,35.59211427632311,0.0888758913010081,0.0,1715472000,5.130145365163785,2024-05-12T00:00:00+00:00,10035.592114276324
10008.579688930577,10008.668564821877,0.19921757843482935,10042.512998460075,127.74809600000002,26.932088273032758,1,26.932088273032758,0,35.60065309491007,0.0888758913010081,0.0,1715558400,6.912345365163785,2024-05-13T00:00:00+00:00,10035.60065309491
10008.576205264957,10008.665081156258,0.23529449014793036,10038.882737794454,131.374873,26.932088273032758,1,26.932088273032758,0,35.59716942929196,0.0888758913010081,0.0,1715644800,3.285568365163791,2024-05-14T00:00:00+00:00,10035.597169429291
10008.611037881326,10008.699913772627,0.1865967540293889,10043.782976410825,126.509467,26.932088273032758,1,26.932088273032758,0,35.63200204565989,0.0888758913010081,0.0,1715731200,8.150974365163798,2024-05-15T00:00:00+00:00,10035.63200204566
10008.626970904748,10008.715846796049,0.3321130328951538,10029.140314434246,141.168062,26.932088273032758,1,26.932088273032758,0,35.64793506908221,0.0888758913010081,0.0,1715817600,-6.507620634836192,2024-05-16T00:00:00+00:00,10035.647935069082
10008.667369037157,10008.756244928458,0.34003582705756097,10028.343078566655,142.005696,26.932088273032758,1,26.932088273032758,0,35.68833320149176,0.0888758913010081,0.0,1715904000,-7.345254634836215,2024-05-17T00:00:00+00:00,10035.688333201491
10023.298672140994,10023.298672140994,0.3901662782912818,10023.298672140994,0.0,0.0,0,0.0,0,23.298672140994427,0.0,0.0,1715990400,0.0,2024-05-18T00:00:00+00:00,10023.298672140994
10023.298672140994,10023.298672140994,0.3901662782912818,10023.298672140994,0.0,0.0,0,0.0,0,23.298672140994427,0.0,0.0,1716076800,0.0,2024-05-19T00:00:00+00:00,10023.298672140994
10023.298672140994,10023.298672140994,0.3901662782912818,10023.298672140994,0.0,0.0,0,0.0,0,23.298672140994427,0.0,0.0,1716163200,0.0,2024-05-20T00:00:00+00:00,10023.298672140994
10023.298672140994,10023.298672140994,0.3901662782912818,10023.298672140994,0.0,0.0,0,0.0,0,23.298672140994427,0.0,0.0,1716249600,0.0,2024-05-21T00:00:00+00:00,10023.298672140994
10023.298672140994,10023.298672140994,0.3901662782912818,10023.298672140994,0.0,0.0,0,0.0,0,23.298672140994427,0.0,0.0,1716336000,0.0,2024-05-22T00:00:00+00:00,10023.298672140994
10023.298672140994,10023.298672140994,0.3901662782912818,10023.298672140994,0.0,0.0,0,0.0,0,23.298672140994427,0.0,0.0,1716422400,0.0,2024-05-23T00:00:00+00:00,10023.298672140994
10023.298672140994,10023.298672140994,0.3901662782912818,10023.298672140994,0.0,0.0,0,0.0,0,23.298672140994427,0.0,0.0,1716508800,0.0,2024-05-24T00:00:00+00:00,10023.298672140994
10023.298672140994,10023.298672140994,0.3901662782912818,10023.298672140994,0.0,0.0,0,0.0,0,23.298672140994427,0.0,0.0,1716595200,0.0,2024-05-25T00:00:00+00:00,10023.298672140994
10023.298672140994,10023.298672140994,0.3901662782912818,10023.298672140994,0.0,0.0,0,0.0,0,23.298672140994427,0.0,0.0,1716681600,0.0,2024-05-26T00:00:00+00:00,10023.298672140994
10023.298672140994,10023.298672140994,0.3901662782912818,10023.298672140994,0.0,0.0,0,0.0,0,23.298672140994427,0.0,0.0,1716768000,0.0,2024-05-27T00:00:00+00:00,10023.298672140994
10023.298672140994,10023.298672140994,0.3901662782912818,10023.298672140994,0.0,0.0,0,0.0,0,23.298672140994427,0.0,0.0,1716854400,0.0,2024-05-28T00:00:00+00:00,10023.298672140994
10023.298672140994,10023.298672140994,0.3901662782912818,10023.298672140994,0.0,0.0,0,0.0,0,23.298672140994427,0.0,0.0,1716940800,0.0,2024-05-29T00:00:00+00:00,10023.298672140994
10023.298672140994,10023.298672140994,0.3901662782912818,10023.298672140994,0.0,0.0,0,0.0,0,23.298672140994427,0.0,0.0,1717027200,0.0,2024-05-30T00:00:00+00:00,10023.298672140994
10023.298672140994,10023.298672140994,0.3901662782912818,10023.298672140994,0.0,0.0,0,0.0,0,23.298672140994427,0.0,0.0,1717113600,0.0,2024-05-31T00:00:00+00:00,10023.298672140994
10023.298672140994,10023.298672140994,0.3901662782912818,10023.298672140994,0.0,0.0,0,0.0,0,23.298672140994427,0.0,0.0,1717200000,0.0,2024-06-01T00:00:00+00:00,10023.298672140994
10023.298672140994,10023.298672140994,0.3901662782912818,10023.298672140994,0.0,0.0,0,0.0,0,23.298672140994427,0.0,0.0,1717286400,0.0,2024-06-02T00:00:00+00:00,10023.298672140994
10023.298672140994,10023.298672140994,0.3901662782912818,10023.298672140994,0.0,0.0,0,0.0,0,23.298672140994427,0.0,0.0,1717372800,0.0,2024-06-03T00:00:00+00:00,10023.298672140994
10023.298672140994,10023.298672140994,0.3901662782912818,10023.298672140994,0.0,0.0,0,0.0,0,23.298672140994427,0.0,0.0,1717459200,0.0,2024-06-04T00:00:00+00:00,10023.298672140994
10023.298672140994,10023.298672140994,0.3901662782912818,10023.298672140994,0.0,0.0,0,0.0,0,23.298672140994427,0.0,0.0,1717545600,0.0,2024-06-05T00:00:00+00:00,10023.298672140994
10023.298672140994,10023.298672140994,0.3901662782912818,10023.298672140994,0.0,0.0,0,0.0,0,23.298672140994427,0.0,0.0,1717632000,0.0,2024-06-06T00:00:00+00:00,10023.298672140994
10023.298672140994,10023.298672140994,0.3901662782912818,10023.298672140994,0.0,0.0,0,0.0,0,23.298672140994427,0.0,0.0,1717718400,0.0,2024-06-07T00:00:00+00:00,10023.298672140994
9933.573066470233,9992.06167651173,0.3791053139135636,10024.411688250122,156.89322880000003,31.135804265401653,1,31.135804265401653,1,23.197480777131872,0.10274815407582545,58.385861887422,1717804800,1.2142074729917571,2024-06-08T00:00:00+00:00,10023.197480777131
9933.450945777757,9933.745170503995,0.4269895505753185,10019.593308499694,442.4841698,89.15900795107518,2,89.15900795107518,0,22.904178455069655,0.2942247262385481,0.0,1717891200,-3.3108699553758996,2024-06-09T00:00:00+00:00,10022.90417845507
9933.317207265829,9933.611431992067,0.3666561358303344,10025.664394187766,448.68899400000004,89.15900795107518,2,89.15900795107518,0,22.770439943143042,0.2942247262385481,0.0,1717977600,2.893954244624119,2024-06-10T00:00:00+00:00,10022.770439943142
9933.183468753903,9933.477693480141,0.4421573480050345,10018.067039875841,441.2253782,89.15900795107518,2,89.15900795107518,0,22.63670143121643,0.2942247262385481,0.0,1718064000,-4.569661555375879,2024-06-11T00:00:00+00:00,10022.636701431216
9909.94611400001,9910.275429056068,0.6465855451604274,9997.496331136175,486.390667,99.79244122997287,2,99.79244122997287,0,10.067870286040156,0.3293150560589105,0.0,1718150400,-12.571539149864332,2024-06-12T00:00:00+00:00,10010.06787028604
9909.813379471683,9910.142694527742,0.5688999765876557,10005.31348760785,494.340558,99.79244122997287,2,99.79244122997287,0,9.935135757714429,0.3293150560589105,0.0,1718236800,-4.6216481498643205,2024-06-13T00:00:00+00:00,10009.935135757714
9909.721905049597,9910.051220105655,0.6008615511617132,10002.097335185763,491.21587999999997,99.79244122997287,2,99.79244122997287,0,9.843661335628768,0.3293150560589105,0.0,1718323200,-7.746326149864364,2024-06-14T00:00:00+00:00,10009.843661335628
9909.606231166346,9909.935546222405,0.6494186298930282,9997.211250302513,486.445469,99.79244122997287,2,99.79244122997287,0,9.727987452378008,0.3293150560589105,0.0,1718409600,-12.516737149864367,2024-06-15T00:00:00+00:00,10009.727987452377
9909.528105238302,9909.85742029436,0.5408765418076777,10008.133362374469,497.44570699999997,99.79244122997287,2,99.79244122997287,0,9.649861524331941,0.3293150560589105,0.0,1718496000,-1.5164991498643465,2024-06-16T00:00:00+00:00,10009.649861524333
9909.449975322223,9909.779290378281,0.5186122351032885,10010.373721458389,499.76419599999997,99.79244122997287,2,99.79244122997287,0,9.571731608253161,0.3293150560589105,0.0,1718582400,0.8019898501356506,2024-06-17T00:00:00+00:00,10009.571731608254
9909.383578926718,9909.712893982776,0.6710851081326408,9995.031048062885,484.48791900000003,99.79244122997287,2,99.79244122997287,0,9.505335212748479,0.3293150560589105,0.0,1718668800,-14.474287149864333,2024-06-18T00:00:00+00:00,10009.505335212749
9942.90195734881,9943.039795832705,0.8029031864076774,9981.766775655507,205.80393,41.769237544299344,1,41.769237544299344,0,-15.190966622997431,0.13783848389618783,0.0,1718755200,-3.0422577214967013,2024-06-19T00:00:00+00:00,9984.809033377003
9942.84763436692,9942.985472850816,0.7585067476199026,9986.234193673617,210.325671,41.769237544299344,1,41.769237544299344,0,-15.24528960488567,0.13783848389618783,0.0,1718841600,1.4794832785032848,2024-06-20T00:00:00+00:00,9984.754710395115
9942.843647493197,9942.981485977092,0.7868202289574633,9983.385132799895,207.48059700000002,41.769237544299344,1,41.769237544299344,0,-15.249276478609273,0.13783848389618783,0.0,1718928000,-1.3655907214967076,2024-06-21T00:00:00+00:00,9984.75072352139
9911.417932577524,9942.93131903434,0.7838418111836054,9983.684837857141,207.830469,41.769237544299344,1,41.769237544299344,1,-15.299443421361854,0.13783848389618783,31.375547972921247,1719014400,-1.0157187214967034,2024-06-22T00:00:00+00:00,9984.700556578638
9912.743666869012,9912.980121874785,0.7508823024340416,9987.001407998267,351.17760075,71.6530320527457,2,71.6530320527457,0,-15.366846072469963,0.2364550057740608,0.0,1719100800,2.36825407073506,2024-06-23T00:00:00+00:00,9984.63315392753
9912.732083770044,9912.968538775818,0.7793529329087168,9984.136533899298,345.20253375,71.6530320527457,2,71.6530320527457,0,-15.37842917143687,0.2364550057740608,0.0,1719187200,-0.48503692926493525,2024-06-24T00:00:00+00:00,9984.621570828564
9942.427064694315,9942.525681216193,0.8556957358483164,9976.454494016873,145.37395425,29.883794508446357,1,29.883794508446357,0,-27.590524275360064,0.09861652187787298,0.0,1719273600,4.04501829223178,2024-06-25T00:00:00+00:00,9972.40947572464
9942.471890386078,9942.570506907956,0.8289124559839545,9979.149577458635,142.72369650000002,29.883794508446357,1,29.883794508446357,0,-27.545698583597396,0.09861652187787298,0.0,1719360000,6.695276042231777,2024-06-26T00:00:00+00:00,9972.454301416403
9942.51671607784,9942.615332599718,0.7499383015244221,9987.096398650398,134.82170100000002,29.883794508446357,1,29.883794508446357,0,-27.500872891834724,0.09861652187787298,0.0,1719446400,14.597271542231773,2024-06-27T00:00:00+00:00,9972.499127108165
9942.561541769603,9942.660158291481,0.7608035472968067,9986.00307684216,135.95984850000002,29.883794508446357,1,29.883794508446357,0,-27.456047200072057,0.09861652187787298,0.0,1719532800,13.459124042231773,2024-06-28T00:00:00+00:00,9972.543952799928
9942.600105312225,9942.698721834104,0.6857695847303003,9993.553413884782,128.44807500000002,29.883794508446357,1,29.883794508446357,0,-27.41748365744863,0.09861652187787298,0.0,1719619200,20.970897542231775,2024-06-29T00:00:00+00:00,9972.58251634255
9942.644931003988,9942.743547525866,0.6725591638937711,9994.882720326545,127.16359425,29.883794508446357,1,29.883794508446357,0,-27.37265796568596,0.09861652187787298,0.0,1719705600,22.25537829223178,2024-06-30T00:00:00+00:00,9972.627342034313
9942.648747164547,9942.747363686425,0.7327911968904144,9988.821836237104,133.2282945,29.883794508446357,1,29.883794508446357,0,-27.368841805127232,0.09861652187787298,0.0,1719792000,16.190678042231777,2024-07-01T00:00:00+00:00,9972.631158194872
9942.688851216777,9942.787467738655,0.7154265758703482,9990.569161539333,131.52107325,29.883794508446357,1,29.883794508446357,0,-27.3287377528969,0.09861652187787298,0.0,1719878400,17.897899292231788,2024-07-02T00:00:00+00:00,9972.671262247102
9942.733676908541,9942.83229343042,0.741157333911302,9987.979988731098,134.15507175,29.883794508446357,1,29.883794508446357,0,-27.283912061134227,0.09861652187787298,0.0,1719964800,15.26390079223179,2024-07-03T00:00:00+00:00,9972.716087938867
9942.778502600304,9942.877119122182,0.6607289445559217,9996.073143172862,126.106743,29.883794508446357,1,29.883794508446357,0,-27.23908636937156,0.09861652187787298,0.0,1720051200,23.312229542231787,2024-07-04T00:00:00+00:00,9972.76091363063
9942.788713892887,9942.887330414766,0.49532943331024315,10012.716567215444,109.47353025,29.883794508446357,1,29.883794508446357,0,-27.22887507678802,0.09861652187787298,0.0,1720137600,39.94544229223178,2024-07-05T00:00:00+00:00,9972.771124923212
9947.804979715449,9947.954278040876,0.4688617061617828,10015.379897977777,204.02588084,45.24191679615014,2,45.24191679615014,0,-6.803805162974441,0.1492983254272955,0.0,1720224000,22.18370314075071,2024-07-06T00:00:00+00:00,9993.196194837026
9947.847418686684,9947.99671701211,0.5703687371005017,10005.165692709012,214.28252508,45.24191679615014,2,45.24191679615014,0,-6.761366191738409,0.1492983254272955,0.0,1720310400,11.927058900750703,2024-07-07T00:00:00+00:00,9993.238633808262
9947.909474177364,9948.05877250279,0.44801357675925413,10017.477753379691,202.03251989999995,45.24191679615014,2,45.24191679615014,0,-6.699310701058327,0.1492983254272955,0.0,1720396800,24.177064080750736,2024-07-08T00:00:00+00:00,9993.300689298942
9947.960778086857,9948.110076412284,0.5858663201712577,10003.606239209184,215.95533797999997,45.24191679615014,2,45.24191679615014,0,-6.648006791565982,0.1492983254272955,0.0,1720483200,10.254246000750713,2024-07-09T00:00:00+00:00,9993.351993208435
9966.027844466238,9966.077152696851,0.6681598441979908,9995.325404483494,60.4030766,14.94188806444059,1,14.94188806444059,0,-18.98095923870735,0.04930823061265395,0.0,1720569600,14.306363722202951,2024-07-10T00:00:00+00:00,9981.019040761292
9966.050257298335,9966.099565528948,0.6630088718435956,9995.843724135591,59.90716978,14.94188806444059,1,14.94188806444059,0,-18.958546406610687,0.04930823061265395,0.0,1720656000,14.802270542202951,2024-07-11T00:00:00+00:00,9981.041453593389
9913.87151978683,9914.092202060769,0.6693605223432764,9995.204585532096,320.12811459999995,66.87341634522124,2,66.87341634522124,0,-19.03438159400997,0.22068227393923012,0.0,1720742400,14.238967126106239,2024-07-12T00:00:00+00:00,9980.96561840599
9913.930468720273,9914.151150994212,0.5823153474747267,10003.963557945539,311.42809112,66.87341634522124,2,66.87341634522124,0,-18.97543266056714,0.22068227393923012,0.0,1720828800,22.93899060610621,2024-07-13T00:00:00+00:00,9981.024567339433
9914.025831585652,9914.24651385959,0.669399143145688,9995.200699290917,320.28631264,66.87341634522124,2,66.87341634522124,0,-18.88006979518745,0.22068227393923012,0.0,1720915200,14.080769086106198,2024-07-14T00:00:00+00:00,9981.119930204812
9834.599637707648,9835.081142175772,0.7758338115792962,9984.490647572922,726.0531639199999,145.91044488619173,3,145.91044488619173,0,-19.008412938035484,0.48150446812443276,0.0,1721001600,3.4990605109587083,2024-07-15T00:00:00+00:00,9980.991587061964
9889.674751077602,9889.895433351541,1.1235440873579972,9949.50209458287,341.63383683999996,66.87341634522124,2,66.87341634522124,0,-43.23115030323857,0.22068227393923012,0.0,1721088000,-7.266755113893812,2024-07-16T00:00:00+00:00,9956.768849696762
9889.770426228442,9889.991108502381,1.0780381686809504,9954.081154673708,337.1504519,66.87341634522124,2,66.87341634522124,0,-43.13547515239833,0.22068227393923012,0.0,1721174400,-2.7833701738937995,2024-07-17T00:00:00+00:00,9956.864524847602
9889.87044797452,9890.091130248458,1.1261606996232576,9949.238796419786,342.0928319,66.87341634522124,2,66.87341634522124,0,-43.03545340632014,0.22068227393923012,0.0,1721260800,-7.725750173893809,2024-07-18T00:00:00+00:00,9956.96454659368
9856.085626588474,9856.335891675997,1.1820100555154478,9943.618921816662,367.7444017199999,75.83790531011064,2,75.83790531011064,0,-67.82620301389257,0.2502650875233651,0.0,1721347200,11.445124830553254,2024-07-19T00:00:00+00:00,9932.173796986108
9856.138840609972,9856.389105697495,1.2914768622830142,9932.603759378158,378.81277818,75.83790531011064,2,75.83790531011064,0,-67.77298899239426,0.2502650875233651,0.0,1721433600,0.3767483705532273,2024-07-20T00:00:00+00:00,9932.227011007606
9856.222003308872,9856.472268396396,1.2716708737414373,9934.59674873706,376.90295152,75.83790531011064,2,75.83790531011064,0,-67.6898262934933,0.2502650875233651,0.0,1721520000,2.286575030553244,2024-07-21T00:00:00+00:00,9932.310173706506
9856.297225167125,9856.547490254648,1.3173294383837852,9930.002328555312,381.57259356000003,75.83790531011064,2,75.83790531011064,0,-67.6146044352412,0.2502650875233651,0.0,1721606400,-2.3830670094467834,2024-07-22T00:00:00+00:00,9932.38539556476
9856.41098202509,9856.661247112614,1.1793334506250308,9943.888256773278,367.8004222,75.83790531011064,2,75.83790531011064,0,-67.50084757727605,0.2502650875233651,0.0,1721692800,11.389104350553238,2024-07-23T00:00:00+00:00,9932.499152422724
9856.524738883056,9856.775003970579,1.2337763788315192,9938.409904791242,373.39253103999994,75.83790531011064,2,75.83790531011064,0,-67.38709071931088,0.2502650875233651,0.0,1721779200,5.796995510553266,2024-07-24T00:00:00+00:00,9932.61290928069
9856.63668179581,9856.886946883333,1.128807828505507,9948.972427503997,362.94195124,75.83790531011064,2,75.83790531011064,0,-67.27514780655673,0.2502650875233651,0.0,1721865600,16.247575310553252,2024-07-25T00:00:00+00:00,9932.724852193443
9856.73888014922,9856.989145236743,1.008492671004535,9961.079211677406,350.93736542,75.83790531011064,2,75.83790531011064,0,-67.17294945314653,0.2502650875233651,0.0,1721952000,28.25216113055324,2024-07-26T00:00:00+00:00,9932.827050546854
9856.849231521093,9857.099496608616,1.1408641605799463,9947.759251929281,364.36767654,75.83790531011064,2,75.83790531011064,0,-67.06259808127346,0.2502650875233651,0.0,1722038400,14.821850010553272,2024-07-27T00:00:00+00:00,9932.937401918727
9856.876713784624,9857.126978872147,1.140247550419915,9947.821298692812,364.33311204,75.83790531011064,2,75.83790531011064,0,-67.03511581774134,0.2502650875233651,0.0,1722124800,14.85641451055324,2024-07-28T00:00:00+00:00,9932.964884182258
9856.99047064259,9857.240735730113,1.1016207785518484,9951.708140550776,360.56002704,75.83790531011064,2,75.83790531011064,0,-66.92135895977616,0.2502650875233651,0.0,1722211200,18.629499510553238,2024-07-29T00:00:00+00:00,9933.078641040223
9857.055873018062,9857.306138105585,1.201592023232645,9941.64847468625,370.68509528,75.83790531011064,2,75.83790531011064,0,-66.85595658430493,0.2502650875233651,0.0,1722297600,8.504431270553226,2024-07-30T00:00:00+00:00,9933.144043415696
9857.148668206613,9857.398933294136,1.0907607523681695,9952.8009371348,359.62542802,75.83790531011064,2,75.83790531011064,0,-66.76316139575309,0.2502650875233651,0.0,1722384000,19.564098530553224,2024-07-31T00:00:00+00:00,9933.236838604247
9857.262425064579,9857.512690152102,1.0251896378522085,9959.399069472765,353.14105254000003,75.83790531011064,2,75.83790531011064,0,-66.64940453778794,0.2502650875233651,0.0,1722470400,26.048474010553228,2024-08-01T00:00:00+00:00,9933.350595462212
9857.321996646398,9857.572261733922,0.990904817563254,9962.848999874586,349.75069372,75.83790531011064,2,75.83790531011064,0,-66.58983295596798,0.2502650875233651,0.0,1722556800,29.438832830553242,2024-08-02T00:00:00+00:00,9933.410167044032
9857.370595787694,9857.620860875217,0.7551440275673005,9986.572569375881,326.07572336,75.83790531011064,2,75.83790531011064,0,-66.54123381467336,0.2502650875233651,0.0,1722643200,53.11380319055324,2024-08-03T00:00:00+00:00,9933.458766185327
9857.453582902814,9857.703847990337,0.7145160962581887,9990.660779091,322.07050076,75.83790531011064,2,75.83790531011064,0,-66.45824669955287,0.2502650875233651,0.0,1722729600,57.11902579055322,2024-08-04T00:00:00+00:00,9933.541753300447
9857.488345447207,9857.73861053473,0.5941382275647333,10002.773873615395,309.99216878000004,75.83790531011064,2,75.83790531011064,0,-66.42348415515876,0.2502650875233651,0.0,1722816000,69.19735777055324,2024-08-05T00:00:00+00:00,9933.576515844841
9925.12447183228,9925.274256108592,0.26347336370073915,10036.047221909012,161.56208204,45.38917464006979,2,45.38917464006979,0,-29.33656925133849,0.1497842763122303,0.0,1722902400,65.38379116034892,2024-08-06T00:00:00+00:00,9970.663430748662
9925.137144975173,9925.286929251486,0.3630889202703158,10026.023347371905,171.59862972,45.38917464006979,2,45.38917464006979,0,-29.3238961084436,0.1497842763122303,0.0,1722988800,55.347243480348936,2024-08-07T00:00:00+00:00,9970.676103891556
9925.133358670037,9925.28314294635,0.32808599049974907,10029.545537966767,168.07265282,45.38917464006979,2,45.38917464006979,0,-29.327682413580256,0.1497842763122303,0.0,1723075200,58.873220380348926,2024-08-08T00:00:00+00:00,9970.672317586419
9925.122687700925,9925.272471977238,0.6267329664582211,9999.494008657657,198.11351116,45.38917464006979,2,45.38917464006979,0,-29.338353382691928,0.1497842763122303,0.0,1723161600,28.832362040348933,2024-08-09T00:00:00+00:00,9970.661646617307
9925.138862270469,9925.288646546782,0.61980950809295,10000.1906857672,197.43300862,45.38917464006979,2,45.38917464006979,0,-29.322178813148277,0.1497842763122303,0.0,1723248000,29.512864580348925,2024-08-10T00:00:00+00:00,9970.677821186851
9940.072395431287,9940.172871476987,0.6816286397677618,9993.970098930762,128.886492,30.4472865756292,1,30.4472865756292,0,-29.379841947384143,0.10047604569957636,0.0,1723334400,23.34994087814597,2024-08-11T00:00:00+00:00,9970.620158052616
9940.093668950418,9940.194144996118,0.6514545518167658,9997.006384449893,125.87148,30.4472865756292,1,30.4472865756292,0,-29.358568428253754,0.10047604569957636,0.0,1723420800,26.36495287814597,2024-08-12T00:00:00+00:00,9970.641431571747
9940.092239450312,9940.192715496012,0.6881363676318308,9993.315254949786,129.56118,30.4472865756292,1,30.4472865756292,0,-29.35999792835848,0.10047604569957636,0.0,1723507200,22.67525287814597,2024-08-13T00:00:00+00:00,9970.640002071641
9940.119144195096,9940.219620240796,0.7283081281185488,9989.272947694571,133.630392,30.4472865756292,1,30.4472865756292,0,-29.333093183575926,0.10047604569957636,0.0,1723593600,18.60604087814597,2024-08-14T00:00:00+00:00,9970.666906816425
9940.15176085084,9940.25223689654,0.7411843288405051,9987.977272350316,134.958684,30.4472865756292,1,30.4472865756292,0,-29.300476527831783,0.10047604569957636,0.0,1723680000,17.277748878145964,2024-08-15T00:00:00+00:00,9970.699523472169
9940.155466285616,9940.255942331316,0.7681767714303289,9985.261141785091,137.67852,30.4472865756292,1,30.4472865756292,0,-29.296771093055526,0.10047604569957636,0.0,1723766400,14.55791287814598,2024-08-16T00:00:00+00:00,9970.703228906945
9940.164425399691,9940.264901445391,0.7923931242740601,9982.824356899166,140.12426399999998,30.4472865756292,1,30.4472865756292,0,-29.28781197898065,0.10047604569957636,0.0,1723852800,12.112168878145988,2024-08-17T00:00:00+00:00,9970.71218802102
9940.164090479539,9940.264566525238,0.8148160768618795,9980.568033979012,142.380252,30.4472865756292,1,30.4472865756292,0,-29.288146899132983,0.10047604569957636,0.0,1723939200,9.856180878145972,2024-08-18T00:00:00+00:00,9970.711853100867
9940.156583701033,9940.257059746733,0.788699528170933,9983.196027200507,139.744752,30.4472865756292,1,30.4472865756292,0,-29.2956536776382,0.10047604569957636,0.0,1724025600,12.491680878145972,2024-08-19T00:00:00+00:00,9970.704346322362
9940.19485289553,9940.29532894123,0.7881096862408232,9983.255380395005,139.723668,30.4472865756292,1,30.4472865756292,0,-29.257384483141294,0.10047604569957636,0.0,1724112000,12.512764878145983,2024-08-20T00:00:00+00:00,9970.74261551686
9940.223642327352,9940.324118373052,0.7484320925111754,9987.247961826826,135.759876,30.4472865756292,1,30.4472865756292,0,-29.228595051319708,0.10047604569957636,0.0,1724198400,16.476556878145974,2024-08-21T00:00:00+00:00,9970.77140494868
9940.260552050502,9940.361028096202,0.7447128228024624,9987.622215549976,135.42253200000002,30.4472865756292,1,30.4472865756292,0,-29.191685328168397,0.10047604569957636,0.0,1724284800,16.81390087814597,2024-08-22T00:00:00+00:00,9970.80831467183
9940.276963137967,9940.377439183667,0.7336542139056212,9988.734994637442,134.326164,30.4472865756292,1,30.4472865756292,0,-29.175274240704134,0.10047604569957636,0.0,1724371200,17.910268878145974,2024-08-23T00:00:00+00:00,9970.824725759296
9940.29851524977,9940.39899129547,0.7828889234695602,9983.780722749245,139.301988,30.4472865756292,1,30.4472865756292,0,-29.153722128901578,0.10047604569957636,0.0,1724457600,12.93444487814599,2024-08-24T00:00:00+00:00,9970.846277871098
9940.319027586736,9940.419503632436,0.7925329476769827,9982.810287086211,140.29293600000003,30.4472865756292,1,30.4472865756292,0,-29.133209791935577,0.10047604569957636,0.0,1724544000,11.943496878145963,2024-08-25T00:00:00+00:00,9970.866790208065
9940.333031816197,9940.433507861897,0.7557261663449832,9986.51399131567,136.603236,30.4472865756292,1,30.4472865756292,0,-29.119205562475116,0.10047604569957636,0.0,1724630400,15.633196878145963,2024-08-26T00:00:00+00:00,9970.880794437526
9940.338542775065,9940.439018820765,0.7175370853009455,9990.35679027454,132.765948,30.4472865756292,1,30.4472865756292,0,-29.113694603604927,0.10047604569957636,0.0,1724716800,19.470484878145978,2024-08-27T00:00:00+00:00,9970.886305396394
9940.347520157513,9940.447996203213,0.6623416904752766,9995.910859656988,127.22085600000001,30.4472865756292,1,30.4472865756292,0,-29.104717221158104,0.10047604569957636,0.0,1724803200,25.015576878145968,2024-08-28T00:00:00+00:00,9970.895282778842
9940.342440027747,9940.442916073447,0.6923548512829392,9992.890767527222,130.235868,30.4472865756292,1,30.4472865756292,0,-29.109797350923245,0.10047604569957636,0.0,1724889600,22.00056487814597,2024-08-29T00:00:00+00:00,9970.890202649076
9940.356693924958,9940.457169970658,0.7062516547620912,9991.492393424433,131.648496,30.4472865756292,1,30.4472865756292,0,-29.095543453712864,0.10047604569957636,0.0,1724976000,20.58793687814598,2024-08-30T00:00:00+00:00,9970.904456546286
9940.364305746602,9940.464781792301,0.7570916049409737,9986.376593246076,136.77190800000002,30.4472865756292,1,30.4472865756292,0,-29.08793163206896,0.10047604569957636,0.0,1725062400,15.464524878145966,2024-08-31T00:00:00+00:00,9970.91206836793
9940.342309104415,9940.442785150115,0.7581483206145045,9986.27026060389,136.856244,30.4472865756292,1,30.4472865756292,0,-29.109928274255523,0.10047604569957636,0.0,1725148800,15.380188878145983,2024-09-01T00:00:00+00:00,9970.890071725744
9940.36661212856,9940.46708817426,0.7289917719501049,9989.204155628035,133.946652,30.4472865756292,1,30.4472865756292,0,-29.08562525011085,0.10047604569957636,0.0,1725235200,18.289780878145972,2024-09-02T00:00:00+00:00,9970.91437474989
9940.373263338313,9940.473739384013,0.7664313998407835,9985.436770837789,137.720688,30.4472865756292,1,30.4472865756292,0,-29.07897404035841,0.10047604569957636,0.0,1725321600,14.51574487814599,2024-09-03T00:00:00+00:00,9970.921025959642
9940.38519106283,9940.485667108529,0.7457790027231126,9987.514930562304,135.654456,30.4472865756292,1,30.4472865756292,0,-29.067046315842404,0.10047604569957636,0.0,1725408000,16.58197687814597,2024-09-04T00:00:00+00:00,9970.932953684158
9940.397630301759,9940.498106347459,0.7670273619042711,9985.376801801234,137.805024,30.4472865756292,1,30.4472865756292,0,-29.05460707691193,0.10047604569957636,0.0,1725494400,14.431408878145977,2024-09-05T00:00:00+00:00,9970.945392923088
9940.410504936888,9940.510980982588,0.7807283430566914,9983.998132436363,139.19656799999998,30.4472865756292,1,30.4472865756292,0,-29.041732441783424,0.10047604569957636,0.0,1725580800,13.039864878145984,2024-09-06T00:00:00+00:00,9970.958267558217
9940.40281090757,9940.50328695327,0.7173174579511166,9990.378890407044,132.808116,30.4472865756292,1,30.4472865756292,0,-29.049426471101086,0.10047604569957636,0.0,1725667200,19.42831687814597,2024-09-07T00:00:00+00:00,9970.950573528899
9940.396949804905,9940.497425850604,0.6970513723640326,9992.41817730438,130.762968,30.4472865756292,1,30.4472865756292,0,-29.055287573766897,0.10047604569957636,0.0,1725753600,21.47346487814597,2024-09-08T00:00:00+00:00,9970.944712426233
9940.442620734768,9940.543096780468,0.6729207030500395,9994.846340234242,128.38047600000002,30.4472865756292,1,30.4472865756292,0,-29.00961664390345,0.10047604569957636,0.0,1725840000,23.855956878145975,2024-09-09T00:00:00+00:00,9970.990383356097
9940.465039071874,9940.565515117574,0.6829648441493807,9993.835642571348,129.41359200000002,30.4472865756292,1,30.4472865756292,0,-28.987198306797815,0.10047604569957636,0.0,1725926400,22.82284087814597,2024-09-10T00:00:00+00:00,9971.012801693203
9940.484073193076,9940.584549238776,0.6852900366757786,9993.60166869255,129.66660000000002,30.4472865756292,1,30.4472865756292,0,-28.968164185595064,0.10047604569957636,0.0,1726012800,22.569832878145977,2024-09-11T00:00:00+00:00,9971.031835814405
9940.504877823993,9940.605353869692,0.6982836232870993,9992.294181323467,130.99489200000002,30.4472865756292,1,30.4472865756292,0,-28.94735955467793,0.10047604569957636,0.0,1726099200,21.24154087814597,2024-09-12T00:00:00+00:00,9971.052640445321
9940.530930044752,9940.631406090451,0.7122727062360834,9990.886521544226,132.428604,30.4472865756292,1,30.4472865756292,0,-28.9213073339195,0.10047604569957636,0.0,1726185600,19.80782887814597,2024-09-13T00:00:00+00:00,9971.07869266608
9940.549676439095,9940.650152484795,0.7554589517938082,9986.54087993857,136.792992,30.4472865756292,1,30.4472865756292,0,-28.902560939574883,0.10047604569957636,0.0,1726272000,15.443440878145985,2024-09-14T00:00:00+00:00,9971.097439060424
9940.563651743634,9940.664127789334,0.7758539290239397,9984.488623243109,138.859224,30.4472865756292,1,30.4472865756292,0,-28.88858563503667,0.10047604569957636,0.0,1726358400,13.377208878145977,2024-09-15T00:00:00+00:00,9971.111414364963
9940.580534764042,9940.681010809742,0.7201609109193208,9990.092766263517,133.271964,30.4472865756292,1,30.4472865756292,0,-28.87170261463048,0.10047604569957636,0.0,1726444800,18.964468878145972,2024-09-16T00:00:00+00:00,9971.12829738537
9940.585048574276,9940.685524619976,0.7067061847571887,9991.446656073751,131.922588,30.4472865756292,1,30.4472865756292,0,-28.867188804395646,0.10047604569957636,0.0,1726531200,20.313844878145975,2024-09-17T00:00:00+00:00,9971.132811195605
9940.587026125539,9940.687502171239,0.7307823899839194,9989.023973625013,134.347248,30.4472865756292,1,30.4472865756292,0,-28.865211253132557,0.10047604569957636,0.0,1726617600,17.88918487814598,2024-09-18T00:00:00+00:00,9971.134788746867
9940.608896411486,9940.709372457186,0.7531942002166225,9986.76877191096,136.62432,30.4472865756292,1,30.4472865756292,0,-28.843340967185284,0.10047604569957636,0.0,1726704000,15.61211287814598,2024-09-19T00:00:00+00:00,9971.156659032815
9940.65456734135,9940.75504338705,0.7648930237964424,9985.591570840825,137.847192,30.4472865756292,1,30.4472865756292,0,-28.797670037321836,0.10047604569957636,0.0,1726790400,14.389240878145985,2024-09-20T00:00:00+00:00,9971.202329962678
9940.689864880676,9940.790340926376,0.7624469508850207,9985.837708380152,137.63635200000002,30.4472865756292,1,30.4472865756292,0,-28.76237249799471,0.10047604569957636,0.0,1726876800,14.600080878145974,2024-09-21T00:00:00+00:00,9971.237627502005
9940.709393770287,9940.809869815987,0.7943108434348423,9982.631385269762,140.86220400000002,30.4472865756292,1,30.4472865756292,0,-28.7428436083851,0.10047604569957636,0.0,1726963200,11.37422887814597,2024-09-22T00:00:00+00:00,9971.257156391615
9940.718566015366,9940.819042061066,0.8325635344990201,9978.782185514841,144.720576,30.4472865756292,1,30.4472865756292,0,-28.733671363304197,0.10047604569957636,0.0,1727049600,7.515856878145974,2024-09-23T00:00:00+00:00,9971.266328636695
9940.756092296071,9940.856568341771,0.796151582625737,9982.446159795545,141.094128,30.4472865756292,1,30.4472865756292,0,-28.696145082599735,0.10047604569957636,0.0,1727136000,11.142304878145971,2024-09-24T00:00:00+00:00,9971.3038549174
9940.801763225934,9940.902239271634,0.7904594827541689,9983.01893072541,140.567028,30.4472865756292,1,30.4472865756292,0,-28.650474152736287,0.10047604569957636,0.0,1727222400,11.669404878145972,2024-09-25T00:00:00+00:00,9971.349525847263
9940.847071833088,9940.947547878788,0.7870758047642368,9983.359415332563,140.271852,30.4472865756292,1,30.4472865756292,0,-28.605165545583098,0.10047604569957636,0.0,1727308800,11.964580878145973,2024-09-26T00:00:00+00:00,9971.394834454417
9940.89112448967,9940.99160053537,0.8283343274156585,9979.207751989145,144.467568,30.4472865756292,1,30.4472865756292,0,-28.561112889001144,0.10047604569957636,0.0,1727395200,7.768864878145983,2024-09-27T00:00:00+00:00,9971.438887110999
9940.936795419533,9941.037271465233,0.8813104030427676,9973.877002919007,149.843988,30.4472865756292,1,30.4472865756292,0,-28.515441959137704,0.10047604569957636,0.0,1727481600,2.3924448781459895,2024-09-28T00:00:00+00:00,9971.484558040862
9940.982466349396,9941.082942395096,0.8571797337287634,9976.305165848871,147.461496,30.4472865756292,1,30.4472865756292,0,-28.469771029274256,0.10047604569957636,0.0,1727568000,4.77493687814598,2024-09-29T00:00:00+00:00,9971.530228970725
9941.02813727926,9941.12861332496,0.8426874075324053,9977.763464778734,146.048868,30.4472865756292,1,30.4472865756292,0,-28.424100099410815,0.10047604569957636,0.0,1727654400,6.1875648781459835,2024-09-30T00:00:00+00:00,9971.575899900588
9941.06846471033,9941.16894075603,0.7903233992403114,9983.032624209805,140.82003600000002,30.4472865756292,1,30.4472865756292,0,-28.383772668341393,0.10047604569957636,0.0,1727740800,11.416396878145962,2024-10-01T00:00:00+00:00,9971.616227331659
9915.110045294285,9915.295748702607,0.775195444518717,9984.554883637491,257.09992557,56.273760097851955,2,56.273760097851955,0,-28.43049119954098,0.18570340832291143,0.0,1727827200,12.98537483703221,2024-10-02T00:00:00+00:00,9971.56950880046
9915.110960303893,9915.296663712215,0.777603955724504,9984.3125257671,254.83258869,56.273760097851955,2,56.273760097851955,0,-28.42957618993198,0.18570340832291143,0.0,1727913600,12.742101957032187,2024-10-03T00:00:00+00:00,9971.570423810068
9915.105599368644,9915.291302776966,0.7912242401146852,9982.941976561851,255.74447242000002,56.273760097851955,2,56.273760097851955,0,-28.434937125180625,0.18570340832291143,0.0,1728000000,11.376913687032195,2024-10-04T00:00:00+00:00,9971.565062874819
9915.141031399558,9915.32673480788,0.7575289801814433,9986.332582102765,265.25617393000005,56.273760097851955,2,56.273760097851955,0,-28.399505094266573,0.18570340832291143,0.0,1728086400,14.7320871970322,2024-10-05T00:00:00+00:00,9971.600494905733
9915.129211520067,9915.314914928389,0.7734578799580394,9984.729727103273,269.35781881,56.273760097851955,2,56.273760097851955,0,-28.4113249737581,0.18570340832291143,0.0,1728172800,13.141052077032208,2024-10-06T00:00:00+00:00,9971.588675026242
9915.109986804098,9915.29569021242,0.768954738394656,9985.182858397306,273.03494281999997,56.273760097851955,2,56.273760097851955,0,-28.43054968972674,0.18570340832291143,0.0,1728259200,13.613408087032203,2024-10-07T00:00:00+00:00,9971.569450310273
9915.109987698968,9915.29569110729,0.7433961258556776,9987.754708962175,266.03465649,56.273760097851955,2,56.273760097851955,0,-28.430548794857657,0.18570340832291143,0.0,1728345600,16.185257757032186,2024-10-08T00:00:00+00:00,9971.569451205143
9915.11400783625,9915.299711244572,0.7711227952427069,9984.964696389457,267.12007978,56.273760097851955,2,56.273760097851955,0,-28.426528657574785,0.18570340832291143,0.0,1728432000,13.39122504703218,2024-10-09T00:00:00+00:00,9971.573471342424
9915.119654821958,9915.30535823028,0.7826349936795318,9983.806274585164,261.27536299,56.273760097851955,2,56.273760097851955,0,-28.420881671868063,0.18570340832291143,0.0,1728518400,12.22715625703218,2024-10-10T00:00:00+00:00,9971.579118328133
9915.116332528061,9915.302035936384,0.6745754494877243,9994.67983039127,270.97153709,56.273760097851955,2,56.273760097851955,0,-28.424203965763983,0.18570340832291143,0.0,1728604800,23.104034357032187,2024-10-11T00:00:00+00:00,9971.575796034236
9915.105341899734,9915.291045308057,0.6999450341083402,9992.12700087294,273.8272022,56.273760097851955,2,56.273760097851955,0,-28.435194594090138,0.18570340832291143,0.0,1728691200,20.56219546703219,2024-10-12T00:00:00+00:00,9971.56480540591
9915.083191393542,9915.268894801864,0.7320417452175931,9988.897250256749,273.23401808999995,56.273760097851955,2,56.273760097851955,0,-28.457345100282744,0.18570340832291143,0.0,1728777600,17.354595357032206,2024-10-13T00:00:00+00:00,9971.542654899717
9915.087806373043,9915.273509781366,0.7541574592742406,9986.67184339625,265.14264425,56.273760097851955,2,56.273760097851955,0,-28.45273012078236,0.18570340832291143,0.0,1728864000,15.124573517032214,2024-10-14T00:00:00+00:00,9971.547269879218
9915.094737592623,9915.280441000945,0.7109661351484942,9991.01799603583,278.16847367,56.273760097851955,2,56.273760097851955,0,-28.445798901202245,0.18570340832291143,0.0,1728950400,19.4637949370322,2024-10-15T00:00:00+00:00,9971.554201098797
9915.101668812204,9915.287372220526,0.8435693730435956,9977.67471647541,281.68546289000005,56.273760097851955,2,56.273760097851955,0,-28.43886768162214,0.18570340832291143,0.0,1729036800,6.1135841570322,2024-10-16T00:00:00+00:00,9971.561132318378
9945.48126563629,9945.566492998914,0.9277568173186035,9969.203304900022,126.94270599000001,25.826473522222756,1,25.826473522222756,0,-28.60703347886333,0.08522736262333509,0.0,1729123200,-2.189661621113783,2024-10-17T00:00:00+00:00,9971.392966521136
9959.053113421442,9959.053113421442,1.0286276901216862,9959.053113421442,0.0,0.0,0,0.0,0,-40.94688657855755,0.0,0.0,1729209600,0.0,2024-10-18T00:00:00+00:00,9959.053113421442
9922.149023648519,9922.269990978197,0.8744038958906075,9974.571974302664,198.92904959999998,36.656766568883114,1,36.656766568883114,0,-41.073242452920496,0.12096732967731429,0.0,1729296000,15.64521675558442,2024-10-19T00:00:00+00:00,9958.92675754708
9922.094038498664,9922.215005828342,0.7989790485996684,9982.161644352811,206.5737048,36.656766568883114,1,36.656766568883114,0,-41.12822760277382,0.12096732967731429,0.0,1729382400,23.289871955584434,2024-10-20T00:00:00+00:00,9958.871772397226
9922.039053348812,9922.16002067849,0.8254058079155802,9979.502436002958,203.9694816,36.656766568883114,1,36.656766568883114,0,-41.18321275262714,0.12096732967731429,0.0,1729468800,20.685648755584424,2024-10-21T00:00:00+00:00,9958.816787247373
9921.984068198957,9922.105035528635,0.9553538723073407,9966.426334853104,190.94836560000002,36.656766568883114,1,36.656766568883114,0,-41.238197902480465,0.12096732967731429,0.0,1729555200,7.664532755584442,2024-10-22T00:00:00+00:00,9958.761802097519
9921.929083049105,9922.050050378783,0.9291851298508624,9969.05958010325,193.636596,36.656766568883114,1,36.656766568883114,0,-41.293183052333795,0.12096732967731429,0.0,1729641600,10.352763155584444,2024-10-23T00:00:00+00:00,9958.706816947666
9862.925631614855,9863.239863003684,0.9441107840031382,9967.55767729049,485.20434620000003,95.22163297829873,2,95.22163297829873,0,-41.53850401801772,0.31423138882838586,0.0,1729728000,9.096181308506328,2024-10-24T00:00:00+00:00,9958.461495981983
9862.782799165387,9863.097030554216,0.9653555823446847,9965.419906841022,483.2094082,95.22163297829873,2,95.22163297829873,0,-41.68133646748517,0.31423138882838586,0.0,1729814400,7.101243308506312,2024-10-25T00:00:00+00:00,9958.318663532515
9887.204978749118,9887.398242808269,1.2201603361642333,9939.780027170606,286.64124999999996,58.564866409415615,1,58.564866409415615,0,-54.03689078231672,0.19326405915107156,0.0,1729900800,-6.183082047078116,2024-10-26T00:00:00+00:00,9945.963109217684
9887.124311502124,9887.317575561276,1.17173197349556,9944.653159923613,291.59504999999996,58.564866409415615,1,58.564866409415615,0,-54.11755802930905,0.19326405915107156,0.0,1729987200,-1.2292820470781338,2024-10-27T00:00:00+00:00,9945.88244197069
9887.03646420251,9887.229728261662,1.1427119937022834,9947.573312624,294.60305,58.564866409415615,1,58.564866409415615,0,-54.20540532892317,0.19326405915107156,0.0,1730073600,1.7787179529219088,2024-10-28T00:00:00+00:00,9945.794594671077
9886.948616902897,9887.141880962048,1.0740721235091066,9954.480240324385,301.597825,58.564866409415615,1,58.564866409415615,0,-54.293252628537296,0.19326405915107156,0.0,1730160000,8.77349295292188,2024-10-29T00:00:00+00:00,9945.706747371463
9886.860769603281,9887.054033662433,0.9903106034285458,9962.90879302477,310.114225,58.564866409415615,1,58.564866409415615,0,-54.38109992815142,0.19326405915107156,0.0,1730246400,17.28989295292188,2024-10-30T00:00:00+00:00,9945.618900071848
9886.772922303668,9886.966186362819,0.9669889750986149,9965.255545725156,312.54882499999997,58.564866409415615,1,58.564866409415615,0,-54.46894722776555,0.19326405915107156,0.0,1730332800,19.724492952921857,2024-10-31T00:00:00+00:00,9945.531052772234
9886.685075004054,9886.878339063205,1.1325887162883852,9948.591973425542,295.9731,58.564866409415615,1,58.564866409415615,0,-54.556794527379665,0.19326405915107156,0.0,1730419200,3.1487679529218915,2024-11-01T00:00:00+00:00,9945.44320547262
9886.59722770444,9886.790491763591,1.1422311170179889,9947.621701125929,295.090675,58.564866409415615,1,58.564866409415615,0,-54.64464182699379,0.19326405915107156,0.0,1730505600,2.266342952921866,2024-11-02T00:00:00+00:00,9945.355358173007
9886.509380404827,9886.702644463978,1.1639007759591813,9945.441178826315,292.998,58.564866409415615,1,58.564866409415615,0,-54.732489126607916,0.19326405915107156,0.0,1730592000,0.17366795292187248,2024-11-03T00:00:00+00:00,9945.267510873393
9886.421533105211,9886.614797164362,1.2074997464745274,9941.0540065267,288.69867500000004,58.564866409415615,1,58.564866409415615,0,-54.820336426222035,0.19326405915107156,0.0,1730678400,-4.125657047078091,2024-11-04T00:00:00+00:00,9945.179663573777
9886.333685805597,9886.526949864749,1.2774302386084235,9934.017209227086,281.74972499999996,58.564866409415615,1,58.564866409415615,0,-54.90818372583616,0.19326405915107156,0.0,1730764800,-11.074607047078128,2024-11-05T00:00:00+00:00,9945.091816274164
9886.245838505984,9886.439102565135,1.250582171463066,9936.718811927472,284.539175,58.564866409415615,1,58.564866409415615,0,-54.996031025450286,0.19326405915107156,0.0,1730851200,-8.285157047078101,2024-11-06T00:00:00+00:00,9945.00396897455
9804.446231830087,9804.82687317058,1.2047240800400316,9941.333309610016,609.996614,115.34586075559872,2,115.34586075559872,0,-79.82726607382257,0.38064134049347587,0.0,1730937600,21.160575683837408,2024-11-07T00:00:00+00:00,9920.172733926178
9856.88535482311,9857.169281894003,1.0727170357858418,9954.616596831265,466.33049120000004,86.03850633114224,2,86.03850633114224,0,-56.79221177485482,0.28392707089276936,0.0,1731024000,11.408808606119905,2024-11-08T00:00:00+00:00,9943.207788225145
9833.712206355816,9833.990781389408,1.1708616462953403,9944.740737114984,451.1732395,84.41667684586126,2,84.41667684586126,0,-81.59254176472955,0.27857503359134217,0.0,1731110400,26.33327887971507,2024-11-09T00:00:00+00:00,9918.40745823527
9867.625318917979,9867.72186870753,1.274472705348717,9934.314812767692,183.622992,29.257511984959127,1,29.257511984959127,0,-103.02061930751233,0.09654978955036511,0.0,1731196800,37.33543207520437,2024-11-10T00:00:00+00:00,9896.979380692488
9941.004778000752,9941.004778000752,1.2079889711743341,9941.004778000752,0.0,0.0,0,0.0,0,-58.995221999248564,0.0,0.0,1731283200,0.0,2024-11-11T00:00:00+00:00,9941.004778000752
9941.004778000752,9941.004778000752,1.2079889711743341,9941.004778000752,0.0,0.0,0,0.0,0,-58.995221999248564,0.0,0.0,1731369600,0.0,2024-11-12T00:00:00+00:00,9941.004778000752
9941.004778000752,9941.004778000752,1.2079889711743341,9941.004778000752,0.0,0.0,0,0.0,0,-58.995221999248564,0.0,0.0,1731456000,0.0,2024-11-13T00:00:00+00:00,9941.004778000752
9941.004778000752,9941.004778000752,1.2079889711743341,9941.004778000752,0.0,0.0,0,0.0,0,-58.995221999248564,0.0,0.0,1731542400,0.0,2024-11-14T00:00:00+00:00,9941.004778000752
9941.004778000752,9941.004778000752,1.2079889711743341,9941.004778000752,0.0,0.0,0,0.0,0,-58.995221999248564,0.0,0.0,1731628800,0.0,2024-11-15T00:00:00+00:00,9941.004778000752
9941.004778000752,9941.004778000752,1.2079889711743341,9941.004778000752,0.0,0.0,0,0.0,0,-58.995221999248564,0.0,0.0,1731715200,0.0,2024-11-16T00:00:00+00:00,9941.004778000752
9941.004778000752,9941.004778000752,1.2079889711743341,9941.004778000752,0.0,0.0,0,0.0,0,-58.995221999248564,0.0,0.0,1731801600,0.0,2024-11-17T00:00:00+00:00,9941.004778000752
9941.004778000752,9941.004778000752,1.2079889711743341,9941.004778000752,0.0,0.0,0,0.0,0,-58.995221999248564,0.0,0.0,1731888000,0.0,2024-11-18T00:00:00+00:00,9941.004778000752
9941.004778000752,9941.004778000752,1.2079889711743341,9941.004778000752,0.0,0.0,0,0.0,0,-58.995221999248564,0.0,0.0,1731974400,0.0,2024-11-19T00:00:00+00:00,9941.004778000752
9941.004778000752,9941.004778000752,1.2079889711743341,9941.004778000752,0.0,0.0,0,0.0,0,-58.995221999248564,0.0,0.0,1732060800,0.0,2024-11-20T00:00:00+00:00,9941.004778000752
9941.004778000752,9941.004778000752,1.2079889711743341,9941.004778000752,0.0,0.0,0,0.0,0,-58.995221999248564,0.0,0.0,1732147200,0.0,2024-11-21T00:00:00+00:00,9941.004778000752
9941.004778000752,9941.004778000752,1.2079889711743341,9941.004778000752,0.0,0.0,0,0.0,0,-58.995221999248564,0.0,0.0,1732233600,0.0,2024-11-22T00:00:00+00:00,9941.004778000752
9941.004778000752,9941.004778000752,1.2079889711743341,9941.004778000752,0.0,0.0,0,0.0,0,-58.995221999248564,0.0,0.0,1732320000,0.0,2024-11-23T00:00:00+00:00,9941.004778000752
9941.004778000752,9941.004778000752,1.2079889711743341,9941.004778000752,0.0,0.0,0,0.0,0,-58.995221999248564,0.0,0.0,1732406400,0.0,2024-11-24T00:00:00+00:00,9941.004778000752
9941.004778000752,9941.004778000752,1.2079889711743341,9941.004778000752,0.0,0.0,0,0.0,0,-58.995221999248564,0.0,0.0,1732492800,0.0,2024-11-25T00:00:00+00:00,9941.004778000752
9941.004778000752,9941.004778000752,1.2079889711743341,9941.004778000752,0.0,0.0,0,0.0,0,-58.995221999248564,0.0,0.0,1732579200,0.0,2024-11-26T00:00:00+00:00,9941.004778000752
9941.004778000752,9941.004778000752,1.2079889711743341,9941.004778000752,0.0,0.0,0,0.0,0,-58.995221999248564,0.0,0.0,1732665600,0.0,2024-11-27T00:00:00+00:00,9941.004778000752
9941.004778000752,9941.004778000752,1.2079889711743341,9941.004778000752,0.0,0.0,0,0.0,0,-58.995221999248564,0.0,0.0,1732752000,0.0,2024-11-28T00:00:00+00:00,9941.004778000752
9941.004778000752,9941.004778000752,1.2079889711743341,9941.004778000752,0.0,0.0,0,0.0,0,-58.995221999248564,0.0,0.0,1732838400,0.0,2024-11-29T00:00:00+00:00,9941.004778000752
9941.004778000752,9941.004778000752,1.2079889711743341,9941.004778000752,0.0,0.0,0,0.0,0,-58.995221999248564,0.0,0.0,1732924800,0.0,2024-11-30T00:00:00+00:00,9941.004778000752
9941.004778000752,9941.004778000752,1.2079889711743341,9941.004778000752,0.0,0.0,0,0.0,0,-58.995221999248564,0.0,0.0,1733011200,0.0,2024-12-01T00:00:00+00:00,9941.004778000752
9941.004778000752,9941.004778000752,1.2079889711743341,9941.004778000752,0.0,0.0,0,0.0,0,-58.995221999248564,0.0,0.0,1733097600,0.0,2024-12-02T00:00:00+00:00,9941.004778000752
9941.004778000752,9941.004778000752,1.2079889711743341,9941.004778000752,0.0,0.0,0,0.0,0,-58.995221999248564,0.0,0.0,1733184000,0.0,2024-12-03T00:00:00+00:00,9941.004778000752
9941.004778000752,9941.004778000752,1.2079889711743341,9941.004778000752,0.0,0.0,0,0.0,0,-58.995221999248564,0.0,0.0,1733270400,0.0,2024-12-04T00:00:00+00:00,9941.004778000752
9941.004778000752,9941.004778000752,1.2079889711743341,9941.004778000752,0.0,0.0,0,0.0,0,-58.995221999248564,0.0,0.0,1733356800,0.0,2024-12-05T00:00:00+00:00,9941.004778000752
9941.004778000752,9941.004778000752,1.2079889711743341,9941.004778000752,0.0,0.0,0,0.0,0,-58.995221999248564,0.0,0.0,1733443200,0.0,2024-12-06T00:00:00+00:00,9941.004778000752
9941.004778000752,9941.004778000752,1.2079889711743341,9941.004778000752,0.0,0.0,0,0.0,0,-58.995221999248564,0.0,0.0,1733529600,0.0,2024-12-07T00:00:00+00:00,9941.004778000752
9941.004778000752,9941.004778000752,1.2079889711743341,9941.004778000752,0.0,0.0,0,0.0,0,-58.995221999248564,0.0,0.0,1733616000,0.0,2024-12-08T00:00:00+00:00,9941.004778000752
9941.004778000752,9941.004778000752,1.2079889711743341,9941.004778000752,0.0,0.0,0,0.0,0,-58.995221999248564,0.0,0.0,1733702400,0.0,2024-12-09T00:00:00+00:00,9941.004778000752
9869.250905756686,9869.486152667823,1.1736944794937254,9944.455681592102,360.1173,71.28694276893,1,71.28694276893,0,-59.22690456324759,0.23524691113746904,0.0,1733788800,3.6825861553499477,2024-12-10T00:00:00+00:00,9940.773095436753
9869.143975342533,9869.37922225367,1.203297985917895,9941.47681117795,357.24536,71.28694276893,1,71.28694276893,0,-59.33383497740098,0.23524691113746904,0.0,1733875200,0.8106461553499583,2024-12-11T00:00:00+00:00,9940.6661650226
9869.037044928378,9869.272291839516,1.036119647473277,9958.299230763794,374.17471,71.28694276893,1,71.28694276893,0,-59.44076539155438,0.23524691113746904,0.0,1733961600,17.73999615534996,2024-12-12T00:00:00+00:00,9940.559234608445
9868.930114514225,9869.165361425363,1.0793133345622041,9953.952840349642,369.93525,71.28694276893,1,71.28694276893,0,-59.54769580570777,0.23524691113746904,0.0,1734048000,13.500536155349948,2024-12-13T00:00:00+00:00,9940.452304194292
9868.823184100072,9869.05843101121,1.0276735937494896,9959.14911993549,375.23846000000003,71.28694276893,1,71.28694276893,0,-59.654626219861164,0.23524691113746904,0.0,1734134400,18.80374615534996,2024-12-14T00:00:00+00:00,9940.34537378014
9868.71625368592,9868.951500597057,1.0285854931046945,9959.057359521335,375.25363,71.28694276893,1,71.28694276893,0,-59.76155663401456,0.23524691113746904,0.0,1734220800,18.81891615534993,2024-12-15T00:00:00+00:00,9940.238443365986
9868.609323271765,9868.844570182902,0.9158193552760929,9970.404519107182,386.70772000000005,71.28694276893,1,71.28694276893,0,-59.86848704816796,0.23524691113746904,0.0,1734307200,30.27300615534997,2024-12-16T00:00:00+00:00,9940.131512951832
9868.502392857612,9868.73763976875,0.8588369379195937,9976.138408693028,392.54854,71.28694276893,1,71.28694276893,0,-59.97541746232135,0.23524691113746904,0.0,1734393600,36.11382615534994,2024-12-17T00:00:00+00:00,9940.024582537679
9868.39546244346,9868.630709354597,0.8602525858546151,9975.995958278876,392.51302000000004,71.28694276893,1,71.28694276893,0,-60.08234787647475,0.23524691113746904,0.0,1734480000,36.07830615534997,2024-12-18T00:00:00+00:00,9939.917652123526
9868.30212644929,9868.537373360428,1.0794466810044034,9953.939422284708,370.54982,71.28694276893,1,71.28694276893,0,-60.175683870642104,0.23524691113746904,0.0,1734566400,14.11510615534997,2024-12-19T00:00:00+00:00,9939.824316129358
9868.34517663403,9868.580423545167,1.180106855291263,9943.810432469447,360.37778,71.28694276893,1,71.28694276893,0,-60.13263368590395,0.23524691113746904,0.0,1734652800,3.943066155349926,2024-12-20T00:00:00+00:00,9939.867366314096
9868.313457508844,9868.548704419982,1.1672621025272223,9945.102943344262,361.70201000000003,71.28694276893,1,71.28694276893,0,-60.16435281108898,0.23524691113746904,0.0,1734739200,5.267296155349959,2024-12-21T00:00:00+00:00,9939.835647188911
9868.328096282541,9868.563343193679,1.1857810613218556,9943.239462117957,359.82389,71.28694276893,1,71.28694276893,0,-60.149714037391384,0.23524691113746904,0.0,1734825600,3.389176155349937,2024-12-22T00:00:00+00:00,9939.850285962608
9868.296316563456,9868.531563474593,1.263497668195035,9935.419182398873,352.03539,71.28694276893,1,71.28694276893,0,-60.18149375647778,0.23524691113746904,0.0,1734912000,-4.3993238446500635,2024-12-23T00:00:00+00:00,9939.818506243522
9868.263823974941,9868.499070886079,1.2751346935644614,9934.248199810358,350.8969,71.28694276893,1,71.28694276893,0,-60.21398634499185,0.23524691113746904,0.0,1734998400,-5.537813844650053,2024-12-24T00:00:00+00:00,9939.786013655008
9868.180717657062,9868.4159645682,1.1365546052612752,9948.192903492478,364.92471,71.28694276893,1,71.28694276893,0,-60.29709266287187,0.23524691113746904,0.0,1735084800,8.489996155349958,2024-12-25T00:00:00+00:00,9939.702907337129
9868.073787242907,9868.309034154045,1.1090506723174576,9950.960503078324,367.79924,71.28694276893,1,71.28694276893,0,-60.404023077025265,0.23524691113746904,0.0,1735171200,11.364526155349937,2024-12-26T00:00:00+00:00,9939.595976922974
9868.030245178265,9868.265492089402,1.2441350136242924,9937.367561013682,354.24984,71.28694276893,1,71.28694276893,0,-60.44756514166853,0.23524691113746904,0.0,1735257600,-2.1848738446500633,2024-12-27T00:00:00+00:00,9939.552434858331
9868.007850385195,9868.243097296332,1.2992257174963773,9931.82402622061,348.7287,71.28694276893,1,71.28694276893,0,-60.469959934739386,0.23524691113746904,0.0,1735344000,-7.706013844650053,2024-12-28T00:00:00+00:00,9939.530040065261
9868.004984650095,9868.240231561233,1.2623077314995124,9935.538920485511,352.44646,71.28694276893,1,71.28694276893,0,-60.4728256698387,0.23524691113746904,0.0,1735430400,-3.9882538446500417,2024-12-29T00:00:00+00:00,9939.527174330162
9868.01482937689,9868.250076288028,1.3194533845372058,9929.788605212307,346.6863,71.28694276893,1,71.28694276893,0,-60.46298094304231,0.23524691113746904,0.0,1735516800,-9.748413844650052,2024-12-30T00:00:00+00:00,9939.537019056957
9868.028626964664,9868.263873875801,1.3546044060286921,9926.251512800081,343.13541000000004,71.28694276893,1,71.28694276893,0,-60.44918335526938,0.23524691113746904,0.0,1735603200,-13.299303844650042,2024-12-31T00:00:00+00:00,9939.55081664473
9867.95801724785,9868.193264158988,1.3262320986088483,9929.106493083267,346.06100000000004,71.28694276893,1,71.28694276893,0,-60.51979307208201,0.23524691113746904,0.0,1735689600,-10.373713844650053,2025-01-01T00:00:00+00:00,9939.480206927918
9867.872451530446,9868.107698441583,1.2890402258537659,9932.848947365863,349.88902,71.28694276893,1,71.28694276893,0,-60.60535878948755,0.23524691113746904,0.0,1735776000,-6.545693844650032,2025-01-02T00:00:00+00:00,9939.394641210512
9867.765521116293,9868.00076802743,1.2020057125630257,9941.606846951709,358.75385,71.28694276893,1,71.28694276893,0,-60.71228920364095,0.23524691113746904,0.0,1735862400,2.3191361553499474,2025-01-03T00:00:00+00:00,9939.28771079636
9867.684275387619,9867.919522298756,1.159442939940214,9945.889751223036,363.118,71.28694276893,1,71.28694276893,0,-60.7935349323147,0.23524691113746904,0.0,1735948800,6.683286155349948,2025-01-04T00:00:00+00:00,9939.206465067686
9867.594749680542,9867.82999659168,1.158964788298289,9945.937865515958,363.25564,71.28694276893,1,71.28694276893,0,-60.88306063939106,0.23524691113746904,0.0,1736035200,6.820926155349937,2025-01-05T00:00:00+00:00,9939.116939360609
9867.496808549871,9867.732055461009,1.153933574568955,9946.444134385289,363.85985,71.28694276893,1,71.28694276893,0,-60.9810017700613,0.23524691113746904,0.0,1736121600,7.425136155349948,2025-01-06T00:00:00+00:00,9939.018998229938
9867.406794527238,9867.642041438376,1.013432878517373,9960.582100362655,378.08783,71.28694276893,1,71.28694276893,0,-61.071015792695626,0.23524691113746904,0.0,1736208000,21.653116155349927,2025-01-07T00:00:00+00:00,9938.928984207305
9867.330218093315,9867.565465004453,1.208258426200448,9940.977663928732,358.55997,71.28694276893,1,71.28694276893,0,-61.14759222661801,0.23524691113746904,0.0,1736294400,2.125256155349969,2025-01-08T00:00:00+00:00,9938.852407773382
9867.255377496449,9867.490624407586,1.2783466644568198,9933.924993331866,351.58214,71.28694276893,1,71.28694276893,0,-61.22243282348397,0.23524691113746904,0.0,1736380800,-4.852573844650063,2025-01-09T00:00:00+00:00,9938.777567176516
9867.215421165027,9867.450668076164,1.3712018315507501,9924.581387000444,342.27849,71.28694276893,1,71.28694276893,0,-61.262389154905954,0.23524691113746904,0.0,1736467200,-14.156223844650064,2025-01-10T00:00:00+00:00,9938.737610845094
9867.16543119641,9867.400678107548,1.2916687850890618,9932.584447031826,350.33154,71.28694276893,1,71.28694276893,0,-61.31237912352267,0.23524691113746904,0.0,1736553600,-6.103173844650064,2025-01-11T00:00:00+00:00,9938.687620876477
9867.094187025807,9867.329433936944,1.2965979899920765,9932.088442861223,349.90677999999997,71.28694276893,1,71.28694276893,0,-61.38362329412594,0.23524691113746904,0.0,1736640000,-6.527933844650074,2025-01-12T00:00:00+00:00,9938.616376705873
9867.005516762045,9867.240763673182,1.2996633161376558,9931.779992597461,349.687,71.28694276893,1,71.28694276893,0,-61.47229355788907,0.23524691113746904,0.0,1736726400,-6.747713844650053,2025-01-13T00:00:00+00:00,9938.527706442112
9914.514425967673,9914.514425967673,1.4712455743701058,9914.514425967673,0.0,0.0,0,0.0,0,-85.4855740323282,0.0,0.0,1736812800,0.0,2025-01-14T00:00:00+00:00,9914.514425967673
9914.514425967673,9914.514425967673,1.4712455743701058,9914.514425967673,0.0,0.0,0,0.0,0,-85.4855740323282,0.0,0.0,1736899200,0.0,2025-01-15T00:00:00+00:00,9914.514425967673
9914.514425967673,9914.514425967673,1.4712455743701058,9914.514425967673,0.0,0.0,0,0.0,0,-85.4855740323282,0.0,0.0,1736985600,0.0,2025-01-16T00:00:00+00:00,9914.514425967673
9914.514425967673,9914.514425967673,1.4712455743701058,9914.514425967673,0.0,0.0,0,0.0,0,-85.4855740323282,0.0,0.0,1737072000,0.0,2025-01-17T00:00:00+00:00,9914.514425967673
9914.514425967673,9914.514425967673,1.4712455743701058,9914.514425967673,0.0,0.0,0,0.0,0,-85.4855740323282,0.0,0.0,1737158400,0.0,2025-01-18T00:00:00+00:00,9914.514425967673
9914.514425967673,9914.514425967673,1.4712455743701058,9914.514425967673,0.0,0.0,0,0.0,0,-85.4855740323282,0.0,0.0,1737244800,0.0,2025-01-19T00:00:00+00:00,9914.514425967673
9914.514425967673,9914.514425967673,1.4712455743701058,9914.514425967673,0.0,0.0,0,0.0,0,-85.4855740323282,0.0,0.0,1737331200,0.0,2025-01-20T00:00:00+00:00,9914.514425967673
9914.514425967673,9914.514425967673,1.4712455743701058,9914.514425967673,0.0,0.0,0,0.0,0,-85.4855740323282,0.0,0.0,1737417600,0.0,2025-01-21T00:00:00+00:00,9914.514425967673
9914.514425967673,9914.514425967673,1.4712455743701058,9914.514425967673,0.0,0.0,0,0.0,0,-85.4855740323282,0.0,0.0,1737504000,0.0,2025-01-22T00:00:00+00:00,9914.514425967673
9914.514425967673,9914.514425967673,1.4712455743701058,9914.514425967673,0.0,0.0,0,0.0,0,-85.4855740323282,0.0,0.0,1737590400,0.0,2025-01-23T00:00:00+00:00,9914.514425967673
9914.514425967673,9914.514425967673,1.4712455743701058,9914.514425967673,0.0,0.0,0,0.0,0,-85.4855740323282,0.0,0.0,1737676800,0.0,2025-01-24T00:00:00+00:00,9914.514425967673
9914.514425967673,9914.514425967673,1.4712455743701058,9914.514425967673,0.0,0.0,0,0.0,0,-85.4855740323282,0.0,0.0,1737763200,0.0,2025-01-25T00:00:00+00:00,9914.514425967673
9914.514425967673,9914.514425967673,1.4712455743701058,9914.514425967673,0.0,0.0,0,0.0,0,-85.4855740323282,0.0,0.0,1737849600,0.0,2025-01-26T00:00:00+00:00,9914.514425967673
9914.514425967673,9914.514425967673,1.4712455743701058,9914.514425967673,0.0,0.0,0,0.0,0,-85.4855740323282,0.0,0.0,1737936000,0.0,2025-01-27T00:00:00+00:00,9914.514425967673
9914.514425967673,9914.514425967673,1.4712455743701058,9914.514425967673,0.0,0.0,0,0.0,0,-85.4855740323282,0.0,0.0,1738022400,0.0,2025-01-28T00:00:00+00:00,9914.514425967673
9914.514425967673,9914.514425967673,1.4712455743701058,9914.514425967673,0.0,0.0,0,0.0,0,-85.4855740323282,0.0,0.0,1738108800,0.0,2025-01-29T00:00:00+00:00,9914.514425967673
9914.514425967673,9914.514425967673,1.4712455743701058,9914.514425967673,0.0,0.0,0,0.0,0,-85.4855740323282,0.0,0.0,1738195200,0.0,2025-01-30T00:00:00+00:00,9914.514425967673
9914.514425967673,9914.514425967673,1.4712455743701058,9914.514425967673,0.0,0.0,0,0.0,0,-85.4855740323282,0.0,0.0,1738281600,0.0,2025-01-31T00:00:00+00:00,9914.514425967673
9914.514425967673,9914.514425967673,1.4712455743701058,9914.514425967673,0.0,0.0,0,0.0,0,-85.4855740323282,0.0,0.0,1738368000,0.0,2025-02-01T00:00:00+00:00,9914.514425967673
9914.514425967673,9914.514425967673,1.4712455743701058,9914.514425967673,0.0,0.0,0,0.0,0,-85.4855740323282,0.0,0.0,1738454400,0.0,2025-02-02T00:00:00+00:00,9914.514425967673
9914.514425967673,9914.514425967673,1.4712455743701058,9914.514425967673,0.0,0.0,0,0.0,0,-85.4855740323282,0.0,0.0,1738540800,0.0,2025-02-03T00:00:00+00:00,9914.514425967673
9914.514425967673,9914.514425967673,1.4712455743701058,9914.514425967673,0.0,0.0,0,0.0,0,-85.4855740323282,0.0,0.0,1738627200,0.0,2025-02-04T00:00:00+00:00,9914.514425967673
9914.514425967673,9914.514425967673,1.4712455743701058,9914.514425967673,0.0,0.0,0,0.0,0,-85.4855740323282,0.0,0.0,1738713600,0.0,2025-02-05T00:00:00+00:00,9914.514425967673
9914.514425967673,9914.514425967673,1.4712455743701058,9914.514425967673,0.0,0.0,0,0.0,0,-85.4855740323282,0.0,0.0,1738800000,0.0,2025-02-06T00:00:00+00:00,9914.514425967673
9914.514425967673,9914.514425967673,1.4712455743701058,9914.514425967673,0.0,0.0,0,0.0,0,-85.4855740323282,0.0,0.0,1738886400,0.0,2025-02-07T00:00:00+00:00,9914.514425967673
9914.514425967673,9914.514425967673,1.4712455743701058,9914.514425967673,0.0,0.0,0,0.0,0,-85.4855740323282,0.0,0.0,1738972800,0.0,2025-02-08T00:00:00+00:00,9914.514425967673
9914.514425967673,9914.514425967673,1.4712455743701058,9914.514425967673,0.0,0.0,0,0.0,0,-85.4855740323282,0.0,0.0,1739059200,0.0,2025-02-09T00:00:00+00:00,9914.514425967673
9914.514425967673,9914.514425967673,1.4712455743701058,9914.514425967673,0.0,0.0,0,0.0,0,-85.4855740323282,0.0,0.0,1739145600,0.0,2025-02-10T00:00:00+00:00,9914.514425967673
9914.514425967673,9914.514425967673,1.4712455743701058,9914.514425967673,0.0,0.0,0,0.0,0,-85.4855740323282,0.0,0.0,1739232000,0.0,2025-02-11T00:00:00+00:00,9914.514425967673
9914.514425967673,9914.514425967673,1.4712455743701058,9914.514425967673,0.0,0.0,0,0.0,0,-85.4855740323282,0.0,0.0,1739318400,0.0,2025-02-12T00:00:00+00:00,9914.514425967673
9914.514425967673,9914.514425967673,1.4712455743701058,9914.514425967673,0.0,0.0,0,0.0,0,-85.4855740323282,0.0,0.0,1739404800,0.0,2025-02-13T00:00:00+00:00,9914.514425967673
9914.514425967673,9914.514425967673,1.4712455743701058,9914.514425967673,0.0,0.0,0,0.0,0,-85.4855740323282,0.0,0.0,1739491200,0.0,2025-02-14T00:00:00+00:00,9914.514425967673
9914.514425967673,9914.514425967673,1.4712455743701058,9914.514425967673,0.0,0.0,0,0.0,0,-85.4855740323282,0.0,0.0,1739577600,0.0,2025-02-15T00:00:00+00:00,9914.514425967673
9914.514425967673,9914.514425967673,1.4712455743701058,9914.514425967673,0.0,0.0,0,0.0,0,-85.4855740323282,0.0,0.0,1739664000,0.0,2025-02-16T00:00:00+00:00,9914.514425967673
9914.514425967673,9914.514425967673,1.4712455743701058,9914.514425967673,0.0,0.0,0,0.0,0,-85.4855740323282,0.0,0.0,1739750400,0.0,2025-02-17T00:00:00+00:00,9914.514425967673
9914.514425967673,9914.514425967673,1.4712455743701058,9914.514425967673,0.0,0.0,0,0.0,0,-85.4855740323282,0.0,0.0,1739836800,0.0,2025-02-18T00:00:00+00:00,9914.514425967673
9914.514425967673,9914.514425967673,1.4712455743701058,9914.514425967673,0.0,0.0,0,0.0,0,-85.4855740323282,0.0,0.0,1739923200,0.0,2025-02-19T00:00:00+00:00,9914.514425967673
9914.514425967673,9914.514425967673,1.4712455743701058,9914.514425967673,0.0,0.0,0,0.0,0,-85.4855740323282,0.0,0.0,1740009600,0.0,2025-02-20T00:00:00+00:00,9914.514425967673
9914.514425967673,9914.514425967673,1.4712455743701058,9914.514425967673,0.0,0.0,0,0.0,0,-85.4855740323282,0.0,0.0,1740096000,0.0,2025-02-21T00:00:00+00:00,9914.514425967673
9914.514425967673,9914.514425967673,1.4712455743701058,9914.514425967673,0.0,0.0,0,0.0,0,-85.4855740323282,0.0,0.0,1740182400,0.0,2025-02-22T00:00:00+00:00,9914.514425967673
9914.514425967673,9914.514425967673,1.4712455743701058,9914.514425967673,0.0,0.0,0,0.0,0,-85.4855740323282,0.0,0.0,1740268800,0.0,2025-02-23T00:00:00+00:00,9914.514425967673
9914.514425967673,9914.514425967673,1.4712455743701058,9914.514425967673,0.0,0.0,0,0.0,0,-85.4855740323282,0.0,0.0,1740355200,0.0,2025-02-24T00:00:00+00:00,9914.514425967673
9914.514425967673,9914.514425967673,1.4712455743701058,9914.514425967673,0.0,0.0,0,0.0,0,-85.4855740323282,0.0,0.0,1740441600,0.0,2025-02-25T00:00:00+00:00,9914.514425967673
9914.514425967673,9914.514425967673,1.4712455743701058,9914.514425967673,0.0,0.0,0,0.0,0,-85.4855740323282,0.0,0.0,1740528000,0.0,2025-02-26T00:00:00+00:00,9914.514425967673
9914.514425967673,9914.514425967673,1.4712455743701058,9914.514425967673,0.0,0.0,0,0.0,0,-85.4855740323282,0.0,0.0,1740614400,0.0,2025-02-27T00:00:00+00:00,9914.514425967673
9914.514425967673,9914.514425967673,1.4712455743701058,9914.514425967673,0.0,0.0,0,0.0,0,-85.4855740323282,0.0,0.0,1740700800,0.0,2025-02-28T00:00:00+00:00,9914.514425967673
9914.514425967673,9914.514425967673,1.4712455743701058,9914.514425967673,0.0,0.0,0,0.0,0,-85.4855740323282,0.0,0.0,1740787200,0.0,2025-03-01T00:00:00+00:00,9914.514425967673
9914.514425967673,9914.514425967673,1.4712455743701058,9914.514425967673,0.0,0.0,0,0.0,0,-85.4855740323282,0.0,0.0,1740873600,0.0,2025-03-02T00:00:00+00:00,9914.514425967673
9914.514425967673,9914.514425967673,1.4712455743701058,9914.514425967673,0.0,0.0,0,0.0,0,-85.4855740323282,0.0,0.0,1740960000,0.0,2025-03-03T00:00:00+00:00,9914.514425967673
9914.514425967673,9914.514425967673,1.4712455743701058,9914.514425967673,0.0,0.0,0,0.0,0,-85.4855740323282,0.0,0.0,1741046400,0.0,2025-03-04T00:00:00+00:00,9914.514425967673
9914.514425967673,9914.514425967673,1.4712455743701058,9914.514425967673,0.0,0.0,0,0.0,0,-85.4855740323282,0.0,0.0,1741132800,0.0,2025-03-05T00:00:00+00:00,9914.514425967673
9914.514425967673,9914.514425967673,1.4712455743701058,9914.514425967673,0.0,0.0,0,0.0,0,-85.4855740323282,0.0,0.0,1741219200,0.0,2025-03-06T00:00:00+00:00,9914.514425967673
9914.514425967673,9914.514425967673,1.4712455743701058,9914.514425967673,0.0,0.0,0,0.0,0,-85.4855740323282,0.0,0.0,1741305600,0.0,2025-03-07T00:00:00+00:00,9914.514425967673
9914.514425967673,9914.514425967673,1.4712455743701058,9914.514425967673,0.0,0.0,0,0.0,0,-85.4855740323282,0.0,0.0,1741392000,0.0,2025-03-08T00:00:00+00:00,9914.514425967673
9914.514425967673,9914.514425967673,1.4712455743701058,9914.514425967673,0.0,0.0,0,0.0,0,-85.4855740323282,0.0,0.0,1741478400,0.0,2025-03-09T00:00:00+00:00,9914.514425967673
9914.514425967673,9914.514425967673,1.4712455743701058,9914.514425967673,0.0,0.0,0,0.0,0,-85.4855740323282,0.0,0.0,1741564800,0.0,2025-03-10T00:00:00+00:00,9914.514425967673
9914.514425967673,9914.514425967673,1.4712455743701058,9914.514425967673,0.0,0.0,0,0.0,0,-85.4855740323282,0.0,0.0,1741651200,0.0,2025-03-11T00:00:00+00:00,9914.514425967673
9914.514425967673,9914.514425967673,1.4712455743701058,9914.514425967673,0.0,0.0,0,0.0,0,-85.4855740323282,0.0,0.0,1741737600,0.0,2025-03-12T00:00:00+00:00,9914.514425967673
9914.514425967673,9914.514425967673,1.4712455743701058,9914.514425967673,0.0,0.0,0,0.0,0,-85.4855740323282,0.0,0.0,1741824000,0.0,2025-03-13T00:00:00+00:00,9914.514425967673
9914.514425967673,9914.514425967673,1.4712455743701058,9914.514425967673,0.0,0.0,0,0.0,0,-85.4855740323282,0.0,0.0,1741910400,0.0,2025-03-14T00:00:00+00:00,9914.514425967673
9914.514425967673,9914.514425967673,1.4712455743701058,9914.514425967673,0.0,0.0,0,0.0,0,-85.4855740323282,0.0,0.0,1741996800,0.0,2025-03-15T00:00:00+00:00,9914.514425967673
9914.514425967673,9914.514425967673,1.4712455743701058,9914.514425967673,0.0,0.0,0,0.0,0,-85.4855740323282,0.0,0.0,1742083200,0.0,2025-03-16T00:00:00+00:00,9914.514425967673
9914.514425967673,9914.514425967673,1.4712455743701058,9914.514425967673,0.0,0.0,0,0.0,0,-85.4855740323282,0.0,0.0,1742169600,0.0,2025-03-17T00:00:00+00:00,9914.514425967673
9914.514425967673,9914.514425967673,1.4712455743701058,9914.514425967673,0.0,0.0,0,0.0,0,-85.4855740323282,0.0,0.0,1742256000,0.0,2025-03-18T00:00:00+00:00,9914.514425967673
9914.514425967673,9914.514425967673,1.4712455743701058,9914.514425967673,0.0,0.0,0,0.0,0,-85.4855740323282,0.0,0.0,1742342400,0.0,2025-03-19T00:00:00+00:00,9914.514425967673
9914.514425967673,9914.514425967673,1.4712455743701058,9914.514425967673,0.0,0.0,0,0.0,0,-85.4855740323282,0.0,0.0,1742428800,0.0,2025-03-20T00:00:00+00:00,9914.514425967673
9914.514425967673,9914.514425967673,1.4712455743701058,9914.514425967673,0.0,0.0,0,0.0,0,-85.4855740323282,0.0,0.0,1742515200,0.0,2025-03-21T00:00:00+00:00,9914.514425967673
9914.514425967673,9914.514425967673,1.4712455743701058,9914.514425967673,0.0,0.0,0,0.0,0,-85.4855740323282,0.0,0.0,1742601600,0.0,2025-03-22T00:00:00+00:00,9914.514425967673
9914.514425967673,9914.514425967673,1.4712455743701058,9914.514425967673,0.0,0.0,0,0.0,0,-85.4855740323282,0.0,0.0,1742688000,0.0,2025-03-23T00:00:00+00:00,9914.514425967673
9914.514425967673,9914.514425967673,1.4712455743701058,9914.514425967673,0.0,0.0,0,0.0,0,-85.4855740323282,0.0,0.0,1742774400,0.0,2025-03-24T00:00:00+00:00,9914.514425967673
9914.514425967673,9914.514425967673,1.4712455743701058,9914.514425967673,0.0,0.0,0,0.0,0,-85.4855740323282,0.0,0.0,1742860800,0.0,2025-03-25T00:00:00+00:00,9914.514425967673
9914.514425967673,9914.514425967673,1.4712455743701058,9914.514425967673,0.0,0.0,0,0.0,0,-85.4855740323282,0.0,0.0,1742947200,0.0,2025-03-26T00:00:00+00:00,9914.514425967673
9914.514425967673,9914.514425967673,1.4712455743701058,9914.514425967673,0.0,0.0,0,0.0,0,-85.4855740323282,0.0,0.0,1743033600,0.0,2025-03-27T00:00:00+00:00,9914.514425967673
9914.514425967673,9914.514425967673,1.4712455743701058,9914.514425967673,0.0,0.0,0,0.0,0,-85.4855740323282,0.0,0.0,1743120000,0.0,2025-03-28T00:00:00+00:00,9914.514425967673
9914.514425967673,9914.514425967673,1.4712455743701058,9914.514425967673,0.0,0.0,0,0.0,0,-85.4855740323282,0.0,0.0,1743206400,0.0,2025-03-29T00:00:00+00:00,9914.514425967673
9914.514425967673,9914.514425967673,1.4712455743701058,9914.514425967673,0.0,0.0,0,0.0,0,-85.4855740323282,0.0,0.0,1743292800,0.0,2025-03-30T00:00:00+00:00,9914.514425967673
9914.514425967673,9914.514425967673,1.4712455743701058,9914.514425967673,0.0,0.0,0,0.0,0,-85.4855740323282,0.0,0.0,1743379200,0.0,2025-03-31T00:00:00+00:00,9914.514425967673
9914.514425967673,9914.514425967673,1.4712455743701058,9914.514425967673,0.0,0.0,0,0.0,0,-85.4855740323282,0.0,0.0,1743465600,0.0,2025-04-01T00:00:00+00:00,9914.514425967673
9914.514425967673,9914.514425967673,1.4712455743701058,9914.514425967673,0.0,0.0,0,0.0,0,-85.4855740323282,0.0,0.0,1743552000,0.0,2025-04-02T00:00:00+00:00,9914.514425967673
9914.514425967673,9914.514425967673,1.4712455743701058,9914.514425967673,0.0,0.0,0,0.0,0,-85.4855740323282,0.0,0.0,1743638400,0.0,2025-04-03T00:00:00+00:00,9914.514425967673
9914.514425967673,9914.514425967673,1.4712455743701058,9914.514425967673,0.0,0.0,0,0.0,0,-85.4855740323282,0.0,0.0,1743724800,0.0,2025-04-04T00:00:00+00:00,9914.514425967673
9914.514425967673,9914.514425967673,1.4712455743701058,9914.514425967673,0.0,0.0,0,0.0,0,-85.4855740323282,0.0,0.0,1743811200,0.0,2025-04-05T00:00:00+00:00,9914.514425967673
9914.514425967673,9914.514425967673,1.4712455743701058,9914.514425967673,0.0,0.0,0,0.0,0,-85.4855740323282,0.0,0.0,1743897600,0.0,2025-04-06T00:00:00+00:00,9914.514425967673
9914.514425967673,9914.514425967673,1.4712455743701058,9914.514425967673,0.0,0.0,0,0.0,0,-85.4855740323282,0.0,0.0,1743984000,0.0,2025-04-07T00:00:00+00:00,9914.514425967673
9914.514425967673,9914.514425967673,1.4712455743701058,9914.514425967673,0.0,0.0,0,0.0,0,-85.4855740323282,0.0,0.0,1744070400,0.0,2025-04-08T00:00:00+00:00,9914.514425967673
9914.514425967673,9914.514425967673,1.4712455743701058,9914.514425967673,0.0,0.0,0,0.0,0,-85.4855740323282,0.0,0.0,1744156800,0.0,2025-04-09T00:00:00+00:00,9914.514425967673
9852.657830903729,9852.860823123623,1.4531017748547148,9916.340156568713,305.59743,61.51279390751496,1,61.51279390751496,0,-85.62638296886189,0.20299221989479938,0.0,1744243200,1.9665395375747918,2025-04-10T00:00:00+00:00,9914.373617031139
9852.693766677929,9852.896758897823,1.3410963163792755,9927.610772342914,294.36275,61.51279390751496,1,61.51279390751496,0,-85.59044719466112,0.20299221989479938,0.0,1744329600,13.20121953757477,2025-04-11T00:00:00+00:00,9914.409552805339
9852.761246212845,9852.96423843274,1.481081879945212,9913.52464187783,308.51636,61.51279390751496,1,61.51279390751496,0,-85.52296765974458,0.20299221989479938,0.0,1744416000,-0.9523904624252406,2025-04-12T00:00:00+00:00,9914.477032340255
9852.786663299288,9852.989655519183,1.54905964436316,9906.684338964273,315.38208,61.51279390751496,1,61.51279390751496,0,-85.497550573302,0.20299221989479938,0.0,1744502400,-7.818110462425208,2025-04-13T00:00:00+00:00,9914.502449426698
9852.778697392478,9852.981689612372,1.4931896228531638,9912.306293057462,309.75216,61.51279390751496,1,61.51279390751496,0,-85.50551648011302,0.20299221989479938,0.0,1744588800,-2.188190462425241,2025-04-14T00:00:00+00:00,9914.494483519888
9852.80763301073,9853.010625230625,1.523443202137409,9909.262008675716,312.82538,61.51279390751496,1,61.51279390751496,0,-85.47658086185892,0.20299221989479938,0.0,1744675200,-5.261410462425208,2025-04-15T00:00:00+00:00,9914.52341913814
9852.84136970255,9853.044361922444,1.4884081125868809,9912.787435367534,309.33369,61.51279390751496,1,61.51279390751496,0,-85.44284417004035,0.20299221989479938,0.0,1744761600,-1.7697204624252192,2025-04-16T00:00:00+00:00,9914.55715582996
9852.804575824874,9853.007568044768,1.502830923146925,9911.336131489858,310.7482,61.51279390751496,1,61.51279390751496,0,-85.47963804771612,0.20299221989479938,0.0,1744848000,-3.18423046242523,2025-04-17T00:00:00+00:00,9914.520361952284
9852.81442094754,9853.017413167434,1.5365798407651843,9907.940126612524,314.15405000000004,61.51279390751496,1,61.51279390751496,0,-85.46979292505122,0.20299221989479938,0.0,1744934400,-6.59008046242523,2025-04-18T00:00:00+00:00,9914.53020707495
9852.795767192787,9852.998759412681,1.5188619205330767,9909.723002857772,312.35252,61.51279390751496,1,61.51279390751496,0,-85.48844667980369,0.20299221989479938,0.0,1745020800,-4.788550462425252,2025-04-19T00:00:00+00:00,9914.511553320197
9852.8693211161,9853.072313335995,1.5412555878928313,9907.469626781085,314.67945000000003,61.51279390751496,1,61.51279390751496,0,-85.41489275648877,0.20299221989479938,0.0,1745107200,-7.11548046242523,2025-04-20T00:00:00+00:00,9914.58510724351
9852.846161549194,9853.049153769089,1.5450524307462743,9907.08756721418,315.03835000000004,61.51279390751496,1,61.51279390751496,0,-85.43805232339496,0.20299221989479938,0.0,1745193600,-7.47438046242523,2025-04-21T00:00:00+00:00,9914.561947676604
9852.917116556968,9853.120108776862,1.6298595326496135,9898.553802221952,323.64307,61.51279390751496,1,61.51279390751496,0,-85.36709731562263,0.20299221989479938,0.0,1745280000,-16.079100462425252,2025-04-22T00:00:00+00:00,9914.632902684378
9890.305978764514,9890.305978764514,1.7118249963192556,9890.305978764514,0.0,0.0,0,0.0,0,-109.6940212354856,0.0,0.0,1745366400,0.0,2025-04-23T00:00:00+00:00,9890.305978764514
9890.305978764514,9890.305978764514,1.7118249963192556,9890.305978764514,0.0,0.0,0,0.0,0,-109.6940212354856,0.0,0.0,1745452800,0.0,2025-04-24T00:00:00+00:00,9890.305978764514
9890.305978764514,9890.305978764514,1.7118249963192556,9890.305978764514,0.0,0.0,0,0.0,0,-109.6940212354856,0.0,0.0,1745539200,0.0,2025-04-25T00:00:00+00:00,9890.305978764514
9890.305978764514,9890.305978764514,1.7118249963192556,9890.305978764514,0.0,0.0,0,0.0,0,-109.6940212354856,0.0,0.0,1745625600,0.0,2025-04-26T00:00:00+00:00,9890.305978764514
9890.305978764514,9890.305978764514,1.7118249963192556,9890.305978764514,0.0,0.0,0,0.0,0,-109.6940212354856,0.0,0.0,1745712000,0.0,2025-04-27T00:00:00+00:00,9890.305978764514
9890.305978764514,9890.305978764514,1.7118249963192556,9890.305978764514,0.0,0.0,0,0.0,0,-109.6940212354856,0.0,0.0,1745798400,0.0,2025-04-28T00:00:00+00:00,9890.305978764514
9890.305978764514,9890.305978764514,1.7118249963192556,9890.305978764514,0.0,0.0,0,0.0,0,-109.6940212354856,0.0,0.0,1745884800,0.0,2025-04-29T00:00:00+00:00,9890.305978764514
9890.305978764514,9890.305978764514,1.7118249963192556,9890.305978764514,0.0,0.0,0,0.0,0,-109.6940212354856,0.0,0.0,1745971200,0.0,2025-04-30T00:00:00+00:00,9890.305978764514
9890.305978764514,9890.305978764514,1.7118249963192556,9890.305978764514,0.0,0.0,0,0.0,0,-109.6940212354856,0.0,0.0,1746057600,0.0,2025-05-01T00:00:00+00:00,9890.305978764514
9890.305978764514,9890.305978764514,1.7118249963192556,9890.305978764514,0.0,0.0,0,0.0,0,-109.6940212354856,0.0,0.0,1746144000,0.0,2025-05-02T00:00:00+00:00,9890.305978764514
9890.305978764514,9890.305978764514,1.7118249963192556,9890.305978764514,0.0,0.0,0,0.0,0,-109.6940212354856,0.0,0.0,1746230400,0.0,2025-05-03T00:00:00+00:00,9890.305978764514
9890.305978764514,9890.305978764514,1.7118249963192556,9890.305978764514,0.0,0.0,0,0.0,0,-109.6940212354856,0.0,0.0,1746316800,0.0,2025-05-04T00:00:00+00:00,9890.305978764514
9890.305978764514,9890.305978764514,1.7118249963192556,9890.305978764514,0.0,0.0,0,0.0,0,-109.6940212354856,0.0,0.0,1746403200,0.0,2025-05-05T00:00:00+00:00,9890.305978764514
9890.305978764514,9890.305978764514,1.7118249963192556,9890.305978764514,0.0,0.0,0,0.0,0,-109.6940212354856,0.0,0.0,1746489600,0.0,2025-05-06T00:00:00+00:00,9890.305978764514
9890.305978764514,9890.305978764514,1.7118249963192556,9890.305978764514,0.0,0.0,0,0.0,0,-109.6940212354856,0.0,0.0,1746576000,0.0,2025-05-07T00:00:00+00:00,9890.305978764514
9890.305978764514,9890.305978764514,1.7118249963192556,9890.305978764514,0.0,0.0,0,0.0,0,-109.6940212354856,0.0,0.0,1746662400,0.0,2025-05-08T00:00:00+00:00,9890.305978764514
9890.305978764514,9890.305978764514,1.7118249963192556,9890.305978764514,0.0,0.0,0,0.0,0,-109.6940212354856,0.0,0.0,1746748800,0.0,2025-05-09T00:00:00+00:00,9890.305978764514
9890.305978764514,9890.305978764514,1.7118249963192556,9890.305978764514,0.0,0.0,0,0.0,0,-109.6940212354856,0.0,0.0,1746835200,0.0,2025-05-10T00:00:00+00:00,9890.305978764514
9890.305978764514,9890.305978764514,1.7118249963192556,9890.305978764514,0.0,0.0,0,0.0,0,-109.6940212354856,0.0,0.0,1746921600,0.0,2025-05-11T00:00:00+00:00,9890.305978764514
9890.305978764514,9890.305978764514,1.7118249963192556,9890.305978764514,0.0,0.0,0,0.0,0,-109.6940212354856,0.0,0.0,1747008000,0.0,2025-05-12T00:00:00+00:00,9890.305978764514
9890.305978764514,9890.305978764514,1.7118249963192556,9890.305978764514,0.0,0.0,0,0.0,0,-109.6940212354856,0.0,0.0,1747094400,0.0,2025-05-13T00:00:00+00:00,9890.305978764514
9890.305978764514,9890.305978764514,1.7118249963192556,9890.305978764514,0.0,0.0,0,0.0,0,-109.6940212354856,0.0,0.0,1747180800,0.0,2025-05-14T00:00:00+00:00,9890.305978764514
9890.305978764514,9890.305978764514,1.7118249963192556,9890.305978764514,0.0,0.0,0,0.0,0,-109.6940212354856,0.0,0.0,1747267200,0.0,2025-05-15T00:00:00+00:00,9890.305978764514
9769.153870906795,9890.305978764514,1.7118249963192556,9890.305978764514,0.0,0.0,0,0.0,2,-109.6940212354856,0.0,121.15210785771842,1747353600,0.0,2025-05-16T00:00:00+00:00,9890.305978764514
9825.91556695733,9826.098257238595,1.8329261021993615,9878.120108068715,273.464616,55.360691292469824,1,55.360691292469824,0,-118.54105146893608,0.18269028126515044,0.0,1747440000,-3.338840462349098,2025-05-17T00:00:00+00:00,9881.458948531064
9869.420237340506,9869.420237340506,1.9193839345939878,9869.420237340506,0.0,0.0,0,0.0,0,-130.57976265949458,0.0,0.0,1747526400,0.0,2025-05-18T00:00:00+00:00,9869.420237340506
9869.420237340506,9869.420237340506,1.9193839345939878,9869.420237340506,0.0,0.0,0,0.0,0,-130.57976265949458,0.0,0.0,1747612800,0.0,2025-05-19T00:00:00+00:00,9869.420237340506
9869.420237340506,9869.420237340506,1.9193839345939878,9869.420237340506,0.0,0.0,0,0.0,0,-130.57976265949458,0.0,0.0,1747699200,0.0,2025-05-20T00:00:00+00:00,9869.420237340506
9869.420237340506,9869.420237340506,1.9193839345939878,9869.420237340506,0.0,0.0,0,0.0,0,-130.57976265949458,0.0,0.0,1747785600,0.0,2025-05-21T00:00:00+00:00,9869.420237340506
9869.420237340506,9869.420237340506,1.9193839345939878,9869.420237340506,0.0,0.0,0,0.0,0,-130.57976265949458,0.0,0.0,1747872000,0.0,2025-05-22T00:00:00+00:00,9869.420237340506
9869.420237340506,9869.420237340506,1.9193839345939878,9869.420237340506,0.0,0.0,0,0.0,0,-130.57976265949458,0.0,0.0,1747958400,0.0,2025-05-23T00:00:00+00:00,9869.420237340506
9869.420237340506,9869.420237340506,1.9193839345939878,9869.420237340506,0.0,0.0,0,0.0,0,-130.57976265949458,0.0,0.0,1748044800,0.0,2025-05-24T00:00:00+00:00,9869.420237340506
9869.420237340506,9869.420237340506,1.9193839345939878,9869.420237340506,0.0,0.0,0,0.0,0,-130.57976265949458,0.0,0.0,1748131200,0.0,2025-05-25T00:00:00+00:00,9869.420237340506
9869.420237340506,9869.420237340506,1.9193839345939878,9869.420237340506,0.0,0.0,0,0.0,0,-130.57976265949458,0.0,0.0,1748217600,0.0,2025-05-26T00:00:00+00:00,9869.420237340506
9869.420237340506,9869.420237340506,1.9193839345939878,9869.420237340506,0.0,0.0,0,0.0,0,-130.57976265949458,0.0,0.0,1748304000,0.0,2025-05-27T00:00:00+00:00,9869.420237340506
9869.420237340506,9869.420237340506,1.9193839345939878,9869.420237340506,0.0,0.0,0,0.0,0,-130.57976265949458,0.0,0.0,1748390400,0.0,2025-05-28T00:00:00+00:00,9869.420237340506
9816.696287756824,9816.869191027074,1.8967662487363257,9871.69615541158,264.4066859,52.39493037887337,1,52.39493037887337,0,-130.73587859405146,0.17290327025028213,0.0,1748476800,2.4320340056331755,2025-05-29T00:00:00+00:00,9869.264121405948
9816.626280270599,9816.799183540848,1.932828337785153,9868.067386285356,260.84792426,52.39493037887337,1,52.39493037887337,0,-130.8058860802772,0.17290327025028213,0.0,1748563200,-1.1267276343667942,2025-05-30T00:00:00+00:00,9869.194113919722
9766.1439274016,9766.482301592665,2.14236075424058,9846.983062447453,490.65129548,102.53763365630276,2,102.53763365630276,0,-130.98006475103352,0.33837419106579913,0.0,1748649600,-22.036872801513752,2025-05-31T00:00:00+00:00,9869.019935248967
9766.196375657995,9766.534749849061,2.0883380319083433,9852.41913096385,496.03491574,102.53763365630276,2,102.53763365630276,0,-130.92761649463714,0.33837419106579913,0.0,1748736000,-16.653252541513748,2025-06-01T00:00:00+00:00,9869.072383505363
9766.253170837626,9766.591545028692,2.065191648464748,9854.74824954348,498.30723914000004,102.53763365630276,2,102.53763365630276,0,-130.87082131500657,0.33837419106579913,0.0,1748822400,-14.380929141513716,2025-06-02T00:00:00+00:00,9869.129178684994
9766.129869254428,9766.468243445493,2.0426109930893888,9857.020441400282,500.70273258,102.53763365630276,2,102.53763365630276,0,-130.99412289820407,0.33837419106579913,0.0,1748908800,-11.985435701513744,2025-06-03T00:00:00+00:00,9869.005877101796
9766.025248114314,9766.36362230538,1.9832083505723963,9862.997867580169,506.7847799,102.53763365630276,2,102.53763365630276,0,-131.09874403831802,0.33837419106579913,0.0,1748995200,-5.9033883815137145,2025-06-04T00:00:00+00:00,9868.901255961682
9765.978784717625,9766.31715890869,2.0827388126835045,9852.98255572348,496.81593144000004,102.53763365630276,2,102.53763365630276,0,-131.1452074350068,0.33837419106579913,0.0,1749081600,-15.872236841513695,2025-06-05T00:00:00+00:00,9868.854792564993
9725.230528356142,9725.622492076407,2.314132715278683,9829.69840686019,579.1834544999999,118.7768849290543,2,118.7768849290543,0,-155.60062299453796,0.3919637202658792,0.0,1749168000,-14.700970145271548,2025-06-06T00:00:00+00:00,9844.399377005462
9725.284756487352,9725.676720207617,2.1873910200250313,9842.4518652114,591.88268472,118.7768849290543,2,118.7768849290543,0,-155.54639486332783,0.3919637202658792,0.0,1749254400,-2.001739925271494,2025-06-07T00:00:00+00:00,9844.453605136672
9725.270815961137,9725.662779681403,2.125046551054588,9848.725314425186,598.17007446,118.7768849290543,2,118.7768849290543,0,-155.56033538954208,0.3919637202658792,0.0,1749340800,4.285649814728471,2025-06-08T00:00:00+00:00,9844.439664610458
9725.221438263767,9725.613401984032,2.0145467486032964,9859.844422667815,609.3385604,118.7768849290543,2,118.7768849290543,0,-155.60971308691285,0.3919637202658792,0.0,1749427200,15.454135754728515,2025-06-09T00:00:00+00:00,9844.390286913087
9725.16453841249,9725.556502132755,1.8802159376162586,9873.361540296539,622.9125778799998,118.7768849290543,2,118.7768849290543,0,-155.66661293819064,0.3919637202658792,0.0,1749513600,29.028153234728457,2025-06-10T00:00:00+00:00,9844.33338706181
9725.026097853728,9725.418061573993,1.8555298965600042,9875.845587837777,625.5350659800001,118.7768849290543,2,118.7768849290543,0,-155.80505349695082,0.3919637202658792,0.0,1749600000,31.650641334728547,2025-06-11T00:00:00+00:00,9844.194946503048
9724.877903916558,9725.269867636824,1.9328619247148682,9868.064006580607,617.90167866,118.7768849290543,2,118.7768849290543,0,-155.9532474341204,0.3919637202658792,0.0,1749686400,24.017254014728504,2025-06-12T00:00:00+00:00,9844.046752565879
9724.915879837132,9725.307843557397,2.0929802948234766,9851.95200050118,601.75169666,118.7768849290543,2,118.7768849290543,0,-155.9152715135477,0.3919637202658792,0.0,1749772800,7.867272014728507,2025-06-13T00:00:00+00:00,9844.084728486452
9664.590007250437,9665.179944954802,2.119797493046083,9849.253504004477,899.1495643400001,178.76900132258118,3,178.76900132258118,0,-156.0510537226167,0.589937704364518,0.0,1749859200,5.3045577270940845,2025-06-14T00:00:00+00:00,9843.948946277384
9664.742233918058,9665.332171622422,2.2364872351129494,9837.511529412099,887.25536308,178.76900132258118,3,178.76900132258118,0,-155.89882705499684,0.589937704364518,0.0,1749945600,-6.589643532905892,2025-06-15T00:00:00+00:00,9844.101172945004
9664.697101046144,9665.287038750508,2.172561874162604,9843.944056820184,893.7330233600001,178.76900132258118,3,178.76900132258118,0,-155.94395992691065,0.589937704364518,0.0,1750032000,-0.11198325290590949,2025-06-16T00:00:00+00:00,9844.05604007309
9664.519352113773,9665.109289818138,2.081438818722503,9853.113368387814,903.08008386,178.76900132258118,3,178.76900132258118,0,-156.12170885928063,0.589937704364518,0.0,1750118400,9.235077247094061,2025-06-17T00:00:00+00:00,9843.87829114072
9664.424175459018,9665.014113163383,2.22732963727279,9838.433018133059,888.4949102600001,178.76900132258118,3,178.76900132258118,0,-156.21688551403525,0.589937704364518,0.0,1750204800,-5.350096352905908,2025-06-18T00:00:00+00:00,9843.783114485965
9664.545270290871,9665.135207995236,2.214036787803819,9839.770619004912,889.7114163,178.76900132258118,3,178.76900132258118,0,-156.09579068218227,0.589937704364518,0.0,1750291200,-4.133590312905898,2025-06-19T00:00:00+00:00,9843.904209317818
9664.54497387047,9665.134911574834,2.224720153329496,9838.69559900451,888.6366927199999,178.76900132258118,3,178.76900132258118,0,-156.09608710258414,0.589937704364518,0.0,1750377600,-5.208313892905928,2025-06-20T00:00:00+00:00,9843.903912897416
9664.499003835723,9665.088941540087,2.4267584246647877,9818.365377969763,868.3524417199999,178.76900132258118,3,178.76900132258118,0,-156.14205713733068,0.589937704364518,0.0,1750464000,-25.492564892905925,2025-06-21T00:00:00+00:00,9843.857942862669
9728.723697158059,9728.942757608074,2.63895512079535,9797.012959407351,333.59801999999996,66.38195455018094,1,66.38195455018094,0,-204.67528784174536,0.2190604500155971,0.0,1750550400,1.6882472490953224,2025-06-22T00:00:00+00:00,9795.324712158255
9728.70701537288,9728.926075822896,2.7082103819881853,9790.044107622172,326.64585,66.38195455018094,1,66.38195455018094,0,-204.69196962692382,0.2190604500155971,0.0,1750636800,-5.263922750904689,2025-06-23T00:00:00+00:00,9795.308030373077
9728.676652266868,9728.895712716883,2.5792989748907535,9803.01589451616,339.64799999999997,66.38195455018094,1,66.38195455018094,0,-204.72233273293506,0.2190604500155971,0.0,1750723200,7.73822724909531,2025-06-24T00:00:00+00:00,9795.277667267064
9676.613883368713,9677.004230071567,2.581596459158275,9802.784708797366,602.8137336899999,118.2868796529346,2,118.2868796529346,0,-204.70889027549782,0.3903467028546842,0.0,1750809600,7.493599072863648,2025-06-25T00:00:00+00:00,9795.291109724501
9676.58498161116,9676.975328314014,2.5632504292696034,9804.630788949813,603.8045317799999,118.2868796529346,2,118.2868796529346,0,-204.73779203305045,0.3903467028546842,0.0,1750896000,9.368580982863591,2025-06-26T00:00:00+00:00,9795.262207966949
9676.529660214006,9676.92000691686,2.4897843184168544,9812.023359982659,592.1110393499999,118.2868796529346,2,118.2868796529346,0,-204.79311343020552,0.3903467028546842,0.0,1750982400,16.816473412863623,2025-06-27T00:00:00+00:00,9795.206886569795
9676.504805386947,9676.8951520898,2.514794191657066,9809.5067266356,598.3177178699999,118.2868796529346,2,118.2868796529346,0,-204.8179682572641,0.3903467028546842,0.0,1751068800,14.324694892863624,2025-06-28T00:00:00+00:00,9795.182031742735
9676.602965559654,9676.993312262508,2.5498203858114077,9805.982195048306,605.01846963,118.2868796529346,2,118.2868796529346,0,-204.719808084557,0.3903467028546842,0.0,1751155200,10.702003132863597,2025-06-29T00:00:00+00:00,9795.280191915443
9676.612173442674,9677.002520145528,2.5412671712658708,9806.842867341327,610.95996522,118.2868796529346,2,118.2868796529346,0,-204.71060020153638,0.3903467028546842,0.0,1751241600,11.553467542863633,2025-06-30T00:00:00+00:00,9795.289399798463
9676.568862854414,9676.959209557268,2.5660071269060225,9804.353394613066,615.63506736,118.2868796529346,2,118.2868796529346,0,-204.75391078979652,0.3903467028546842,0.0,1751328000,9.107305402863606,2025-07-01T00:00:00+00:00,9795.246089210203
9676.56295626385,9676.953302966704,2.546384414991776,9806.327941652502,602.29763373,118.2868796529346,2,118.2868796529346,0,-204.75981738036182,0.3903467028546842,0.0,1751414400,11.087759032863621,2025-07-02T00:00:00+00:00,9795.240182619638
9676.52999607576,9676.920342778614,2.549303766687827,9806.034180154413,616.7811950400001,118.2868796529346,2,118.2868796529346,0,-204.7927775684511,0.3903467028546842,0.0,1751500800,10.8269577228636,2025-07-03T00:00:00+00:00,9795.207222431549
9676.56020117734,9676.950547880195,2.5559829884709173,9805.362079495993,621.6229608,118.2868796529346,2,118.2868796529346,0,-204.76257246687084,0.3903467028546842,0.0,1751587200,10.124651962863625,2025-07-04T00:00:00+00:00,9795.23742753313
9676.583653053765,9676.97399975662,2.5668502992779563,9804.268549892418,611.8075222800001,118.2868796529346,2,118.2868796529346,0,-204.73912059044517,0.3903467028546842,0.0,1751673600,9.007670482863649,2025-07-05T00:00:00+00:00,9795.260879409554
9676.594790744657,9676.985137447511,2.5491087306324323,9806.05380577331,612.79304409,118.2868796529346,2,118.2868796529346,0,-204.7279828995544,0.3903467028546842,0.0,1751760000,10.781788672863645,2025-07-06T00:00:00+00:00,9795.272017100446
9676.645260633479,9677.035607336333,2.5754532908938477,9803.402868752131,622.924251,118.2868796529346,2,118.2868796529346,0,-204.67751301073244,0.3903467028546842,0.0,1751846400,8.080381762863635,2025-07-07T00:00:00+00:00,9795.322486989267
9676.759945771844,9677.150292474698,2.583911650134463,9802.551741330497,621.76726356,118.2868796529346,2,118.2868796529346,0,-204.56282787236634,0.3903467028546842,0.0,1751932800,7.114569202863624,2025-07-08T00:00:00+00:00,9795.437172127633
9676.729881749694,9677.120228452548,2.6356362927696275,9797.346918448346,626.19904242,118.2868796529346,2,118.2868796529346,0,-204.59289189451695,0.3903467028546842,0.0,1752019200,1.9398103428635949,2025-07-09T00:00:00+00:00,9795.407108105483
9650.894082330597,9651.289123134093,2.6735734657380994,9793.529467889177,621.6358760999999,119.70933439281569,2,119.70933439281569,0,-229.00154247309194,0.3950408034962918,0.0,1752105600,22.53101036226907,2025-07-10T00:00:00+00:00,9770.998457526908
9650.79413113086,9651.189171934357,2.770905578021121,9783.735366289442,649.5861065,119.70933439281569,2,119.70933439281569,0,-229.10149367282798,0.3950408034962918,0.0,1752192000,12.836859962269074,2025-07-11T00:00:00+00:00,9770.898506327172
9626.561951491623,9626.956456445245,2.7116517597573275,9789.69781694047,622.87454786,119.54695564283915,2,119.54695564283915,0,-253.4965879119151,0.39450495362136917,0.0,1752278400,43.19440485238633,2025-07-12T00:00:00+00:00,9746.503412088085
9626.542126061437,9626.936631015058,2.7249862888643728,9788.356022030284,619.63249734,119.54695564283915,2,119.54695564283915,0,-253.51641334210137,0.39450495362136917,0.0,1752364800,41.87243537238637,2025-07-13T00:00:00+00:00,9746.483586657898
9626.512730931054,9626.907235884675,2.7525731007678633,9785.580082699902,628.85358154,119.54695564283915,2,119.54695564283915,0,-253.5458084724843,0.39450495362136917,0.0,1752451200,39.12589117238637,2025-07-14T00:00:00+00:00,9746.454191527515
9678.897348449877,9679.182302539668,2.7234211093497773,9788.513519148431,442.29105760000004,86.34972417945491,2,86.34972417945491,0,-234.46797328087573,0.28495408979220116,0.0,1752537600,22.98149242930761,2025-07-15T00:00:00+00:00,9765.532026719124
9678.960631351156,9679.245585440947,2.807651342573081,9780.03780190971,451.46677774,86.34972417945491,2,86.34972417945491,0,-234.40469037959625,0.28495408979220116,0.0,1752624000,14.44249228930759,2025-07-16T00:00:00+00:00,9765.595309620403
9678.990601768166,9679.275555857957,2.805227130127086,9780.28173972672,461.28115034000007,86.34972417945491,2,86.34972417945491,0,-234.37471996258745,0.28495408979220116,0.0,1752710400,14.656459689307585,2025-07-17T00:00:00+00:00,9765.625280037413
9679.020572185174,9679.305526274966,2.8422440175834174,9776.556893443729,471.13786704000006,86.34972417945491,2,86.34972417945491,0,-234.34474954557868,0.28495408979220116,0.0,1752796800,10.90164298930762,2025-07-18T00:00:00+00:00,9765.655250454422
9708.141792769931,9708.251302356117,2.915803965417285,9769.154880008931,193.64246999999997,33.18472308679669,1,33.18472308679669,0,-258.56397455708554,0.10950958618642907,0.0,1752883200,27.718854566016546,2025-07-19T00:00:00+00:00,9741.436025442914
9708.0920156853,9708.201525271486,2.9081254724438788,9769.9275329243,194.46489999999997,33.18472308679669,1,33.18472308679669,0,-258.61375164171574,0.10950958618642907,0.0,1752969600,28.541284566016554,2025-07-20T00:00:00+00:00,9741.386248358283
9708.042238600672,9708.151748186858,2.8456076509403627,9776.218425839672,200.80557,33.18472308679669,1,33.18472308679669,0,-258.66352872634593,0.10950958618642907,0.0,1753056000,34.881954566016546,2025-07-21T00:00:00+00:00,9741.336471273655
9707.992461516042,9708.101971102227,2.821319169037162,9778.662468755041,203.29938999999996,33.18472308679669,1,33.18472308679669,0,-258.7133058109761,0.10950958618642907,0.0,1753142400,37.37577456601654,2025-07-22T00:00:00+00:00,9741.286694189024
9707.942684431411,9708.052194017597,2.765128962364083,9784.31664167041,209.00333999999998,33.18472308679669,1,33.18472308679669,0,-258.7630828956063,0.10950958618642907,0.0,1753228800,43.07972456601654,2025-07-23T00:00:00+00:00,9741.236917104394
9786.972060465021,9786.972060465021,2.7387398630022153,9786.972060465021,0.0,0.0,0,0.0,0,-213.0279395349784,0.0,0.0,1753315200,0.0,2025-07-24T00:00:00+00:00,9786.972060465021
9759.624830293258,9759.71444437356,2.698679998738396,9791.003108096358,139.91179136,27.15578190930061,1,27.15578190930061,0,-213.12977371713828,0.08961408030069201,0.0,1753401600,4.132881813496949,2025-07-25T00:00:00+00:00,9786.870226282861
9759.584096620394,9759.673710700696,2.6452983660811613,9796.374666583493,145.32408352000002,27.15578190930061,1,27.15578190930061,0,-213.17050739000223,0.08961408030069201,0.0,1753488000,9.545173973496958,2025-07-26T00:00:00+00:00,9786.829492609997
9759.54336294753,9759.632977027832,2.6396823005705783,9796.93978651063,145.92993712,27.15578190930061,1,27.15578190930061,0,-213.21124106286618,0.08961408030069201,0.0,1753574400,10.15102757349696,2025-07-27T00:00:00+00:00,9786.788758937133
9759.502629274666,9759.592243354968,2.599747277152087,9800.958271957767,149.98915624,27.15578190930061,1,27.15578190930061,0,-213.25197473573013,0.08961408030069201,0.0,1753660800,14.210246693496961,2025-07-28T00:00:00+00:00,9786.748025264269
9759.488451240932,9759.578065321233,2.5689810443515593,9804.054142404031,153.09920472,27.15578190930061,1,27.15578190930061,0,-213.26615276946498,0.08961408030069201,0.0,1753747200,17.320295173496955,2025-07-29T00:00:00+00:00,9786.733847230535
9759.463720470347,9759.553334550648,2.6342522084650044,9797.486192753446,146.55598584,27.15578190930061,1,27.15578190930061,0,-213.29088354004978,0.08961408030069201,0.0,1753833600,10.777076293496958,2025-07-30T00:00:00+00:00,9786.70911645995
9759.454657228134,9759.544271308436,2.674280713817012,9793.458300631233,142.53715696,27.15578190930061,1,27.15578190930061,0,-213.299946782262,0.08961408030069201,0.0,1753920000,6.758247413496951,2025-07-31T00:00:00+00:00,9786.700053217737
9732.542251916026,9732.720208507473,2.7622605693883084,9784.605275417009,267.59002624000004,53.92623983261598,2,53.92623983261598,0,-213.35355165991055,0.1779565914476327,0.0,1754006400,-2.041172923079861,2025-08-01T00:00:00+00:00,9786.646448340089
9732.532010702957,9732.709967294404,2.8445170245891327,9776.32817076394,259.32316280000003,53.92623983261598,2,53.92623983261598,0,-213.36379287298084,0.1779565914476327,0.0,1754092800,-10.308036363079857,2025-08-02T00:00:00+00:00,9786.63620712702
9732.497054043874,9732.675010635321,2.9158405875522098,9769.151194884857,252.18114358000003,53.92623983261598,2,53.92623983261598,0,-213.39874953206422,0.1779565914476327,0.0,1754179200,-17.450055583079852,2025-08-03T00:00:00+00:00,9786.601250467937
9732.442244572803,9732.62020116425,2.8110593917858306,9779.694864933786,262.77962310000004,53.92623983261598,2,53.92623983261598,0,-213.45355900313444,0.1779565914476327,0.0,1754265600,-6.851576063079852,2025-08-04T00:00:00+00:00,9786.546440996866
9732.389166905636,9732.567123497083,2.5995671902759976,9800.976393306619,284.11422914,53.92623983261598,2,53.92623983261598,0,-213.50663667030213,0.1779565914476327,0.0,1754352000,14.483029976920154,2025-08-05T00:00:00+00:00,9786.493363329699
9732.34878392577,9732.526740517218,2.7415733276044407,9786.686941406753,269.86516022,53.92623983261598,2,53.92623983261598,0,-213.5470196501673,0.1779565914476327,0.0,1754438400,0.2339610569201147,2025-08-06T00:00:00+00:00,9786.452980349834
9732.318661338282,9732.49661792973,2.7117966449763498,9789.683237779265,272.89157918,53.92623983261598,2,53.92623983261598,0,-213.5771422376548,0.1779565914476327,0.0,1754524800,3.260380016920142,2025-08-07T00:00:00+00:00,9786.422857762345
9732.256356030424,9732.434312621872,2.51105306038637,9809.883180191408,293.1538269,53.92623983261598,2,53.92623983261598,0,-213.63944754551338,0.1779565914476327,0.0,1754611200,23.522627736920136,2025-08-08T00:00:00+00:00,9786.360552454487
9732.175466670675,9732.353423262122,2.3668544373102063,9824.393252271659,307.74478834,53.92623983261598,2,53.92623983261598,0,-213.72033690526231,0.1779565914476327,0.0,1754697600,38.11358917692013,2025-08-09T00:00:00+00:00,9786.279663094738
9732.094577310925,9732.272533902373,2.248272697386977,9836.325610271908,319.75803570000005,53.92623983261598,2,53.92623983261598,0,-213.80122626501122,0.1779565914476327,0.0,1754784000,50.12683653692015,2025-08-10T00:00:00+00:00,9786.198773734988
9732.013687951177,9732.191644542625,2.2944089134513734,9831.68312613216,315.19644092,53.92623983261598,2,53.92623983261598,0,-213.88211562476016,0.1779565914476327,0.0,1754870400,45.56524175692013,2025-08-11T00:00:00+00:00,9786.11788437524
9731.955105075493,9732.13306166694,2.3632196697445984,9824.759002916477,308.33090058000005,53.92623983261598,2,53.92623983261598,0,-213.94069850044448,0.1779565914476327,0.0,1754956800,38.69970141692015,2025-08-12T00:00:00+00:00,9786.059301499556
9731.930133407002,9732.10808999845,2.2064284301908543,9840.536214507985,324.13308384,53.92623983261598,2,53.92623983261598,0,-213.96567016893397,0.1779565914476327,0.0,1755043200,54.50188467692013,2025-08-13T00:00:00+00:00,9786.034329831065
9731.849244047255,9732.027200638702,1.9584266168949926,9865.491544248238,349.16930294,53.92623983261598,2,53.92623983261598,0,-214.0465595286829,0.1779565914476327,0.0,1755129600,79.53810377692014,2025-08-14T00:00:00+00:00,9785.953440471318
9731.787580981098,9731.965537572545,2.381535344552277,9822.91597726208,306.65539902,53.92623983261598,2,53.92623983261598,0,-214.10822259484002,0.1779565914476327,0.0,1755216000,37.024199856920156,2025-08-15T00:00:00+00:00,9785.89177740516
9653.499169876073,9653.933619084371,2.480200128983312,9812.987774736037,685.65925662,131.65127524208359,3,131.65127524208359,0,-214.41510567354518,0.4344492082988758,0.0,1755302400,27.402880409582114,2025-08-16T00:00:00+00:00,9785.584894326455
9653.399803364378,9653.834252572677,2.4039989891492364,9820.655559684343,693.42640808,131.65127524208359,3,131.65127524208359,0,-214.5144721852385,0.4344492082988758,0.0,1755388800,35.17003186958208,2025-08-17T00:00:00+00:00,9785.48552781476
9653.245678730238,9653.680127938536,2.3625642365570965,9824.824956270202,697.7499293000001,131.65127524208359,3,131.65127524208359,0,-214.6685968193791,0.4344492082988758,0.0,1755475200,39.493553089582115,2025-08-18T00:00:00+00:00,9785.33140318062
9653.136595388383,9653.571044596682,2.557274850537661,9805.232085108348,678.26614148,131.65127524208359,3,131.65127524208359,0,-214.77768016123355,0.4344492082988758,0.0,1755561600,20.009765269582093,2025-08-19T00:00:00+00:00,9785.222319838766
9653.05423191459,9653.488681122888,2.810884242103806,9779.712489474554,652.8289093200001,131.65127524208359,3,131.65127524208359,0,-214.86004363502767,0.4344492082988758,0.0,1755648000,-5.4274668904179055,2025-08-20T00:00:00+00:00,9785.139956364972
9652.87522820361,9653.309677411908,2.5961037263241393,9801.324906423573,674.62032998,131.65127524208359,3,131.65127524208359,0,-215.03904734600778,0.4344492082988758,0.0,1755734400,16.36395376958207,2025-08-21T00:00:00+00:00,9784.960952653992
9652.712379403489,9653.146828611787,2.7348805401048226,9787.360407123453,660.8186794800001,131.65127524208359,3,131.65127524208359,0,-215.20189614612968,0.4344492082988758,0.0,1755820800,2.5623032695820953,2025-08-22T00:00:00+00:00,9784.798103853871
9652.556802381108,9652.991251589407,2.2664253068856,9834.498993161073,708.11284254,131.65127524208359,3,131.65127524208359,0,-215.3574731685098,0.4344492082988758,0.0,1755907200,49.85646632958212,2025-08-23T00:00:00+00:00,9784.64252683149
9652.359325468246,9652.793774676544,2.2863517873765726,9832.49387922821,706.3052055200001,131.65127524208359,3,131.65127524208359,0,-215.5549500813729,0.4344492082988758,0.0,1755993600,48.04882930958211,2025-08-24T00:00:00+00:00,9784.445049918628
9706.72575495965,9706.903711551098,2.5750995167978297,9803.438467480633,312.23971526,53.92623983261598,2,53.92623983261598,0,-239.17004861628646,0.1779565914476327,0.0,1756080000,42.608516096920134,2025-08-25T00:00:00+00:00,9760.829951383714
9653.684381839452,9654.036192789721,2.9546045638314977,9765.250546751535,537.6518694399999,106.60937886954657,3,106.60937886954657,0,-239.35442834073092,0.3518109502695037,0.0,1756166400,4.604975092267189,2025-08-26T00:00:00+00:00,9760.645571659268
9653.65724630793,9654.0090572582,2.7502433437832985,9785.814515880014,558.2429741000001,106.60937886954657,3,106.60937886954657,0,-239.38156387225345,0.3518109502695037,0.0,1756252800,25.19607975226717,2025-08-27T00:00:00+00:00,9760.618436127746
9653.648563509672,9654.000374459942,2.8361927376386875,9777.165807081756,549.6029481,106.60937886954657,3,106.60937886954657,0,-239.39024667051197,0.3518109502695037,0.0,1756339200,16.556053752267154,2025-08-28T00:00:00+00:00,9760.609753329489
9653.561414779711,9653.91322572998,2.730263819939116,9787.824967331795,560.3492570799999,106.60937886954657,3,106.60937886954657,0,-239.47739540047257,0.3518109502695037,0.0,1756425600,27.302362732267163,2025-08-29T00:00:00+00:00,9760.522604599528
9653.49195755524,9653.843768505509,2.9639878750551185,9764.306345487323,536.90009246,106.60937886954657,3,106.60937886954657,0,-239.54685262494436,0.3518109502695037,0.0,1756512000,3.8531981122671817,2025-08-30T00:00:00+00:00,9760.453147375056
9653.369328865798,9653.721139816067,2.916938728718299,9769.04069377788,541.7570694400001,106.60937886954657,3,106.60937886954657,0,-239.66948131438602,0.3518109502695037,0.0,1756598400,8.710175092267217,2025-08-31T00:00:00+00:00,9760.330518685614
9653.316893896847,9653.668704847116,2.951841225532159,9765.52860930893,538.29741994,106.60937886954657,3,106.60937886954657,0,-239.72191628333636,0.3518109502695037,0.0,1756684800,5.250525592267193,2025-09-01T00:00:00+00:00,9760.278083716663
9653.242408819224,9653.594219769493,3.0742519654404887,9753.210955911307,526.0542516200001,106.60937886954657,3,106.60937886954657,0,-239.79640136095924,0.3518109502695037,0.0,1756771200,-6.992642727732786,2025-09-02T00:00:00+00:00,9760.20359863904
9653.10075403939,9653.452564989659,2.959973257017401,9764.710318811472,537.6952693000001,106.60937886954657,3,106.60937886954657,0,-239.93805614079395,0.3518109502695037,0.0,1756857600,4.648374952267187,2025-09-03T00:00:00+00:00,9760.061943859206
9652.9530650935,9653.304876043769,2.857643135827259,9775.007348025583,548.1399874599999,106.60937886954657,3,106.60937886954657,0,-240.08574508668477,0.3518109502695037,0.0,1756944000,15.093093112267162,2025-09-04T00:00:00+00:00,9759.914254913316
9652.881109762204,9653.232920712473,3.062787340003026,9754.364590654288,527.5691854199999,106.60937886954657,3,106.60937886954657,0,-240.15770041797995,0.3518109502695037,0.0,1757030400,-5.477708927732834,2025-09-05T00:00:00+00:00,9759.84229958202
9652.777158358342,9653.128969308611,2.981930679144118,9762.500840170425,535.80938634,106.60937886954657,3,106.60937886954657,0,-240.26165182184232,0.3518109502695037,0.0,1757116800,2.7624919922671722,2025-09-06T00:00:00+00:00,9759.738348178158
9652.65130745565,9653.003118405919,3.027873660104896,9757.877800427734,531.3121974999999,106.60937886954657,3,106.60937886954657,0,-240.3875027245348,0.3518109502695037,0.0,1757203200,-1.7346968477328257,2025-09-07T00:00:00+00:00,9759.612497275466
9652.499020290807,9652.850831241076,2.9840915908883714,9762.28339714289,535.8700813800001,106.60937886954657,3,106.60937886954657,0,-240.53978988937678,0.3518109502695037,0.0,1757289600,2.823187032267227,2025-09-08T00:00:00+00:00,9759.460210110623
9652.368907765742,9652.720718716011,2.900725868774545,9770.672122437825,544.3889191999999,106.60937886954657,3,106.60937886954657,0,-240.66990241444154,0.3518109502695037,0.0,1757376000,11.342024852267185,2025-09-09T00:00:00+00:00,9759.330097585558
9652.21363244783,9652.5654433981,2.8771024364945608,9773.049244339914,546.92131642,106.60937886954657,3,106.60937886954657,0,-240.82517773235367,0.3518109502695037,0.0,1757462400,13.87442207226719,2025-09-10T00:00:00+00:00,9759.174822267647
9652.08073692738,9652.43254787765,2.807566459896349,9780.046343279464,554.0513108800001,106.60937886954657,3,106.60937886954657,0,-240.95807325280288,0.3518109502695037,0.0,1757548800,21.004416532267204,2025-09-11T00:00:00+00:00,9759.041926747197
9651.920822859076,9652.272633809345,2.676686533756034,9793.216213571159,567.3810952399999,106.60937886954657,3,106.60937886954657,0,-241.11798732110722,0.3518109502695037,0.0,1757635200,34.33420089226715,2025-09-12T00:00:00+00:00,9758.882012678892
9651.767108828828,9652.118919779097,2.47803180006706,9813.20596412091,587.52455982,106.60937886954657,3,106.60937886954657,0,-241.27170135135648,0.3518109502695037,0.0,1757721600,54.47766547226723,2025-09-13T00:00:00+00:00,9758.728298648644
9651.612929320207,9651.964740270476,2.4757798104618756,9813.43257191229,587.90534712,106.60937886954657,3,106.60937886954657,0,-241.42588085997662,0.3518109502695037,0.0,1757808000,54.858452772267206,2025-09-14T00:00:00+00:00,9758.574119140023
9651.470841699835,9651.822652650104,2.6846240815372013,9792.417493111918,567.0323559400001,106.60937886954657,3,106.60937886954657,0,-241.56796848034983,0.3518109502695037,0.0,1757894400,33.98546159226722,2025-09-15T00:00:00+00:00,9758.432031519651
9651.33399352425,9651.685804474519,2.8552895917469234,9775.244174796333,549.9958858,106.60937886954657,3,106.60937886954657,0,-241.70481665593496,0.3518109502695037,0.0,1757980800,16.9489914522672,2025-09-16T00:00:00+00:00,9758.295183344066
9651.213961478106,9651.565772428376,2.7755290186531223,9783.270129830189,558.14187288,106.60937886954657,3,106.60937886954657,0,-241.82484870207662,0.3518109502695037,0.0,1758067200,25.0949785322672,2025-09-17T00:00:00+00:00,9758.175151297923
9651.09424791328,9651.446058863548,2.6246454858125046,9798.452874925362,573.4443315399999,106.60937886954657,3,106.60937886954657,0,-241.94456226690423,0.3518109502695037,0.0,1758153600,40.397437192267176,2025-09-18T00:00:00+00:00,9758.055437733095
9650.988162842286,9651.339973792556,2.5806474622545483,9802.88020217437,577.9777438599999,106.60937886954657,3,106.60937886954657,0,-242.05064733789757,0.3518109502695037,0.0,1758240000,44.930849512267216,2025-09-19T00:00:00+00:00,9757.949352662103
9650.849069150529,9651.200880100798,2.7937338363081543,9781.438259242612,556.67489462,106.60937886954657,3,106.60937886954657,0,-242.1897410296545,0.3518109502695037,0.0,1758326400,23.628000272267187,2025-09-20T00:00:00+00:00,9757.810258970345
9650.689155082226,9651.040966032495,2.751709281225778,9785.667005054309,561.0635545,106.60937886954657,3,106.60937886954657,0,-242.34965509795882,0.3518109502695037,0.0,1758412800,28.01666015226715,2025-09-21T00:00:00+00:00,9757.650344902042
9650.529241013921,9650.88105196419,2.8552415189904146,9775.249012146005,550.80547566,106.60937886954657,3,106.60937886954657,0,-242.50956916626313,0.3518109502695037,0.0,1758499200,17.75858131226716,2025-09-22T00:00:00+00:00,9757.490430833737
9665.369183663333,9665.632652102457,3.2222923164380357,9738.314307677532,392.03733936,79.83892094623121,2,79.83892094623121,0,-254.52842695131199,0.263468439122563,0.0,1758585600,-7.157265371156005,2025-09-23T00:00:00+00:00,9745.471573048688
9665.321709753132,9665.585178192256,3.28454089068414,9732.050507927332,385.82101352,79.83892094623121,2,79.83892094623121,0,-254.57590086151262,0.263468439122563,0.0,1758672000,-13.373591211155983,2025-09-24T00:00:00+00:00,9745.424099138487
9665.28699110053,9665.550459539652,3.2927784682311723,9731.221596794727,385.02682103999996,79.83892094623121,2,79.83892094623121,0,-254.61061951411708,0.263468439122563,0.0,1758758400,-14.167783691156012,2025-09-25T00:00:00+00:00,9745.389380485884
9694.065449142134,9694.155063222435,3.454559697296955,9714.942264545234,129.41032896000002,27.15578190930061,1,27.15578190930061,0,-278.6891548682641,0.08961408030069201,0.0,1758844800,-6.368580586503038,2025-09-26T00:00:00+00:00,9721.310845131737
9694.030578402584,9694.120192482886,3.397908669243299,9720.642807885684,135.14574304,27.15578190930061,1,27.15578190930061,0,-278.72402560781387,0.08961408030069201,0.0,1758931200,-0.6331665065030416,2025-09-27T00:00:00+00:00,9721.275974392187
9693.997494513484,9694.087108593785,3.392015885825317,9721.235772716584,135.77179176,27.15578190930061,1,27.15578190930061,0,-278.7571094969139,0.08961408030069201,0.0,1759017600,-0.007117786503043303,2025-09-28T00:00:00+00:00,9721.242890503087
9693.978393136487,9694.068007216789,3.372738233006889,9723.175597979587,137.7307184,27.15578190930061,1,27.15578190930061,0,-278.77621087390895,0.08961408030069201,0.0,1759104000,1.951808853496965,2025-09-29T00:00:00+00:00,9721.22378912609
9693.960071130434,9694.049685210735,3.389979445103841,9721.440690773534,136.0141332,27.15578190930061,1,27.15578190930061,0,-278.7945328799631,0.08961408030069201,0.0,1759190400,0.23522365349695243,2025-09-30T00:00:00+00:00,9721.205467120037
9693.929052438549,9694.01866651885,3.396308573385032,9720.803818481649,135.4082796,27.15578190930061,1,27.15578190930061,0,-278.8255515718491,0.08961408030069201,0.0,1759276800,-0.3706299465030481,2025-10-01T00:00:00+00:00,9721.174448428152
9643.158274843303,9643.41440257696,3.3964117293625695,9720.793438350149,401.29917439999997,77.61446474436583,2,77.61446474436583,0,-278.971132678674,0.25612773365640723,0.0,1759363200,-0.23542897117689776,2025-10-02T00:00:00+00:00,9721.028867321325
9643.193229194692,9643.44935692835,3.403704782555994,9720.059570541538,420.52633624,77.61446474436583,2,77.61446474436583,0,-278.93617832728535,0.25612773365640723,0.0,1759449600,-1.0042511311768987,2025-10-03T00:00:00+00:00,9721.063821672715
9669.789134665929,9669.87874874623,3.488294259907976,9711.547704149029,150.29208304,27.15578190930061,1,27.15578190930061,0,-302.96546934446883,0.08961408030069201,0.0,1759536000,14.51317349349695,2025-10-04T00:00:00+00:00,9697.034530655532
9669.748400993065,9669.838015073366,3.5284368049412596,9707.508336716164,146.29344928,27.15578190930061,1,27.15578190930061,0,-303.0062030173328,0.08961408030069201,0.0,1759622400,10.514539733496964,2025-10-05T00:00:00+00:00,9696.993796982668
9669.707667320201,9669.797281400502,3.5416861314970016,9706.175115363301,145.00096159999998,27.15578190930061,1,27.15578190930061,0,-303.04693669019673,0.08961408030069201,0.0,1759708800,9.222052053496949,2025-10-06T00:00:00+00:00,9696.953063309804
9669.666933647337,9669.756547727638,3.462214063003355,9714.172039450437,153.03861936,27.15578190930061,1,27.15578190930061,0,-303.0876703630607,0.08961408030069201,0.0,1759795200,17.25970981349696,2025-10-07T00:00:00+00:00,9696.91232963694
9669.626199974473,9669.715814054774,3.556143044991711,9704.720379857572,143.62769344,27.15578190930061,1,27.15578190930061,0,-303.12840403592463,0.08961408030069201,0.0,1759881600,7.848783893496966,2025-10-08T00:00:00+00:00,9696.871595964076
9669.585713419225,9669.675327499526,3.517008348401607,9708.658331942324,147.60613208,27.15578190930061,1,27.15578190930061,0,-303.1688905911732,0.08961408030069201,0.0,1759968000,11.827222533496954,2025-10-09T00:00:00+00:00,9696.831109408828
9669.553669596571,9669.643283676873,3.5666979268781374,9703.65828859967,142.63813256,27.15578190930061,1,27.15578190930061,0,-303.2009344138262,0.08961408030069201,0.0,1760054400,6.859223013496963,2025-10-10T00:00:00+00:00,9696.799065586174
9684.704057568835,9684.704057568835,3.7550618440935324,9684.704057568835,0.0,0.0,0,0.0,0,-315.2959424311642,0.0,0.0,1760140800,0.0,2025-10-11T00:00:00+00:00,9684.704057568835
9684.704057568835,9684.704057568835,3.7550618440935324,9684.704057568835,0.0,0.0,0,0.0,0,-315.2959424311642,0.0,0.0,1760227200,0.0,2025-10-12T00:00:00+00:00,9684.704057568835
9684.704057568835,9684.704057568835,3.7550618440935324,9684.704057568835,0.0,0.0,0,0.0,0,-315.2959424311642,0.0,0.0,1760313600,0.0,2025-10-13T00:00:00+00:00,9684.704057568835
9684.704057568835,9684.704057568835,3.7550618440935324,9684.704057568835,0.0,0.0,0,0.0,0,-315.2959424311642,0.0,0.0,1760400000,0.0,2025-10-14T00:00:00+00:00,9684.704057568835
9684.704057568835,9684.704057568835,3.7550618440935324,9684.704057568835,0.0,0.0,0,0.0,0,-315.2959424311642,0.0,0.0,1760486400,0.0,2025-10-15T00:00:00+00:00,9684.704057568835
9684.704057568835,9684.704057568835,3.7550618440935324,9684.704057568835,0.0,0.0,0,0.0,0,-315.2959424311642,0.0,0.0,1760572800,0.0,2025-10-16T00:00:00+00:00,9684.704057568835
9684.704057568835,9684.704057568835,3.7550618440935324,9684.704057568835,0.0,0.0,0,0.0,0,-315.2959424311642,0.0,0.0,1760659200,0.0,2025-10-17T00:00:00+00:00,9684.704057568835
9684.704057568835,9684.704057568835,3.7550618440935324,9684.704057568835,0.0,0.0,0,0.0,0,-315.2959424311642,0.0,0.0,1760745600,0.0,2025-10-18T00:00:00+00:00,9684.704057568835
9684.704057568835,9684.704057568835,3.7550618440935324,9684.704057568835,0.0,0.0,0,0.0,0,-315.2959424311642,0.0,0.0,1760832000,0.0,2025-10-19T00:00:00+00:00,9684.704057568835
9684.704057568835,9684.704057568835,3.7550618440935324,9684.704057568835,0.0,0.0,0,0.0,0,-315.2959424311642,0.0,0.0,1760918400,0.0,2025-10-20T00:00:00+00:00,9684.704057568835
9684.704057568835,9684.704057568835,3.7550618440935324,9684.704057568835,0.0,0.0,0,0.0,0,-315.2959424311642,0.0,0.0,1761004800,0.0,2025-10-21T00:00:00+00:00,9684.704057568835
9684.704057568835,9684.704057568835,3.7550618440935324,9684.704057568835,0.0,0.0,0,0.0,0,-315.2959424311642,0.0,0.0,1761091200,0.0,2025-10-22T00:00:00+00:00,9684.704057568835
9684.704057568835,9684.704057568835,3.7550618440935324,9684.704057568835,0.0,0.0,0,0.0,0,-315.2959424311642,0.0,0.0,1761177600,0.0,2025-10-23T00:00:00+00:00,9684.704057568835
9684.704057568835,9684.704057568835,3.7550618440935324,9684.704057568835,0.0,0.0,0,0.0,0,-315.2959424311642,0.0,0.0,1761264000,0.0,2025-10-24T00:00:00+00:00,9684.704057568835
9684.704057568835,9684.704057568835,3.7550618440935324,9684.704057568835,0.0,0.0,0,0.0,0,-315.2959424311642,0.0,0.0,1761350400,0.0,2025-10-25T00:00:00+00:00,9684.704057568835
9684.704057568835,9684.704057568835,3.7550618440935324,9684.704057568835,0.0,0.0,0,0.0,0,-315.2959424311642,0.0,0.0,1761436800,0.0,2025-10-26T00:00:00+00:00,9684.704057568835
9684.704057568835,9684.704057568835,3.7550618440935324,9684.704057568835,0.0,0.0,0,0.0,0,-315.2959424311642,0.0,0.0,1761523200,0.0,2025-10-27T00:00:00+00:00,9684.704057568835
9684.704057568835,9684.704057568835,3.7550618440935324,9684.704057568835,0.0,0.0,0,0.0,0,-315.2959424311642,0.0,0.0,1761609600,0.0,2025-10-28T00:00:00+00:00,9684.704057568835
9684.704057568835,9684.704057568835,3.7550618440935324,9684.704057568835,0.0,0.0,0,0.0,0,-315.2959424311642,0.0,0.0,1761696000,0.0,2025-10-29T00:00:00+00:00,9684.704057568835
9684.704057568835,9684.704057568835,3.7550618440935324,9684.704057568835,0.0,0.0,0,0.0,0,-315.2959424311642,0.0,0.0,1761782400,0.0,2025-10-30T00:00:00+00:00,9684.704057568835
9684.704057568835,9684.704057568835,3.7550618440935324,9684.704057568835,0.0,0.0,0,0.0,0,-315.2959424311642,0.0,0.0,1761868800,0.0,2025-10-31T00:00:00+00:00,9684.704057568835
9684.704057568835,9684.704057568835,3.7550618440935324,9684.704057568835,0.0,0.0,0,0.0,0,-315.2959424311642,0.0,0.0,1761955200,0.0,2025-11-01T00:00:00+00:00,9684.704057568835
9684.704057568835,9684.704057568835,3.7550618440935324,9684.704057568835,0.0,0.0,0,0.0,0,-315.2959424311642,0.0,0.0,1762041600,0.0,2025-11-02T00:00:00+00:00,9684.704057568835
9684.704057568835,9684.704057568835,3.7550618440935324,9684.704057568835,0.0,0.0,0,0.0,0,-315.2959424311642,0.0,0.0,1762128000,0.0,2025-11-03T00:00:00+00:00,9684.704057568835
9684.704057568835,9684.704057568835,3.7550618440935324,9684.704057568835,0.0,0.0,0,0.0,0,-315.2959424311642,0.0,0.0,1762214400,0.0,2025-11-04T00:00:00+00:00,9684.704057568835
9684.704057568835,9684.704057568835,3.7550618440935324,9684.704057568835,0.0,0.0,0,0.0,0,-315.2959424311642,0.0,0.0,1762300800,0.0,2025-11-05T00:00:00+00:00,9684.704057568835
9684.704057568835,9684.704057568835,3.7550618440935324,9684.704057568835,0.0,0.0,0,0.0,0,-315.2959424311642,0.0,0.0,1762387200,0.0,2025-11-06T00:00:00+00:00,9684.704057568835
9684.704057568835,9684.704057568835,3.7550618440935324,9684.704057568835,0.0,0.0,0,0.0,0,-315.2959424311642,0.0,0.0,1762473600,0.0,2025-11-07T00:00:00+00:00,9684.704057568835
9684.704057568835,9684.704057568835,3.7550618440935324,9684.704057568835,0.0,0.0,0,0.0,0,-315.2959424311642,0.0,0.0,1762560000,0.0,2025-11-08T00:00:00+00:00,9684.704057568835
9684.704057568835,9684.704057568835,3.7550618440935324,9684.704057568835,0.0,0.0,0,0.0,0,-315.2959424311642,0.0,0.0,1762646400,0.0,2025-11-09T00:00:00+00:00,9684.704057568835
9684.704057568835,9684.704057568835,3.7550618440935324,9684.704057568835,0.0,0.0,0,0.0,0,-315.2959424311642,0.0,0.0,1762732800,0.0,2025-11-10T00:00:00+00:00,9684.704057568835
9684.704057568835,9684.704057568835,3.7550618440935324,9684.704057568835,0.0,0.0,0,0.0,0,-315.2959424311642,0.0,0.0,1762819200,0.0,2025-11-11T00:00:00+00:00,9684.704057568835
9684.704057568835,9684.704057568835,3.7550618440935324,9684.704057568835,0.0,0.0,0,0.0,0,-315.2959424311642,0.0,0.0,1762905600,0.0,2025-11-12T00:00:00+00:00,9684.704057568835
9684.704057568835,9684.704057568835,3.7550618440935324,9684.704057568835,0.0,0.0,0,0.0,0,-315.2959424311642,0.0,0.0,1762992000,0.0,2025-11-13T00:00:00+00:00,9684.704057568835
9684.704057568835,9684.704057568835,3.7550618440935324,9684.704057568835,0.0,0.0,0,0.0,0,-315.2959424311642,0.0,0.0,1763078400,0.0,2025-11-14T00:00:00+00:00,9684.704057568835
9684.704057568835,9684.704057568835,3.7550618440935324,9684.704057568835,0.0,0.0,0,0.0,0,-315.2959424311642,0.0,0.0,1763164800,0.0,2025-11-15T00:00:00+00:00,9684.704057568835
9684.704057568835,9684.704057568835,3.7550618440935324,9684.704057568835,0.0,0.0,0,0.0,0,-315.2959424311642,0.0,0.0,1763251200,0.0,2025-11-16T00:00:00+00:00,9684.704057568835
9684.704057568835,9684.704057568835,3.7550618440935324,9684.704057568835,0.0,0.0,0,0.0,0,-315.2959424311642,0.0,0.0,1763337600,0.0,2025-11-17T00:00:00+00:00,9684.704057568835
9684.704057568835,9684.704057568835,3.7550618440935324,9684.704057568835,0.0,0.0,0,0.0,0,-315.2959424311642,0.0,0.0,1763424000,0.0,2025-11-18T00:00:00+00:00,9684.704057568835
9684.704057568835,9684.704057568835,3.7550618440935324,9684.704057568835,0.0,0.0,0,0.0,0,-315.2959424311642,0.0,0.0,1763510400,0.0,2025-11-19T00:00:00+00:00,9684.704057568835
9684.704057568835,9684.704057568835,3.7550618440935324,9684.704057568835,0.0,0.0,0,0.0,0,-315.2959424311642,0.0,0.0,1763596800,0.0,2025-11-20T00:00:00+00:00,9684.704057568835
9684.704057568835,9684.704057568835,3.7550618440935324,9684.704057568835,0.0,0.0,0,0.0,0,-315.2959424311642,0.0,0.0,1763683200,0.0,2025-11-21T00:00:00+00:00,9684.704057568835
9684.704057568835,9684.704057568835,3.7550618440935324,9684.704057568835,0.0,0.0,0,0.0,0,-315.2959424311642,0.0,0.0,1763769600,0.0,2025-11-22T00:00:00+00:00,9684.704057568835
9684.704057568835,9684.704057568835,3.7550618440935324,9684.704057568835,0.0,0.0,0,0.0,0,-315.2959424311642,0.0,0.0,1763856000,0.0,2025-11-23T00:00:00+00:00,9684.704057568835
9684.704057568835,9684.704057568835,3.7550618440935324,9684.704057568835,0.0,0.0,0,0.0,0,-315.2959424311642,0.0,0.0,1763942400,0.0,2025-11-24T00:00:00+00:00,9684.704057568835
9684.704057568835,9684.704057568835,3.7550618440935324,9684.704057568835,0.0,0.0,0,0.0,0,-315.2959424311642,0.0,0.0,1764028800,0.0,2025-11-25T00:00:00+00:00,9684.704057568835
9684.704057568835,9684.704057568835,3.7550618440935324,9684.704057568835,0.0,0.0,0,0.0,0,-315.2959424311642,0.0,0.0,1764115200,0.0,2025-11-26T00:00:00+00:00,9684.704057568835
9684.704057568835,9684.704057568835,3.7550618440935324,9684.704057568835,0.0,0.0,0,0.0,0,-315.2959424311642,0.0,0.0,1764201600,0.0,2025-11-27T00:00:00+00:00,9684.704057568835
9684.704057568835,9684.704057568835,3.7550618440935324,9684.704057568835,0.0,0.0,0,0.0,0,-315.2959424311642,0.0,0.0,1764288000,0.0,2025-11-28T00:00:00+00:00,9684.704057568835
9684.704057568835,9684.704057568835,3.7550618440935324,9684.704057568835,0.0,0.0,0,0.0,0,-315.2959424311642,0.0,0.0,1764374400,0.0,2025-11-29T00:00:00+00:00,9684.704057568835
9684.704057568835,9684.704057568835,3.7550618440935324,9684.704057568835,0.0,0.0,0,0.0,0,-315.2959424311642,0.0,0.0,1764460800,0.0,2025-11-30T00:00:00+00:00,9684.704057568835
9684.704057568835,9684.704057568835,3.7550618440935324,9684.704057568835,0.0,0.0,0,0.0,0,-315.2959424311642,0.0,0.0,1764547200,0.0,2025-12-01T00:00:00+00:00,9684.704057568835
9684.704057568835,9684.704057568835,3.7550618440935324,9684.704057568835,0.0,0.0,0,0.0,0,-315.2959424311642,0.0,0.0,1764633600,0.0,2025-12-02T00:00:00+00:00,9684.704057568835
9684.704057568835,9684.704057568835,3.7550618440935324,9684.704057568835,0.0,0.0,0,0.0,0,-315.2959424311642,0.0,0.0,1764720000,0.0,2025-12-03T00:00:00+00:00,9684.704057568835
9684.704057568835,9684.704057568835,3.7550618440935324,9684.704057568835,0.0,0.0,0,0.0,0,-315.2959424311642,0.0,0.0,1764806400,0.0,2025-12-04T00:00:00+00:00,9684.704057568835
9684.704057568835,9684.704057568835,3.7550618440935324,9684.704057568835,0.0,0.0,0,0.0,0,-315.2959424311642,0.0,0.0,1764892800,0.0,2025-12-05T00:00:00+00:00,9684.704057568835
9684.704057568835,9684.704057568835,3.7550618440935324,9684.704057568835,0.0,0.0,0,0.0,0,-315.2959424311642,0.0,0.0,1764979200,0.0,2025-12-06T00:00:00+00:00,9684.704057568835
9684.704057568835,9684.704057568835,3.7550618440935324,9684.704057568835,0.0,0.0,0,0.0,0,-315.2959424311642,0.0,0.0,1765065600,0.0,2025-12-07T00:00:00+00:00,9684.704057568835
9684.704057568835,9684.704057568835,3.7550618440935324,9684.704057568835,0.0,0.0,0,0.0,0,-315.2959424311642,0.0,0.0,1765152000,0.0,2025-12-08T00:00:00+00:00,9684.704057568835
9684.704057568835,9684.704057568835,3.7550618440935324,9684.704057568835,0.0,0.0,0,0.0,0,-315.2959424311642,0.0,0.0,1765238400,0.0,2025-12-09T00:00:00+00:00,9684.704057568835
9684.704057568835,9684.704057568835,3.7550618440935324,9684.704057568835,0.0,0.0,0,0.0,0,-315.2959424311642,0.0,0.0,1765324800,0.0,2025-12-10T00:00:00+00:00,9684.704057568835
9684.704057568835,9684.704057568835,3.7550618440935324,9684.704057568835,0.0,0.0,0,0.0,0,-315.2959424311642,0.0,0.0,1765411200,0.0,2025-12-11T00:00:00+00:00,9684.704057568835
9684.704057568835,9684.704057568835,3.7550618440935324,9684.704057568835,0.0,0.0,0,0.0,0,-315.2959424311642,0.0,0.0,1765497600,0.0,2025-12-12T00:00:00+00:00,9684.704057568835
9684.704057568835,9684.704057568835,3.7550618440935324,9684.704057568835,0.0,0.0,0,0.0,0,-315.2959424311642,0.0,0.0,1765584000,0.0,2025-12-13T00:00:00+00:00,9684.704057568835
9684.704057568835,9684.704057568835,3.7550618440935324,9684.704057568835,0.0,0.0,0,0.0,0,-315.2959424311642,0.0,0.0,1765670400,0.0,2025-12-14T00:00:00+00:00,9684.704057568835
9684.704057568835,9684.704057568835,3.7550618440935324,9684.704057568835,0.0,0.0,0,0.0,0,-315.2959424311642,0.0,0.0,1765756800,0.0,2025-12-15T00:00:00+00:00,9684.704057568835
9684.704057568835,9684.704057568835,3.7550618440935324,9684.704057568835,0.0,0.0,0,0.0,0,-315.2959424311642,0.0,0.0,1765843200,0.0,2025-12-16T00:00:00+00:00,9684.704057568835
9684.704057568835,9684.704057568835,3.7550618440935324,9684.704057568835,0.0,0.0,0,0.0,0,-315.2959424311642,0.0,0.0,1765929600,0.0,2025-12-17T00:00:00+00:00,9684.704057568835
9684.704057568835,9684.704057568835,3.7550618440935324,9684.704057568835,0.0,0.0,0,0.0,0,-315.2959424311642,0.0,0.0,1766016000,0.0,2025-12-18T00:00:00+00:00,9684.704057568835
9684.704057568835,9684.704057568835,3.7550618440935324,9684.704057568835,0.0,0.0,0,0.0,0,-315.2959424311642,0.0,0.0,1766102400,0.0,2025-12-19T00:00:00+00:00,9684.704057568835
9684.704057568835,9684.704057568835,3.7550618440935324,9684.704057568835,0.0,0.0,0,0.0,0,-315.2959424311642,0.0,0.0,1766188800,0.0,2025-12-20T00:00:00+00:00,9684.704057568835
9684.704057568835,9684.704057568835,3.7550618440935324,9684.704057568835,0.0,0.0,0,0.0,0,-315.2959424311642,0.0,0.0,1766275200,0.0,2025-12-21T00:00:00+00:00,9684.704057568835
9684.704057568835,9684.704057568835,3.7550618440935324,9684.704057568835,0.0,0.0,0,0.0,0,-315.2959424311642,0.0,0.0,1766361600,0.0,2025-12-22T00:00:00+00:00,9684.704057568835
9684.704057568835,9684.704057568835,3.7550618440935324,9684.704057568835,0.0,0.0,0,0.0,0,-315.2959424311642,0.0,0.0,1766448000,0.0,2025-12-23T00:00:00+00:00,9684.704057568835
9684.704057568835,9684.704057568835,3.7550618440935324,9684.704057568835,0.0,0.0,0,0.0,0,-315.2959424311642,0.0,0.0,1766534400,0.0,2025-12-24T00:00:00+00:00,9684.704057568835
9684.704057568835,9684.704057568835,3.7550618440935324,9684.704057568835,0.0,0.0,0,0.0,0,-315.2959424311642,0.0,0.0,1766620800,0.0,2025-12-25T00:00:00+00:00,9684.704057568835
9684.704057568835,9684.704057568835,3.7550618440935324,9684.704057568835,0.0,0.0,0,0.0,0,-315.2959424311642,0.0,0.0,1766707200,0.0,2025-12-26T00:00:00+00:00,9684.704057568835
9684.704057568835,9684.704057568835,3.7550618440935324,9684.704057568835,0.0,0.0,0,0.0,0,-315.2959424311642,0.0,0.0,1766793600,0.0,2025-12-27T00:00:00+00:00,9684.704057568835
9684.704057568835,9684.704057568835,3.7550618440935324,9684.704057568835,0.0,0.0,0,0.0,0,-315.2959424311642,0.0,0.0,1766880000,0.0,2025-12-28T00:00:00+00:00,9684.704057568835
9684.704057568835,9684.704057568835,3.7550618440935324,9684.704057568835,0.0,0.0,0,0.0,0,-315.2959424311642,0.0,0.0,1766966400,0.0,2025-12-29T00:00:00+00:00,9684.704057568835
9684.704057568835,9684.704057568835,3.7550618440935324,9684.704057568835,0.0,0.0,0,0.0,0,-315.2959424311642,0.0,0.0,1767052800,0.0,2025-12-30T00:00:00+00:00,9684.704057568835
9684.704057568835,9684.704057568835,3.7550618440935324,9684.704057568835,0.0,0.0,0,0.0,0,-315.2959424311642,0.0,0.0,1767139200,0.0,2025-12-31T00:00:00+00:00,9684.704057568835
9684.704057568835,9684.704057568835,3.7550618440935324,9684.704057568835,0.0,0.0,0,0.0,0,-315.2959424311642,0.0,0.0,1767225600,0.0,2026-01-01T00:00:00+00:00,9684.704057568835
9684.704057568835,9684.704057568835,3.7550618440935324,9684.704057568835,0.0,0.0,0,0.0,0,-315.2959424311642,0.0,0.0,1767312000,0.0,2026-01-02T00:00:00+00:00,9684.704057568835
9684.704057568835,9684.704057568835,3.7550618440935324,9684.704057568835,0.0,0.0,0,0.0,0,-315.2959424311642,0.0,0.0,1767398400,0.0,2026-01-03T00:00:00+00:00,9684.704057568835
9684.704057568835,9684.704057568835,3.7550618440935324,9684.704057568835,0.0,0.0,0,0.0,0,-315.2959424311642,0.0,0.0,1767484800,0.0,2026-01-04T00:00:00+00:00,9684.704057568835
9684.704057568835,9684.704057568835,3.7550618440935324,9684.704057568835,0.0,0.0,0,0.0,0,-315.2959424311642,0.0,0.0,1767571200,0.0,2026-01-05T00:00:00+00:00,9684.704057568835
9684.704057568835,9684.704057568835,3.7550618440935324,9684.704057568835,0.0,0.0,0,0.0,0,-315.2959424311642,0.0,0.0,1767657600,0.0,2026-01-06T00:00:00+00:00,9684.704057568835
9684.704057568835,9684.704057568835,3.7550618440935324,9684.704057568835,0.0,0.0,0,0.0,0,-315.2959424311642,0.0,0.0,1767744000,0.0,2026-01-07T00:00:00+00:00,9684.704057568835
9684.704057568835,9684.704057568835,3.7550618440935324,9684.704057568835,0.0,0.0,0,0.0,0,-315.2959424311642,0.0,0.0,1767830400,0.0,2026-01-08T00:00:00+00:00,9684.704057568835
9684.704057568835,9684.704057568835,3.7550618440935324,9684.704057568835,0.0,0.0,0,0.0,0,-315.2959424311642,0.0,0.0,1767916800,0.0,2026-01-09T00:00:00+00:00,9684.704057568835
9684.704057568835,9684.704057568835,3.7550618440935324,9684.704057568835,0.0,0.0,0,0.0,0,-315.2959424311642,0.0,0.0,1768003200,0.0,2026-01-10T00:00:00+00:00,9684.704057568835
9684.704057568835,9684.704057568835,3.7550618440935324,9684.704057568835,0.0,0.0,0,0.0,0,-315.2959424311642,0.0,0.0,1768089600,0.0,2026-01-11T00:00:00+00:00,9684.704057568835
9684.704057568835,9684.704057568835,3.7550618440935324,9684.704057568835,0.0,0.0,0,0.0,0,-315.2959424311642,0.0,0.0,1768176000,0.0,2026-01-12T00:00:00+00:00,9684.704057568835
9684.704057568835,9684.704057568835,3.7550618440935324,9684.704057568835,0.0,0.0,0,0.0,0,-315.2959424311642,0.0,0.0,1768262400,0.0,2026-01-13T00:00:00+00:00,9684.704057568835
9684.704057568835,9684.704057568835,3.7550618440935324,9684.704057568835,0.0,0.0,0,0.0,0,-315.2959424311642,0.0,0.0,1768348800,0.0,2026-01-14T00:00:00+00:00,9684.704057568835
9684.704057568835,9684.704057568835,3.7550618440935324,9684.704057568835,0.0,0.0,0,0.0,0,-315.2959424311642,0.0,0.0,1768435200,0.0,2026-01-15T00:00:00+00:00,9684.704057568835
9684.704057568835,9684.704057568835,3.7550618440935324,9684.704057568835,0.0,0.0,0,0.0,0,-315.2959424311642,0.0,0.0,1768521600,0.0,2026-01-16T00:00:00+00:00,9684.704057568835
9684.704057568835,9684.704057568835,3.7550618440935324,9684.704057568835,0.0,0.0,0,0.0,0,-315.2959424311642,0.0,0.0,1768608000,0.0,2026-01-17T00:00:00+00:00,9684.704057568835
9684.704057568835,9684.704057568835,3.7550618440935324,9684.704057568835,0.0,0.0,0,0.0,0,-315.2959424311642,0.0,0.0,1768694400,0.0,2026-01-18T00:00:00+00:00,9684.704057568835
9684.704057568835,9684.704057568835,3.7550618440935324,9684.704057568835,0.0,0.0,0,0.0,0,-315.2959424311642,0.0,0.0,1768780800,0.0,2026-01-19T00:00:00+00:00,9684.704057568835
9684.704057568835,9684.704057568835,3.7550618440935324,9684.704057568835,0.0,0.0,0,0.0,0,-315.2959424311642,0.0,0.0,1768867200,0.0,2026-01-20T00:00:00+00:00,9684.704057568835
9684.704057568835,9684.704057568835,3.7550618440935324,9684.704057568835,0.0,0.0,0,0.0,0,-315.2959424311642,0.0,0.0,1768953600,0.0,2026-01-21T00:00:00+00:00,9684.704057568835
9684.704057568835,9684.704057568835,3.7550618440935324,9684.704057568835,0.0,0.0,0,0.0,0,-315.2959424311642,0.0,0.0,1769040000,0.0,2026-01-22T00:00:00+00:00,9684.704057568835
9684.704057568835,9684.704057568835,3.7550618440935324,9684.704057568835,0.0,0.0,0,0.0,0,-315.2959424311642,0.0,0.0,1769126400,0.0,2026-01-23T00:00:00+00:00,9684.704057568835
9684.704057568835,9684.704057568835,3.7550618440935324,9684.704057568835,0.0,0.0,0,0.0,0,-315.2959424311642,0.0,0.0,1769212800,0.0,2026-01-24T00:00:00+00:00,9684.704057568835
9684.704057568835,9684.704057568835,3.7550618440935324,9684.704057568835,0.0,0.0,0,0.0,0,-315.2959424311642,0.0,0.0,1769299200,0.0,2026-01-25T00:00:00+00:00,9684.704057568835
9684.704057568835,9684.704057568835,3.7550618440935324,9684.704057568835,0.0,0.0,0,0.0,0,-315.2959424311642,0.0,0.0,1769385600,0.0,2026-01-26T00:00:00+00:00,9684.704057568835
9684.704057568835,9684.704057568835,3.7550618440935324,9684.704057568835,0.0,0.0,0,0.0,0,-315.2959424311642,0.0,0.0,1769472000,0.0,2026-01-27T00:00:00+00:00,9684.704057568835
9684.704057568835,9684.704057568835,3.7550618440935324,9684.704057568835,0.0,0.0,0,0.0,0,-315.2959424311642,0.0,0.0,1769558400,0.0,2026-01-28T00:00:00+00:00,9684.704057568835
9684.704057568835,9684.704057568835,3.7550618440935324,9684.704057568835,0.0,0.0,0,0.0,0,-315.2959424311642,0.0,0.0,1769644800,0.0,2026-01-29T00:00:00+00:00,9684.704057568835
9684.704057568835,9684.704057568835,3.7550618440935324,9684.704057568835,0.0,0.0,0,0.0,0,-315.2959424311642,0.0,0.0,1769731200,0.0,2026-01-30T00:00:00+00:00,9684.704057568835
9684.704057568835,9684.704057568835,3.7550618440935324,9684.704057568835,0.0,0.0,0,0.0,0,-315.2959424311642,0.0,0.0,1769817600,0.0,2026-01-31T00:00:00+00:00,9684.704057568835
9684.704057568835,9684.704057568835,3.7550618440935324,9684.704057568835,0.0,0.0,0,0.0,0,-315.2959424311642,0.0,0.0,1769904000,0.0,2026-02-01T00:00:00+00:00,9684.704057568835
9684.704057568835,9684.704057568835,3.7550618440935324,9684.704057568835,0.0,0.0,0,0.0,0,-315.2959424311642,0.0,0.0,1769990400,0.0,2026-02-02T00:00:00+00:00,9684.704057568835
9684.704057568835,9684.704057568835,3.7550618440935324,9684.704057568835,0.0,0.0,0,0.0,0,-315.2959424311642,0.0,0.0,1770076800,0.0,2026-02-03T00:00:00+00:00,9684.704057568835
9684.704057568835,9684.704057568835,3.7550618440935324,9684.704057568835,0.0,0.0,0,0.0,0,-315.2959424311642,0.0,0.0,1770163200,0.0,2026-02-04T00:00:00+00:00,9684.704057568835
9684.704057568835,9684.704057568835,3.7550618440935324,9684.704057568835,0.0,0.0,0,0.0,0,-315.2959424311642,0.0,0.0,1770249600,0.0,2026-02-05T00:00:00+00:00,9684.704057568835
9684.704057568835,9684.704057568835,3.7550618440935324,9684.704057568835,0.0,0.0,0,0.0,0,-315.2959424311642,0.0,0.0,1770336000,0.0,2026-02-06T00:00:00+00:00,9684.704057568835
9684.704057568835,9684.704057568835,3.7550618440935324,9684.704057568835,0.0,0.0,0,0.0,0,-315.2959424311642,0.0,0.0,1770422400,0.0,2026-02-07T00:00:00+00:00,9684.704057568835
9684.704057568835,9684.704057568835,3.7550618440935324,9684.704057568835,0.0,0.0,0,0.0,0,-315.2959424311642,0.0,0.0,1770508800,0.0,2026-02-08T00:00:00+00:00,9684.704057568835
9684.704057568835,9684.704057568835,3.7550618440935324,9684.704057568835,0.0,0.0,0,0.0,0,-315.2959424311642,0.0,0.0,1770595200,0.0,2026-02-09T00:00:00+00:00,9684.704057568835
9684.704057568835,9684.704057568835,3.7550618440935324,9684.704057568835,0.0,0.0,0,0.0,0,-315.2959424311642,0.0,0.0,1770681600,0.0,2026-02-10T00:00:00+00:00,9684.704057568835
9684.704057568835,9684.704057568835,3.7550618440935324,9684.704057568835,0.0,0.0,0,0.0,0,-315.2959424311642,0.0,0.0,1770768000,0.0,2026-02-11T00:00:00+00:00,9684.704057568835
9684.704057568835,9684.704057568835,3.7550618440935324,9684.704057568835,0.0,0.0,0,0.0,0,-315.2959424311642,0.0,0.0,1770854400,0.0,2026-02-12T00:00:00+00:00,9684.704057568835
9684.704057568835,9684.704057568835,3.7550618440935324,9684.704057568835,0.0,0.0,0,0.0,0,-315.2959424311642,0.0,0.0,1770940800,0.0,2026-02-13T00:00:00+00:00,9684.704057568835
9684.704057568835,9684.704057568835,3.7550618440935324,9684.704057568835,0.0,0.0,0,0.0,0,-315.2959424311642,0.0,0.0,1771027200,0.0,2026-02-14T00:00:00+00:00,9684.704057568835
9684.704057568835,9684.704057568835,3.7550618440935324,9684.704057568835,0.0,0.0,0,0.0,0,-315.2959424311642,0.0,0.0,1771113600,0.0,2026-02-15T00:00:00+00:00,9684.704057568835
9684.704057568835,9684.704057568835,3.7550618440935324,9684.704057568835,0.0,0.0,0,0.0,0,-315.2959424311642,0.0,0.0,1771200000,0.0,2026-02-16T00:00:00+00:00,9684.704057568835
9684.704057568835,9684.704057568835,3.7550618440935324,9684.704057568835,0.0,0.0,0,0.0,0,-315.2959424311642,0.0,0.0,1771286400,0.0,2026-02-17T00:00:00+00:00,9684.704057568835
9684.704057568835,9684.704057568835,3.7550618440935324,9684.704057568835,0.0,0.0,0,0.0,0,-315.2959424311642,0.0,0.0,1771372800,0.0,2026-02-18T00:00:00+00:00,9684.704057568835
9684.704057568835,9684.704057568835,3.7550618440935324,9684.704057568835,0.0,0.0,0,0.0,0,-315.2959424311642,0.0,0.0,1771459200,0.0,2026-02-19T00:00:00+00:00,9684.704057568835
9684.704057568835,9684.704057568835,3.7550618440935324,9684.704057568835,0.0,0.0,0,0.0,0,-315.2959424311642,0.0,0.0,1771545600,0.0,2026-02-20T00:00:00+00:00,9684.704057568835
9684.704057568835,9684.704057568835,3.7550618440935324,9684.704057568835,0.0,0.0,0,0.0,0,-315.2959424311642,0.0,0.0,1771632000,0.0,2026-02-21T00:00:00+00:00,9684.704057568835
9684.704057568835,9684.704057568835,3.7550618440935324,9684.704057568835,0.0,0.0,0,0.0,0,-315.2959424311642,0.0,0.0,1771718400,0.0,2026-02-22T00:00:00+00:00,9684.704057568835
9684.704057568835,9684.704057568835,3.7550618440935324,9684.704057568835,0.0,0.0,0,0.0,0,-315.2959424311642,0.0,0.0,1771804800,0.0,2026-02-23T00:00:00+00:00,9684.704057568835
9684.704057568835,9684.704057568835,3.7550618440935324,9684.704057568835,0.0,0.0,0,0.0,0,-315.2959424311642,0.0,0.0,1771891200,0.0,2026-02-24T00:00:00+00:00,9684.704057568835
9684.704057568835,9684.704057568835,3.7550618440935324,9684.704057568835,0.0,0.0,0,0.0,0,-315.2959424311642,0.0,0.0,1771977600,0.0,2026-02-25T00:00:00+00:00,9684.704057568835
9684.704057568835,9684.704057568835,3.7550618440935324,9684.704057568835,0.0,0.0,0,0.0,0,-315.2959424311642,0.0,0.0,1772064000,0.0,2026-02-26T00:00:00+00:00,9684.704057568835
9684.704057568835,9684.704057568835,3.7550618440935324,9684.704057568835,0.0,0.0,0,0.0,0,-315.2959424311642,0.0,0.0,1772150400,0.0,2026-02-27T00:00:00+00:00,9684.704057568835
9684.704057568835,9684.704057568835,3.7550618440935324,9684.704057568835,0.0,0.0,0,0.0,0,-315.2959424311642,0.0,0.0,1772236800,0.0,2026-02-28T00:00:00+00:00,9684.704057568835
9684.704057568835,9684.704057568835,3.7550618440935324,9684.704057568835,0.0,0.0,0,0.0,0,-315.2959424311642,0.0,0.0,1772323200,0.0,2026-03-01T00:00:00+00:00,9684.704057568835
9684.704057568835,9684.704057568835,3.7550618440935324,9684.704057568835,0.0,0.0,0,0.0,0,-315.2959424311642,0.0,0.0,1772409600,0.0,2026-03-02T00:00:00+00:00,9684.704057568835
9684.704057568835,9684.704057568835,3.7550618440935324,9684.704057568835,0.0,0.0,0,0.0,0,-315.2959424311642,0.0,0.0,1772496000,0.0,2026-03-03T00:00:00+00:00,9684.704057568835
9684.704057568835,9684.704057568835,3.7550618440935324,9684.704057568835,0.0,0.0,0,0.0,0,-315.2959424311642,0.0,0.0,1772582400,0.0,2026-03-04T00:00:00+00:00,9684.704057568835
9684.704057568835,9684.704057568835,3.7550618440935324,9684.704057568835,0.0,0.0,0,0.0,0,-315.2959424311642,0.0,0.0,1772668800,0.0,2026-03-05T00:00:00+00:00,9684.704057568835
9684.704057568835,9684.704057568835,3.7550618440935324,9684.704057568835,0.0,0.0,0,0.0,0,-315.2959424311642,0.0,0.0,1772755200,0.0,2026-03-06T00:00:00+00:00,9684.704057568835
9684.704057568835,9684.704057568835,3.7550618440935324,9684.704057568835,0.0,0.0,0,0.0,0,-315.2959424311642,0.0,0.0,1772841600,0.0,2026-03-07T00:00:00+00:00,9684.704057568835
9684.704057568835,9684.704057568835,3.7550618440935324,9684.704057568835,0.0,0.0,0,0.0,0,-315.2959424311642,0.0,0.0,1772928000,0.0,2026-03-08T00:00:00+00:00,9684.704057568835
9684.704057568835,9684.704057568835,3.7550618440935324,9684.704057568835,0.0,0.0,0,0.0,0,-315.2959424311642,0.0,0.0,1773014400,0.0,2026-03-09T00:00:00+00:00,9684.704057568835
9684.704057568835,9684.704057568835,3.7550618440935324,9684.704057568835,0.0,0.0,0,0.0,0,-315.2959424311642,0.0,0.0,1773100800,0.0,2026-03-10T00:00:00+00:00,9684.704057568835
9684.704057568835,9684.704057568835,3.7550618440935324,9684.704057568835,0.0,0.0,0,0.0,0,-315.2959424311642,0.0,0.0,1773187200,0.0,2026-03-11T00:00:00+00:00,9684.704057568835
9684.704057568835,9684.704057568835,3.7550618440935324,9684.704057568835,0.0,0.0,0,0.0,0,-315.2959424311642,0.0,0.0,1773273600,0.0,2026-03-12T00:00:00+00:00,9684.704057568835
9684.704057568835,9684.704057568835,3.7550618440935324,9684.704057568835,0.0,0.0,0,0.0,0,-315.2959424311642,0.0,0.0,1773360000,0.0,2026-03-13T00:00:00+00:00,9684.704057568835
9684.704057568835,9684.704057568835,3.7550618440935324,9684.704057568835,0.0,0.0,0,0.0,0,-315.2959424311642,0.0,0.0,1773446400,0.0,2026-03-14T00:00:00+00:00,9684.704057568835
9684.704057568835,9684.704057568835,3.7550618440935324,9684.704057568835,0.0,0.0,0,0.0,0,-315.2959424311642,0.0,0.0,1773532800,0.0,2026-03-15T00:00:00+00:00,9684.704057568835
9684.704057568835,9684.704057568835,3.7550618440935324,9684.704057568835,0.0,0.0,0,0.0,0,-315.2959424311642,0.0,0.0,1773619200,0.0,2026-03-16T00:00:00+00:00,9684.704057568835
9684.704057568835,9684.704057568835,3.7550618440935324,9684.704057568835,0.0,0.0,0,0.0,0,-315.2959424311642,0.0,0.0,1773705600,0.0,2026-03-17T00:00:00+00:00,9684.704057568835
9684.704057568835,9684.704057568835,3.7550618440935324,9684.704057568835,0.0,0.0,0,0.0,0,-315.2959424311642,0.0,0.0,1773792000,0.0,2026-03-18T00:00:00+00:00,9684.704057568835
9684.704057568835,9684.704057568835,3.7550618440935324,9684.704057568835,0.0,0.0,0,0.0,0,-315.2959424311642,0.0,0.0,1773878400,0.0,2026-03-19T00:00:00+00:00,9684.704057568835
9684.704057568835,9684.704057568835,3.7550618440935324,9684.704057568835,0.0,0.0,0,0.0,0,-315.2959424311642,0.0,0.0,1773964800,0.0,2026-03-20T00:00:00+00:00,9684.704057568835
9684.704057568835,9684.704057568835,3.7550618440935324,9684.704057568835,0.0,0.0,0,0.0,0,-315.2959424311642,0.0,0.0,1774051200,0.0,2026-03-21T00:00:00+00:00,9684.704057568835
9684.704057568835,9684.704057568835,3.7550618440935324,9684.704057568835,0.0,0.0,0,0.0,0,-315.2959424311642,0.0,0.0,1774137600,0.0,2026-03-22T00:00:00+00:00,9684.704057568835
9684.704057568835,9684.704057568835,3.7550618440935324,9684.704057568835,0.0,0.0,0,0.0,0,-315.2959424311642,0.0,0.0,1774224000,0.0,2026-03-23T00:00:00+00:00,9684.704057568835
9684.704057568835,9684.704057568835,3.7550618440935324,9684.704057568835,0.0,0.0,0,0.0,0,-315.2959424311642,0.0,0.0,1774310400,0.0,2026-03-24T00:00:00+00:00,9684.704057568835
9684.704057568835,9684.704057568835,3.7550618440935324,9684.704057568835,0.0,0.0,0,0.0,0,-315.2959424311642,0.0,0.0,1774396800,0.0,2026-03-25T00:00:00+00:00,9684.704057568835
9684.704057568835,9684.704057568835,3.7550618440935324,9684.704057568835,0.0,0.0,0,0.0,0,-315.2959424311642,0.0,0.0,1774483200,0.0,2026-03-26T00:00:00+00:00,9684.704057568835
9684.704057568835,9684.704057568835,3.7550618440935324,9684.704057568835,0.0,0.0,0,0.0,0,-315.2959424311642,0.0,0.0,1774569600,0.0,2026-03-27T00:00:00+00:00,9684.704057568835
9684.704057568835,9684.704057568835,3.7550618440935324,9684.704057568835,0.0,0.0,0,0.0,0,-315.2959424311642,0.0,0.0,1774656000,0.0,2026-03-28T00:00:00+00:00,9684.704057568835
9684.704057568835,9684.704057568835,3.7550618440935324,9684.704057568835,0.0,0.0,0,0.0,0,-315.2959424311642,0.0,0.0,1774742400,0.0,2026-03-29T00:00:00+00:00,9684.704057568835
9684.704057568835,9684.704057568835,3.7550618440935324,9684.704057568835,0.0,0.0,0,0.0,0,-315.2959424311642,0.0,0.0,1774828800,0.0,2026-03-30T00:00:00+00:00,9684.704057568835
9684.704057568835,9684.704057568835,3.7550618440935324,9684.704057568835,0.0,0.0,0,0.0,0,-315.2959424311642,0.0,0.0,1774915200,0.0,2026-03-31T00:00:00+00:00,9684.704057568835
9684.704057568835,9684.704057568835,3.7550618440935324,9684.704057568835,0.0,0.0,0,0.0,0,-315.2959424311642,0.0,0.0,1775001600,0.0,2026-04-01T00:00:00+00:00,9684.704057568835
9684.704057568835,9684.704057568835,3.7550618440935324,9684.704057568835,0.0,0.0,0,0.0,0,-315.2959424311642,0.0,0.0,1775088000,0.0,2026-04-02T00:00:00+00:00,9684.704057568835
9684.704057568835,9684.704057568835,3.7550618440935324,9684.704057568835,0.0,0.0,0,0.0,0,-315.2959424311642,0.0,0.0,1775174400,0.0,2026-04-03T00:00:00+00:00,9684.704057568835
9684.704057568835,9684.704057568835,3.7550618440935324,9684.704057568835,0.0,0.0,0,0.0,0,-315.2959424311642,0.0,0.0,1775260800,0.0,2026-04-04T00:00:00+00:00,9684.704057568835
9684.704057568835,9684.704057568835,3.7550618440935324,9684.704057568835,0.0,0.0,0,0.0,0,-315.2959424311642,0.0,0.0,1775347200,0.0,2026-04-05T00:00:00+00:00,9684.704057568835
9684.704057568835,9684.704057568835,3.7550618440935324,9684.704057568835,0.0,0.0,0,0.0,0,-315.2959424311642,0.0,0.0,1775433600,0.0,2026-04-06T00:00:00+00:00,9684.704057568835
9684.704057568835,9684.704057568835,3.7550618440935324,9684.704057568835,0.0,0.0,0,0.0,0,-315.2959424311642,0.0,0.0,1775520000,0.0,2026-04-07T00:00:00+00:00,9684.704057568835
9684.704057568835,9684.704057568835,3.7550618440935324,9684.704057568835,0.0,0.0,0,0.0,0,-315.2959424311642,0.0,0.0,1775606400,0.0,2026-04-08T00:00:00+00:00,9684.704057568835
9684.704057568835,9684.704057568835,3.7550618440935324,9684.704057568835,0.0,0.0,0,0.0,0,-315.2959424311642,0.0,0.0,1775692800,0.0,2026-04-09T00:00:00+00:00,9684.704057568835
9684.704057568835,9684.704057568835,3.7550618440935324,9684.704057568835,0.0,0.0,0,0.0,0,-315.2959424311642,0.0,0.0,1775779200,0.0,2026-04-10T00:00:00+00:00,9684.704057568835
9684.704057568835,9684.704057568835,3.7550618440935324,9684.704057568835,0.0,0.0,0,0.0,0,-315.2959424311642,0.0,0.0,1775865600,0.0,2026-04-11T00:00:00+00:00,9684.704057568835
9684.704057568835,9684.704057568835,3.7550618440935324,9684.704057568835,0.0,0.0,0,0.0,0,-315.2959424311642,0.0,0.0,1775952000,0.0,2026-04-12T00:00:00+00:00,9684.704057568835
9684.704057568835,9684.704057568835,3.7550618440935324,9684.704057568835,0.0,0.0,0,0.0,0,-315.2959424311642,0.0,0.0,1776038400,0.0,2026-04-13T00:00:00+00:00,9684.704057568835
9684.704057568835,9684.704057568835,3.7550618440935324,9684.704057568835,0.0,0.0,0,0.0,0,-315.2959424311642,0.0,0.0,1776124800,0.0,2026-04-14T00:00:00+00:00,9684.704057568835
9684.704057568835,9684.704057568835,3.7550618440935324,9684.704057568835,0.0,0.0,0,0.0,0,-315.2959424311642,0.0,0.0,1776211200,0.0,2026-04-15T00:00:00+00:00,9684.704057568835
9684.704057568835,9684.704057568835,3.7550618440935324,9684.704057568835,0.0,0.0,0,0.0,0,-315.2959424311642,0.0,0.0,1776297600,0.0,2026-04-16T00:00:00+00:00,9684.704057568835
9684.704057568835,9684.704057568835,3.7550618440935324,9684.704057568835,0.0,0.0,0,0.0,0,-315.2959424311642,0.0,0.0,1776384000,0.0,2026-04-17T00:00:00+00:00,9684.704057568835
9684.704057568835,9684.704057568835,3.7550618440935324,9684.704057568835,0.0,0.0,0,0.0,0,-315.2959424311642,0.0,0.0,1776470400,0.0,2026-04-18T00:00:00+00:00,9684.704057568835
9684.704057568835,9684.704057568835,3.7550618440935324,9684.704057568835,0.0,0.0,0,0.0,0,-315.2959424311642,0.0,0.0,1776556800,0.0,2026-04-19T00:00:00+00:00,9684.704057568835
9684.704057568835,9684.704057568835,3.7550618440935324,9684.704057568835,0.0,0.0,0,0.0,0,-315.2959424311642,0.0,0.0,1776643200,0.0,2026-04-20T00:00:00+00:00,9684.704057568835
9684.704057568835,9684.704057568835,3.7550618440935324,9684.704057568835,0.0,0.0,0,0.0,0,-315.2959424311642,0.0,0.0,1776729600,0.0,2026-04-21T00:00:00+00:00,9684.704057568835
9684.704057568835,9684.704057568835,3.7550618440935324,9684.704057568835,0.0,0.0,0,0.0,0,-315.2959424311642,0.0,0.0,1776816000,0.0,2026-04-22T00:00:00+00:00,9684.704057568835
9684.704057568835,9684.704057568835,3.7550618440935324,9684.704057568835,0.0,0.0,0,0.0,0,-315.2959424311642,0.0,0.0,1776902400,0.0,2026-04-23T00:00:00+00:00,9684.704057568835
9684.704057568835,9684.704057568835,3.7550618440935324,9684.704057568835,0.0,0.0,0,0.0,0,-315.2959424311642,0.0,0.0,1776988800,0.0,2026-04-24T00:00:00+00:00,9684.704057568835
9684.704057568835,9684.704057568835,3.7550618440935324,9684.704057568835,0.0,0.0,0,0.0,0,-315.2959424311642,0.0,0.0,1777075200,0.0,2026-04-25T00:00:00+00:00,9684.704057568835
9684.704057568835,9684.704057568835,3.7550618440935324,9684.704057568835,0.0,0.0,0,0.0,0,-315.2959424311642,0.0,0.0,1777161600,0.0,2026-04-26T00:00:00+00:00,9684.704057568835
9684.704057568835,9684.704057568835,3.7550618440935324,9684.704057568835,0.0,0.0,0,0.0,0,-315.2959424311642,0.0,0.0,1777248000,0.0,2026-04-27T00:00:00+00:00,9684.704057568835
9684.704057568835,9684.704057568835,3.7550618440935324,9684.704057568835,0.0,0.0,0,0.0,0,-315.2959424311642,0.0,0.0,1777334400,0.0,2026-04-28T00:00:00+00:00,9684.704057568835
9684.704057568835,9684.704057568835,3.7550618440935324,9684.704057568835,0.0,0.0,0,0.0,0,-315.2959424311642,0.0,0.0,1777420800,0.0,2026-04-29T00:00:00+00:00,9684.704057568835
9684.704057568835,9684.704057568835,3.7550618440935324,9684.704057568835,0.0,0.0,0,0.0,0,-315.2959424311642,0.0,0.0,1777507200,0.0,2026-04-30T00:00:00+00:00,9684.704057568835
9684.704057568835,9684.704057568835,3.7550618440935324,9684.704057568835,0.0,0.0,0,0.0,0,-315.2959424311642,0.0,0.0,1777593600,0.0,2026-05-01T00:00:00+00:00,9684.704057568835
9684.704057568835,9684.704057568835,3.7550618440935324,9684.704057568835,0.0,0.0,0,0.0,0,-315.2959424311642,0.0,0.0,1777680000,0.0,2026-05-02T00:00:00+00:00,9684.704057568835
9684.704057568835,9684.704057568835,3.7550618440935324,9684.704057568835,0.0,0.0,0,0.0,0,-315.2959424311642,0.0,0.0,1777766400,0.0,2026-05-03T00:00:00+00:00,9684.704057568835
9684.704057568835,9684.704057568835,3.7550618440935324,9684.704057568835,0.0,0.0,0,0.0,0,-315.2959424311642,0.0,0.0,1777852800,0.0,2026-05-04T00:00:00+00:00,9684.704057568835
9684.704057568835,9684.704057568835,3.7550618440935324,9684.704057568835,0.0,0.0,0,0.0,0,-315.2959424311642,0.0,0.0,1777939200,0.0,2026-05-05T00:00:00+00:00,9684.704057568835
9684.704057568835,9684.704057568835,3.7550618440935324,9684.704057568835,0.0,0.0,0,0.0,0,-315.2959424311642,0.0,0.0,1778025600,0.0,2026-05-06T00:00:00+00:00,9684.704057568835
9684.704057568835,9684.704057568835,3.7550618440935324,9684.704057568835,0.0,0.0,0,0.0,0,-315.2959424311642,0.0,0.0,1778112000,0.0,2026-05-07T00:00:00+00:00,9684.704057568835
9684.704057568835,9684.704057568835,3.7550618440935324,9684.704057568835,0.0,0.0,0,0.0,0,-315.2959424311642,0.0,0.0,1778198400,0.0,2026-05-08T00:00:00+00:00,9684.704057568835
9684.704057568835,9684.704057568835,3.7550618440935324,9684.704057568835,0.0,0.0,0,0.0,0,-315.2959424311642,0.0,0.0,1778284800,0.0,2026-05-09T00:00:00+00:00,9684.704057568835
9684.704057568835,9684.704057568835,3.7550618440935324,9684.704057568835,0.0,0.0,0,0.0,0,-315.2959424311642,0.0,0.0,1778371200,0.0,2026-05-10T00:00:00+00:00,9684.704057568835
9684.704057568835,9684.704057568835,3.7550618440935324,9684.704057568835,0.0,0.0,0,0.0,0,-315.2959424311642,0.0,0.0,1778457600,0.0,2026-05-11T00:00:00+00:00,9684.704057568835
9684.704057568835,9684.704057568835,3.7550618440935324,9684.704057568835,0.0,0.0,0,0.0,0,-315.2959424311642,0.0,0.0,1778544000,0.0,2026-05-12T00:00:00+00:00,9684.704057568835
9684.704057568835,9684.704057568835,3.7550618440935324,9684.704057568835,0.0,0.0,0,0.0,0,-315.2959424311642,0.0,0.0,1778630400,0.0,2026-05-13T00:00:00+00:00,9684.704057568835
9684.704057568835,9684.704057568835,3.7550618440935324,9684.704057568835,0.0,0.0,0,0.0,0,-315.2959424311642,0.0,0.0,1778716800,0.0,2026-05-14T00:00:00+00:00,9684.704057568835
9684.704057568835,9684.704057568835,3.7550618440935324,9684.704057568835,0.0,0.0,0,0.0,0,-315.2959424311642,0.0,0.0,1778803200,0.0,2026-05-15T00:00:00+00:00,9684.704057568835
9684.704057568835,9684.704057568835,3.7550618440935324,9684.704057568835,0.0,0.0,0,0.0,0,-315.2959424311642,0.0,0.0,1778889600,0.0,2026-05-16T00:00:00+00:00,9684.704057568835
9684.704057568835,9684.704057568835,3.7550618440935324,9684.704057568835,0.0,0.0,0,0.0,0,-315.2959424311642,0.0,0.0,1778976000,0.0,2026-05-17T00:00:00+00:00,9684.704057568835
9684.704057568835,9684.704057568835,3.7550618440935324,9684.704057568835,0.0,0.0,0,0.0,0,-315.2959424311642,0.0,0.0,1779062400,0.0,2026-05-18T00:00:00+00:00,9684.704057568835
9684.704057568835,9684.704057568835,3.7550618440935324,9684.704057568835,0.0,0.0,0,0.0,0,-315.2959424311642,0.0,0.0,1779148800,0.0,2026-05-19T00:00:00+00:00,9684.704057568835
9684.704057568835,9684.704057568835,3.7550618440935324,9684.704057568835,0.0,0.0,0,0.0,0,-315.2959424311642,0.0,0.0,1779235200,0.0,2026-05-20T00:00:00+00:00,9684.704057568835
9684.704057568835,9684.704057568835,3.7550618440935324,9684.704057568835,0.0,0.0,0,0.0,0,-315.2959424311642,0.0,0.0,1779321600,0.0,2026-05-21T00:00:00+00:00,9684.704057568835
9684.704057568835,9684.704057568835,3.7550618440935324,9684.704057568835,0.0,0.0,0,0.0,0,-315.2959424311642,0.0,0.0,1779408000,0.0,2026-05-22T00:00:00+00:00,9684.704057568835
9684.704057568835,9684.704057568835,3.7550618440935324,9684.704057568835,0.0,0.0,0,0.0,0,-315.2959424311642,0.0,0.0,1779494400,0.0,2026-05-23T00:00:00+00:00,9684.704057568835
9684.704057568835,9684.704057568835,3.7550618440935324,9684.704057568835,0.0,0.0,0,0.0,0,-315.2959424311642,0.0,0.0,1779580800,0.0,2026-05-24T00:00:00+00:00,9684.704057568835
9684.704057568835,9684.704057568835,3.7550618440935324,9684.704057568835,0.0,0.0,0,0.0,0,-315.2959424311642,0.0,0.0,1779667200,0.0,2026-05-25T00:00:00+00:00,9684.704057568835
