available_cash,cash,drawdown_pct,equity,gross_notional,initial_margin,open_count,open_margin,pending_count,realized_net,reserved_close_fees,reserved_pending,time,unrealized,utc,wallet_balance
10000.0,10000.0,0,10000.0,0.0,0.0,0,0.0,0,0.0,0.0,0.0,1701043200,0.0,2023-11-27T00:00:00+00:00,10000.0
9932.144800053858,9932.36704426985,0.025702068580990556,9998.337035795259,335.35692,67.34673211864751,1,67.34673211864751,0,-0.28622361150425196,0.2222442159915368,0.0,1701129600,-1.3767405932376007,2023-11-28T00:00:00+00:00,9999.713776388497
9932.04377995568,9932.266024171671,0.011955087112902607,10000.850695697081,337.97159999999997,67.34673211864751,1,67.34673211864751,0,-0.3872437096822232,0.2222442159915368,0.0,1701216000,1.2379394067623606,2023-11-29T00:00:00+00:00,9999.612756290318
9931.942759857502,9932.165004073493,0.015678211111913587,10001.911755598903,339.13368,67.34673211864751,1,67.34673211864751,0,-0.4882638078601945,0.2222442159915368,0.0,1701302400,2.4000194067624046,2023-11-30T00:00:00+00:00,9999.51173619214
9931.841739759324,9932.063983975315,0.04572995371965316,9998.905535500724,336.22848,67.34673211864751,1,67.34673211864751,0,-0.5892839060381657,0.2222442159915368,0.0,1701388800,-0.5051805932376365,2023-12-01T00:00:00+00:00,9999.410716093962
9931.740719661146,9931.962963877137,0.026935388491200474,10009.311655402546,346.73562,67.34673211864751,1,67.34673211864751,0,-0.690304004216137,0.2222442159915368,0.0,1701475200,10.00195940676237,2023-12-02T00:00:00+00:00,9999.309695995784
9931.639699562968,9931.861943778958,0.01532571641896796,10012.309515304369,349.8345,67.34673211864751,1,67.34673211864751,0,-0.7913241023941084,0.2222442159915368,0.0,1701561600,13.100839406762374,2023-12-03T00:00:00+00:00,9999.208675897606
9931.3880854371,9931.610329653091,0.019918578840194545,10012.4452611785,350.22186,67.34673211864751,1,67.34673211864751,0,-1.0429382282625874,0.2222442159915368,0.0,1701648000,13.488199406762366,2023-12-04T00:00:00+00:00,9998.957061771738
9931.112970669057,9931.335214885048,0.0858566236277225,10015.220606410458,353.2723199999999,67.34673211864751,1,67.34673211864751,0,-1.3180529963038683,0.2222442159915368,0.0,1701734400,16.538659406762342,2023-12-05T00:00:00+00:00,9998.681947003695
9930.928996233593,9931.151240449584,0.017649882313275356,10022.057531974993,360.29321999999996,67.34673211864751,1,67.34673211864751,0,-1.5020274317689837,0.2222442159915368,0.0,1701820800,23.559559406762357,2023-12-06T00:00:00+00:00,9998.497972568231
9930.632266531878,9930.85451074787,0.11432164218089236,10012.36732227328,350.89973999999995,67.34673211864751,1,67.34673211864751,0,-1.7987571334837447,0.2222442159915368,0.0,1701907200,14.166079406762368,2023-12-07T00:00:00+00:00,9998.201242866517
9930.350598926801,9930.572843142792,0.038394627446203256,10019.978114668202,358.7921999999999,67.34673211864751,1,67.34673211864751,0,-2.08042473856017,0.2222442159915368,0.0,1701993600,22.058539406762346,2023-12-08T00:00:00+00:00,9997.91957526144
9985.903541080834,9986.01466318883,0,10041.514958951533,190.19376,33.673366059323754,1,33.673366059323754,0,19.688029248152493,0.1111221079957684,0.0,1702080000,21.82692970338119,2023-12-09T00:00:00+00:00,10019.688029248153
9985.630019063006,9985.741141171002,0.07526098310728369,10035.987866933707,184.94019,33.673366059323754,1,33.673366059323754,0,19.414507230325817,0.1111221079957684,0.0,1702166400,16.573359703381186,2023-12-10T00:00:00+00:00,10019.414507230325
9985.435412262208,9985.546534370204,0.05670933748217477,10037.851110132908,186.99803999999997,33.673366059323754,1,33.673366059323754,0,19.21990042952747,0.1111221079957684,0.0,1702252800,18.631209703381174,2023-12-11T00:00:00+00:00,10019.219900429527
10019.076816404302,10019.076816404302,0.24363826026799762,10019.076816404302,0.0,0.0,0,0.0,0,19.076816404302363,0.0,0.0,1702339200,0.0,2023-12-12T00:00:00+00:00,10019.076816404302
9985.444751206016,9985.554969702045,0.21240849278845175,10022.213392697575,170.25660000000002,33.39954425111788,1,33.39954425111788,0,18.95451395316362,0.11021849602868901,0.0,1702425600,3.2588787444106235,2023-12-13T00:00:00+00:00,10018.954513953164
9985.374829260127,9985.485047756156,0.15714148205622225,10027.764160751685,175.87729000000002,33.39954425111788,1,33.39954425111788,0,18.884592007273906,0.11021849602868901,0.0,1702512000,8.87956874441063,2023-12-14T00:00:00+00:00,10018.884592007274
9985.318210352712,9985.428428848742,0.15145533245758402,10028.335251844272,176.50500000000002,33.39954425111788,1,33.39954425111788,0,18.82797309985941,0.11021849602868901,0.0,1702598400,9.507278744410623,2023-12-15T00:00:00+00:00,10018.82797309986
9985.253467006158,9985.363685502187,0.19579199421957405,10023.882278497716,172.11677,33.39954425111788,1,33.39954425111788,0,18.76322975330583,0.11021849602868901,0.0,1702684800,5.119048744410612,2023-12-16T00:00:00+00:00,10018.763229753305
9985.154771352896,9985.264989848925,0.1838503527067603,10025.081642844454,173.41483000000002,33.39954425111788,1,33.39954425111788,0,18.664534100043777,0.11021849602868901,0.0,1702771200,6.417108744410635,2023-12-17T00:00:00+00:00,10018.664534100044
9985.099156101785,9985.209374597815,0.22118900755233595,10021.331517593344,169.72032000000002,33.39954425111788,1,33.39954425111788,0,18.608918848934028,0.11021849602868901,0.0,1702857600,2.7225987444106114,2023-12-18T00:00:00+00:00,10018.608918848933
9985.047836032067,9985.158054528096,0.16910461877764904,10026.562637523624,175.00276,33.39954425111788,1,33.39954425111788,0,18.557598779214974,0.11021849602868901,0.0,1702944000,8.005038744410617,2023-12-19T00:00:00+00:00,10018.557598779214
9984.978243071688,9985.088461567717,0.18553858382286403,10024.912084563246,173.42180000000002,33.39954425111788,1,33.39954425111788,0,18.48800581883613,0.11021849602868901,0.0,1703030400,6.4240787444106235,2023-12-20T00:00:00+00:00,10018.488005818836
9984.904889322626,9985.015107818655,0.12862794857115833,10030.627930814184,179.211,33.39954425111788,1,33.39954425111788,0,18.41465206977461,0.11021849602868901,0.0,1703116800,12.213278744410625,2023-12-21T00:00:00+00:00,10018.414652069774
9984.77035094845,9984.88056944448,0.12212554814627907,10031.28100244001,179.99861,33.39954425111788,1,33.39954425111788,0,18.28011369559947,0.11021849602868901,0.0,1703203200,13.000888744410618,2023-12-22T00:00:00+00:00,10018.280113695599
9984.660237660988,9984.770456157017,0.11881718785111683,10031.613279152547,180.441,33.39954425111788,1,33.39954425111788,0,18.170000408135174,0.11021849602868901,0.0,1703289600,13.443278744410625,2023-12-23T00:00:00+00:00,10018.170000408136
9984.610138344611,9984.72035684064,0.13051354718424113,10030.43854983617,179.31637,33.39954425111788,1,33.39954425111788,0,18.119901091758496,0.11021849602868901,0.0,1703376000,12.318648744410613,2023-12-24T00:00:00+00:00,10018.119901091759
9984.534660384536,9984.644878880565,0.16038763487520313,10027.438131876093,176.39143,33.39954425111788,1,33.39954425111788,0,18.04442313168261,0.11021849602868901,0.0,1703462400,9.393708744410636,2023-12-25T00:00:00+00:00,10018.044423131683
9984.435817773277,9984.546036269307,0.13730706932406633,10029.756239264836,178.80838000000003,33.39954425111788,1,33.39954425111788,0,17.94558052042585,0.11021849602868901,0.0,1703548800,11.810658744410636,2023-12-26T00:00:00+00:00,10017.945580520425
9984.267554209295,9984.377772705324,0.18224581139691942,10025.242795700853,174.4632,33.39954425111788,1,33.39954425111788,0,17.777316956443144,0.11021849602868901,0.0,1703635200,7.465478744410624,2023-12-27T00:00:00+00:00,10017.777316956443
9984.07767112032,9984.187889616349,0.14731475564326857,10028.751112611879,178.16140000000001,33.39954425111788,1,33.39954425111788,0,17.58743386746669,0.11021849602868901,0.0,1703721600,11.163678744410625,2023-12-28T00:00:00+00:00,10017.587433867468
9983.817236504043,9983.927455000072,0.1844842408192604,10025.017977995602,174.6887,33.39954425111788,1,33.39954425111788,0,17.326999251191385,0.11021849602868901,0.0,1703808000,7.690978744410624,2023-12-29T00:00:00+00:00,10017.32699925119
9983.605635361419,9983.715853857448,0.2074798140231815,10022.708406852977,172.59073000000004,33.39954425111788,1,33.39954425111788,0,17.11539810856564,0.11021849602868901,0.0,1703894400,5.593008744410636,2023-12-30T00:00:00+00:00,10017.115398108566
9983.459313628031,9983.56953212406,0.20559334630876336,10022.89787511959,172.92652,33.39954425111788,1,33.39954425111788,0,16.969076375178705,0.11021849602868901,0.0,1703980800,5.928798744410612,2023-12-31T00:00:00+00:00,10016.969076375179
9983.24623622555,9983.35645472158,0.20168952022312503,10023.289957717108,173.53168000000002,33.39954425111788,1,33.39954425111788,0,16.75599897269706,0.11021849602868901,0.0,1704067200,6.5339587444106355,2024-01-01T00:00:00+00:00,10016.755998972698
9983.005098195965,9983.115316691994,0.12609140565498222,10030.882689687523,181.36555,33.39954425111788,1,33.39954425111788,0,16.51486094311284,0.11021849602868901,0.0,1704153600,14.367828744410625,2024-01-02T00:00:00+00:00,10016.514860943113
9982.734687135822,9982.844905631851,0.0980242396116715,10033.701628627381,184.4549,33.39954425111788,1,33.39954425111788,0,16.244449882969725,0.11021849602868901,0.0,1704240000,17.457178744410623,2024-01-03T00:00:00+00:00,10016.24444988297
9982.642121968907,9982.752340464936,0.18537062625112455,10024.928953460465,175.77479000000002,33.39954425111788,1,33.39954425111788,0,16.151884716054965,0.11021849602868901,0.0,1704326400,8.777068744410629,2024-01-04T00:00:00+00:00,10016.151884716055
9982.59202265253,9982.70224114856,0.13343737180231408,10030.144894144089,181.04083000000003,33.39954425111788,1,33.39954425111788,0,16.10178539967829,0.11021849602868901,0.0,1704412800,14.043108744410636,2024-01-05T00:00:00+00:00,10016.101785399678
9939.513317550109,9939.76488729704,0.15510394577441522,10027.968801660472,397.285943,76.2332566457685,2,76.2332566457685,0,15.998143942808298,0.25156974693103606,0.0,1704499200,11.970657717663773,2024-01-06T00:00:00+00:00,10015.998143942808
9939.527468802324,9939.779038549255,0.1517204970680308,10028.308619912686,395.448196,76.2332566457685,2,76.2332566457685,0,16.012295195023597,0.25156974693103606,0.0,1704585600,12.29632471766376,2024-01-07T00:00:00+00:00,10016.012295195023
9939.541620054539,9939.79318980147,0.10736573507005298,10032.763411164902,390.71071599999993,76.2332566457685,2,76.2332566457685,0,16.026446447238897,0.25156974693103606,0.0,1704672000,16.73696471766376,2024-01-08T00:00:00+00:00,10016.026446447238
9907.328280340076,9907.686044276961,0.040359299452641384,10039.970175393066,581.690156,108.41331420760048,3,108.41331420760048,0,16.099358484562096,0.35776393688508157,0.0,1704758400,23.87081690850395,2024-01-09T00:00:00+00:00,10016.099358484562
9907.294161505948,9907.651925442833,0.09366968166603096,10037.594369558938,574.3005029999999,108.41331420760048,3,108.41331420760048,0,16.06523965043465,0.35776393688508157,0.0,1704844800,21.52912990850392,2024-01-10T00:00:00+00:00,10016.065239650434
9937.915788540513,9938.132201226495,0.11647414429378777,10035.303203974696,359.48941,65.57960181294985,2,65.57960181294985,0,3.7118030394447485,0.2164126859827345,0.0,1704931200,31.591400935250768,2024-01-11T00:00:00+00:00,10003.711803039445
9971.085975764132,9971.2459350741,0.07990041878025433,10039.719542385566,262.36368,48.47251817213337,2,48.47251817213337,0,19.718453246232876,0.15995930996804014,0.0,1705017600,20.001089139333146,2024-01-12T00:00:00+00:00,10019.718453246232
9970.991246173484,9971.151205483451,0.21552274878076094,10026.092552794917,248.83141999999998,48.47251817213337,2,48.47251817213337,0,19.62372365558512,0.15995930996804014,0.0,1705104000,6.468829139333129,2024-01-13T00:00:00+00:00,10019.623723655584
9970.918537396226,9971.078496706194,0.1861088811089484,10029.04798401766,251.85956,48.47251817213337,2,48.47251817213337,0,19.551014878326917,0.15995930996804014,0.0,1705190400,9.496969139333132,2024-01-14T00:00:00+00:00,10019.551014878327
9970.84473932402,9971.004698633988,0.22262261701276875,10025.379175945454,248.26454999999999,48.47251817213337,2,48.47251817213337,0,19.47721680612025,0.15995930996804014,0.0,1705276800,5.9019591393331385,2024-01-15T00:00:00+00:00,10019.47721680612
9941.500637733865,9941.75650065407,0.08603617898867988,10039.103036678205,407.483409,77.53421824396635,3,77.53421824396635,0,19.290718898036808,0.255862920205089,0.0,1705363200,19.812317780168236,2024-01-16T00:00:00+00:00,10019.290718898037
9941.480406750345,9941.73626967055,0.05546241163774113,10042.175011694684,410.57561499999997,77.53421824396635,3,77.53421824396635,0,19.270487914515957,0.255862920205089,0.0,1705449600,22.904523780168258,2024-01-17T00:00:00+00:00,10019.270487914517
9941.486268966497,9941.742131886702,0.1544251846510858,10032.231481910838,400.626223,77.53421824396635,3,77.53421824396635,0,19.276350130669112,0.255862920205089,0.0,1705536000,12.955131780168252,2024-01-18T00:00:00+00:00,10019.276350130669
9878.285068224775,9878.747842974684,0.2565831010912012,10021.966912175702,704.15816,140.23477269974558,3,140.23477269974558,0,18.98261567442887,0.46277474990916045,0.0,1705622400,2.9842965012720093,2024-01-19T00:00:00+00:00,10018.98261567443
9895.235912183618,9895.60278332329,0.23901199279391383,10023.73241281164,572.82192,111.1730726279126,2,111.1730726279126,0,6.775855951202774,0.3668711396721116,0.0,1705708800,16.9565568604369,2024-01-20T00:00:00+00:00,10006.775855951202
9895.297925430892,9895.664796570563,0.22113312785154715,10025.528836058913,574.55633,111.1730726279126,2,111.1730726279126,0,6.8378691984766045,0.3668711396721116,0.0,1705795200,18.690966860436934,2024-01-21T00:00:00+00:00,10006.837869198476
9895.252487856964,9895.619358996635,0.22408102803516128,10025.232638484986,574.30557,111.1730726279126,2,111.1730726279126,0,6.792431624548598,0.3668711396721116,0.0,1705881600,18.440206860436895,2024-01-22T00:00:00+00:00,10006.792431624548
9895.34507698593,9895.711948125601,0.48652631992314177,9998.86279761395,547.84314,111.1730726279126,2,111.1730726279126,0,6.885020753514801,0.3668711396721116,0.0,1705968000,-8.022223139563064,2024-01-23T00:00:00+00:00,10006.885020753514
9950.409596358983,9950.515790548936,0.6148830188830501,9985.96584030161,164.17028,32.180057561831966,1,32.180057561831966,0,-17.30415188923204,0.1061941899540455,0.0,1706054400,3.269992190840165,2024-01-24T00:00:00+00:00,9982.695848110769
9950.424025896793,9950.530220086746,0.6456554919164859,9982.873899839418,161.06391,32.180057561831966,1,32.180057561831966,0,-17.289722351421315,0.1061941899540455,0.0,1706140800,0.16362219084014606,2024-01-25T00:00:00+00:00,9982.710277648579
9950.37575581045,9950.481950000403,0.651334178338514,9982.303319753077,160.5416,32.180057561831966,1,32.180057561831966,0,-17.33799243776406,0.1061941899540455,0.0,1706227200,-0.35868780915984766,2024-01-26T00:00:00+00:00,9982.662007562236
9950.327485724107,9950.43367991406,0.5970958549108119,9987.753049666733,166.03959999999998,32.180057561831966,1,32.180057561831966,0,-17.386262524106808,0.1061941899540455,0.0,1706313600,5.139312190840152,2024-01-27T00:00:00+00:00,9982.613737475893
9950.279215637764,9950.385409827717,0.5784247062797565,9989.62907958039,167.9639,32.180057561831966,1,32.180057561831966,0,-17.43453261044956,0.1061941899540455,0.0,1706400000,7.063612190840152,2024-01-28T00:00:00+00:00,9982.56546738955
9950.230945551422,9950.337139741376,0.5805466752221156,9989.415869494049,167.79896,32.180057561831966,1,32.180057561831966,0,-17.482802696792305,0.1061941899540455,0.0,1706486400,6.898672190840146,2024-01-29T00:00:00+00:00,9982.517197303208
9950.18267546508,9950.288869655033,0.551205374152075,9992.364009407705,170.79536999999996,32.180057561831966,1,32.180057561831966,0,-17.531072783135055,0.1061941899540455,0.0,1706572800,9.895082190840139,2024-01-30T00:00:00+00:00,9982.468927216865
9950.134405378736,9950.24059956869,0.5691957749268006,9990.556379321362,169.03600999999998,32.180057561831966,1,32.180057561831966,0,-17.579342869477802,0.1061941899540455,0.0,1706659200,8.135722190840145,2024-01-31T00:00:00+00:00,9982.420657130522
9950.086135292393,9950.192329482346,0.6082528869272408,9986.63201923502,165.15991999999997,32.180057561831966,1,32.180057561831966,0,-17.62761295582055,0.1061941899540455,0.0,1706745600,4.259632190840139,2024-02-01T00:00:00+00:00,9982.372387044179
9950.03786520605,9950.144059396003,0.610922043174178,9986.363829148677,164.94,32.180057561831966,1,32.180057561831966,0,-17.6758830421633,0.1061941899540455,0.0,1706832000,4.039712190840152,2024-02-02T00:00:00+00:00,9982.324116957836
9950.003646541842,9950.109840731795,0.604969949714329,9986.961880484469,165.57226999999997,32.180057561831966,1,32.180057561831966,0,-17.710101706371674,0.1061941899540455,0.0,1706918400,4.671982190840139,2024-02-03T00:00:00+00:00,9982.289898293628
9949.967006328303,9950.073200518256,0.6140896075492397,9986.04556027093,164.69259,32.180057561831966,1,32.180057561831966,0,-17.746741919911575,0.1061941899540455,0.0,1707004800,3.792302190840158,2024-02-04T00:00:00+00:00,9982.253258080089
9949.91873624196,9950.024930431913,0.5869370556974673,9988.773780184585,167.46908,32.180057561831966,1,32.180057561831966,0,-17.79501200625432,0.1061941899540455,0.0,1707091200,6.568792190840164,2024-02-05T00:00:00+00:00,9982.204987993746
9949.886348623026,9949.992542812979,0.606684542112168,9986.789602565652,165.51729,32.180057561831966,1,32.180057561831966,0,-17.82739962518743,0.1061941899540455,0.0,1707177600,4.617002190840158,2024-02-06T00:00:00+00:00,9982.172600374812
9949.885938327292,9949.992132517245,0.5982072223511659,9987.641382269918,166.36948,32.180057561831966,1,32.180057561831966,0,-17.827809920921343,0.1061941899540455,0.0,1707264000,5.469192190840165,2024-02-07T00:00:00+00:00,9982.172190079078
9949.83766824095,9949.943862430904,0.5726962324130613,9990.204662183576,168.98103,32.180057561831966,1,32.180057561831966,0,-17.87608000726409,0.1061941899540455,0.0,1707350400,8.080742190840164,2024-02-08T00:00:00+00:00,9982.123919992737
9950.231807976965,9950.338002166918,0.5077621804428722,9996.729071919592,175.1113,32.180057561831966,1,32.180057561831966,0,-17.48194027124965,0.1061941899540455,0.0,1707436800,14.211012190840151,2024-02-09T00:00:00+00:00,9982.51805972875
9950.601202857717,9950.70739704767,0.47535845209843997,9999.984916800344,177.99775,32.180057561831966,1,32.180057561831966,0,-17.11254539049738,0.1061941899540455,0.0,1707523200,17.09746219084015,2024-02-10T00:00:00+00:00,9982.887454609503
9950.899029290451,9951.005223480404,0.4786869947339567,9999.650473233078,177.36548,32.180057561831966,1,32.180057561831966,0,-16.814718957762626,0.1061941899540455,0.0,1707609600,16.465192190840163,2024-02-11T00:00:00+00:00,9983.185281042237
9951.25942662711,9951.365620817063,0.48741186210194964,9998.773820569737,176.12843,32.180057561831966,1,32.180057561831966,0,-16.454321621104643,0.1061941899540455,0.0,1707696000,15.228142190840163,2024-02-12T00:00:00+00:00,9983.545678378896
9951.637909156118,9951.744103346071,0.4442475366886023,10003.110863098744,180.08699,32.180057561831966,1,32.180057561831966,0,-16.075839092096913,0.1061941899540455,0.0,1707782400,19.18670219084016,2024-02-13T00:00:00+00:00,9983.924160907904
9951.792228622155,9951.898422812108,0.4607688564685297,10001.45084256478,178.27265,32.180057561831966,1,32.180057561831966,0,-15.921519626059148,0.1061941899540455,0.0,1707868800,17.37236219084015,2024-02-14T00:00:00+00:00,9984.07848037394
9951.926720345726,9952.032914535679,0.40854191106718396,10006.698474288352,183.38579,32.180057561831966,1,32.180057561831966,0,-15.787027902488106,0.1061941899540455,0.0,1707955200,22.485502190840158,2024-02-15T00:00:00+00:00,9984.212972097512
9987.617310693751,9987.670407788728,0.27048670961615784,10020.569912665065,97.25962,16.090028780915983,1,16.090028780915983,0,3.760436569645041,0.05309709497702275,0.0,1708041600,16.809476095420077,2024-02-16T00:00:00+00:00,10003.760436569644
9987.598910136838,9987.652007231814,0.25261265972488234,10022.36585210815,99.07395999999999,16.090028780915983,1,16.090028780915983,0,3.7420360127311803,0.05309709497702275,0.0,1708128000,18.623816095420068,2024-02-17T00:00:00+00:00,10003.74203601273
9987.606428202786,9987.659525297762,0.27469892216500646,10020.146680174099,96.84727,16.090028780915983,1,16.090028780915983,0,3.749554078679065,0.05309709497702275,0.0,1708214400,16.397126095420077,2024-02-18T00:00:00+00:00,10003.749554078679
9987.660603329692,9987.713700424669,0.280999586650188,10019.513605301005,96.16001999999999,16.090028780915983,1,16.090028780915983,0,3.803729205584407,0.05309709497702275,0.0,1708300800,15.709876095420078,2024-02-19T00:00:00+00:00,10003.803729205585
9987.62698160555,9987.680078700527,0.2755887394613188,10020.057273576864,96.73730999999998,16.090028780915983,1,16.090028780915983,0,3.770107481443805,0.05309709497702275,0.0,1708387200,16.28716609542007,2024-02-20T00:00:00+00:00,10003.770107481443
9987.561039036096,9987.614136131073,0.26790042511538603,10020.82977600741,97.57575499999999,16.090028780915983,1,16.090028780915983,0,3.7041649119895403,0.05309709497702275,0.0,1708473600,17.125611095420073,2024-02-21T00:00:00+00:00,10003.70416491199
9987.605377523907,9987.658474618884,0.20248065482222355,10027.40298949522,104.10462999999999,16.090028780915983,1,16.090028780915983,0,3.74850339979967,0.05309709497702275,0.0,1708560000,23.654486095420072,2024-02-22T00:00:00+00:00,10003.7485033998
9987.799848852266,9987.852945947243,0.19083260832227777,10028.573355823579,105.080525,16.090028780915983,1,16.090028780915983,0,3.9429747281587773,0.05309709497702275,0.0,1708646400,24.630381095420073,2024-02-23T00:00:00+00:00,10003.94297472816
9987.942251238486,9987.995348333463,0.20884050085220318,10026.7639682098,103.12873499999999,16.090028780915983,1,16.090028780915983,0,4.0853771143799555,0.05309709497702275,0.0,1708732800,22.678591095420067,2024-02-24T00:00:00+00:00,10004.08537711438
9988.111870712892,9988.164967807868,0.1905999506039202,10028.596732684206,104.79187999999999,16.090028780915983,1,16.090028780915983,0,4.254996588785492,0.05309709497702275,0.0,1708819200,24.34173609542007,2024-02-25T00:00:00+00:00,10004.254996588785
9988.18625652495,9988.239353619927,0.17111846217782167,10030.554183496264,106.674945,16.090028780915983,1,16.090028780915983,0,4.329382400842544,0.05309709497702275,0.0,1708905600,26.224801095420077,2024-02-26T00:00:00+00:00,10004.329382400843
9988.200706979798,9988.253804074775,0.1344498917473791,10034.23854895111,110.34485999999998,16.090028780915983,1,16.090028780915983,0,4.343832855690682,0.05309709497702275,0.0,1708992000,29.89471609542007,2024-02-27T00:00:00+00:00,10004.343832855691
9988.31872894991,9988.371826044886,0.15283722668683053,10032.391035921222,108.379325,16.090028780915983,1,16.090028780915983,0,4.461854825801584,0.05309709497702275,0.0,1709078400,27.929181095420073,2024-02-28T00:00:00+00:00,10004.461854825802
9988.358995855935,9988.412092950912,0.0968969597302749,10038.011772827249,113.959795,16.090028780915983,1,16.090028780915983,0,4.502121731828698,0.05309709497702275,0.0,1709164800,33.509651095420075,2024-02-29T00:00:00+00:00,10004.502121731828
10035.004517264626,10035.004517264626,0.12682660806505597,10035.004517264626,0.0,0.0,0,0.0,0,35.00451726462528,0.0,0.0,1709251200,0.0,2024-03-01T00:00:00+00:00,10035.004517264626
10035.004517264626,10035.004517264626,0.12682660806505597,10035.004517264626,0.0,0.0,0,0.0,0,35.00451726462528,0.0,0.0,1709337600,0.0,2024-03-02T00:00:00+00:00,10035.004517264626
10035.004517264626,10035.004517264626,0.12682660806505597,10035.004517264626,0.0,0.0,0,0.0,0,35.00451726462528,0.0,0.0,1709424000,0.0,2024-03-03T00:00:00+00:00,10035.004517264626
10035.004517264626,10035.004517264626,0.12682660806505597,10035.004517264626,0.0,0.0,0,0.0,0,35.00451726462528,0.0,0.0,1709510400,0.0,2024-03-04T00:00:00+00:00,10035.004517264626
10035.004517264626,10035.004517264626,0.12682660806505597,10035.004517264626,0.0,0.0,0,0.0,0,35.00451726462528,0.0,0.0,1709596800,0.0,2024-03-05T00:00:00+00:00,10035.004517264626
10035.004517264626,10035.004517264626,0.12682660806505597,10035.004517264626,0.0,0.0,0,0.0,0,35.00451726462528,0.0,0.0,1709683200,0.0,2024-03-06T00:00:00+00:00,10035.004517264626
10035.004517264626,10035.004517264626,0.12682660806505597,10035.004517264626,0.0,0.0,0,0.0,0,35.00451726462528,0.0,0.0,1709769600,0.0,2024-03-07T00:00:00+00:00,10035.004517264626
10035.004517264626,10035.004517264626,0.12682660806505597,10035.004517264626,0.0,0.0,0,0.0,0,35.00451726462528,0.0,0.0,1709856000,0.0,2024-03-08T00:00:00+00:00,10035.004517264626
10035.004517264626,10035.004517264626,0.12682660806505597,10035.004517264626,0.0,0.0,0,0.0,0,35.00451726462528,0.0,0.0,1709942400,0.0,2024-03-09T00:00:00+00:00,10035.004517264626
10035.004517264626,10035.004517264626,0.12682660806505597,10035.004517264626,0.0,0.0,0,0.0,0,35.00451726462528,0.0,0.0,1710028800,0.0,2024-03-10T00:00:00+00:00,10035.004517264626
10035.004517264626,10035.004517264626,0.12682660806505597,10035.004517264626,0.0,0.0,0,0.0,0,35.00451726462528,0.0,0.0,1710115200,0.0,2024-03-11T00:00:00+00:00,10035.004517264626
10035.004517264626,10035.004517264626,0.12682660806505597,10035.004517264626,0.0,0.0,0,0.0,0,35.00451726462528,0.0,0.0,1710201600,0.0,2024-03-12T00:00:00+00:00,10035.004517264626
10035.004517264626,10035.004517264626,0.12682660806505597,10035.004517264626,0.0,0.0,0,0.0,0,35.00451726462528,0.0,0.0,1710288000,0.0,2024-03-13T00:00:00+00:00,10035.004517264626
10035.004517264626,10035.004517264626,0.12682660806505597,10035.004517264626,0.0,0.0,0,0.0,0,35.00451726462528,0.0,0.0,1710374400,0.0,2024-03-14T00:00:00+00:00,10035.004517264626
10035.004517264626,10035.004517264626,0.12682660806505597,10035.004517264626,0.0,0.0,0,0.0,0,35.00451726462528,0.0,0.0,1710460800,0.0,2024-03-15T00:00:00+00:00,10035.004517264626
10035.004517264626,10035.004517264626,0.12682660806505597,10035.004517264626,0.0,0.0,0,0.0,0,35.00451726462528,0.0,0.0,1710547200,0.0,2024-03-16T00:00:00+00:00,10035.004517264626
10035.004517264626,10035.004517264626,0.12682660806505597,10035.004517264626,0.0,0.0,0,0.0,0,35.00451726462528,0.0,0.0,1710633600,0.0,2024-03-17T00:00:00+00:00,10035.004517264626
10035.004517264626,10035.004517264626,0.12682660806505597,10035.004517264626,0.0,0.0,0,0.0,0,35.00451726462528,0.0,0.0,1710720000,0.0,2024-03-18T00:00:00+00:00,10035.004517264626
10035.004517264626,10035.004517264626,0.12682660806505597,10035.004517264626,0.0,0.0,0,0.0,0,35.00451726462528,0.0,0.0,1710806400,0.0,2024-03-19T00:00:00+00:00,10035.004517264626
10035.004517264626,10035.004517264626,0.12682660806505597,10035.004517264626,0.0,0.0,0,0.0,0,35.00451726462528,0.0,0.0,1710892800,0.0,2024-03-20T00:00:00+00:00,10035.004517264626
10035.004517264626,10035.004517264626,0.12682660806505597,10035.004517264626,0.0,0.0,0,0.0,0,35.00451726462528,0.0,0.0,1710979200,0.0,2024-03-21T00:00:00+00:00,10035.004517264626
10035.004517264626,10035.004517264626,0.12682660806505597,10035.004517264626,0.0,0.0,0,0.0,0,35.00451726462528,0.0,0.0,1711065600,0.0,2024-03-22T00:00:00+00:00,10035.004517264626
10035.004517264626,10035.004517264626,0.12682660806505597,10035.004517264626,0.0,0.0,0,0.0,0,35.00451726462528,0.0,0.0,1711152000,0.0,2024-03-23T00:00:00+00:00,10035.004517264626
10035.004517264626,10035.004517264626,0.12682660806505597,10035.004517264626,0.0,0.0,0,0.0,0,35.00451726462528,0.0,0.0,1711238400,0.0,2024-03-24T00:00:00+00:00,10035.004517264626
10035.004517264626,10035.004517264626,0.12682660806505597,10035.004517264626,0.0,0.0,0,0.0,0,35.00451726462528,0.0,0.0,1711324800,0.0,2024-03-25T00:00:00+00:00,10035.004517264626
10035.004517264626,10035.004517264626,0.12682660806505597,10035.004517264626,0.0,0.0,0,0.0,0,35.00451726462528,0.0,0.0,1711411200,0.0,2024-03-26T00:00:00+00:00,10035.004517264626
10035.004517264626,10035.004517264626,0.12682660806505597,10035.004517264626,0.0,0.0,0,0.0,0,35.00451726462528,0.0,0.0,1711497600,0.0,2024-03-27T00:00:00+00:00,10035.004517264626
10035.004517264626,10035.004517264626,0.12682660806505597,10035.004517264626,0.0,0.0,0,0.0,0,35.00451726462528,0.0,0.0,1711584000,0.0,2024-03-28T00:00:00+00:00,10035.004517264626
10035.004517264626,10035.004517264626,0.12682660806505597,10035.004517264626,0.0,0.0,0,0.0,0,35.00451726462528,0.0,0.0,1711670400,0.0,2024-03-29T00:00:00+00:00,10035.004517264626
10035.004517264626,10035.004517264626,0.12682660806505597,10035.004517264626,0.0,0.0,0,0.0,0,35.00451726462528,0.0,0.0,1711756800,0.0,2024-03-30T00:00:00+00:00,10035.004517264626
10035.004517264626,10035.004517264626,0.12682660806505597,10035.004517264626,0.0,0.0,0,0.0,0,35.00451726462528,0.0,0.0,1711843200,0.0,2024-03-31T00:00:00+00:00,10035.004517264626
10035.004517264626,10035.004517264626,0.12682660806505597,10035.004517264626,0.0,0.0,0,0.0,0,35.00451726462528,0.0,0.0,1711929600,0.0,2024-04-01T00:00:00+00:00,10035.004517264626
10035.004517264626,10035.004517264626,0.12682660806505597,10035.004517264626,0.0,0.0,0,0.0,0,35.00451726462528,0.0,0.0,1712016000,0.0,2024-04-02T00:00:00+00:00,10035.004517264626
10035.004517264626,10035.004517264626,0.12682660806505597,10035.004517264626,0.0,0.0,0,0.0,0,35.00451726462528,0.0,0.0,1712102400,0.0,2024-04-03T00:00:00+00:00,10035.004517264626
10035.004517264626,10035.004517264626,0.12682660806505597,10035.004517264626,0.0,0.0,0,0.0,0,35.00451726462528,0.0,0.0,1712188800,0.0,2024-04-04T00:00:00+00:00,10035.004517264626
10035.004517264626,10035.004517264626,0.12682660806505597,10035.004517264626,0.0,0.0,0,0.0,0,35.00451726462528,0.0,0.0,1712275200,0.0,2024-04-05T00:00:00+00:00,10035.004517264626
10035.004517264626,10035.004517264626,0.12682660806505597,10035.004517264626,0.0,0.0,0,0.0,0,35.00451726462528,0.0,0.0,1712361600,0.0,2024-04-06T00:00:00+00:00,10035.004517264626
10035.004517264626,10035.004517264626,0.12682660806505597,10035.004517264626,0.0,0.0,0,0.0,0,35.00451726462528,0.0,0.0,1712448000,0.0,2024-04-07T00:00:00+00:00,10035.004517264626
10035.004517264626,10035.004517264626,0.12682660806505597,10035.004517264626,0.0,0.0,0,0.0,0,35.00451726462528,0.0,0.0,1712534400,0.0,2024-04-08T00:00:00+00:00,10035.004517264626
10035.004517264626,10035.004517264626,0.12682660806505597,10035.004517264626,0.0,0.0,0,0.0,0,35.00451726462528,0.0,0.0,1712620800,0.0,2024-04-09T00:00:00+00:00,10035.004517264626
10035.004517264626,10035.004517264626,0.12682660806505597,10035.004517264626,0.0,0.0,0,0.0,0,35.00451726462528,0.0,0.0,1712707200,0.0,2024-04-10T00:00:00+00:00,10035.004517264626
10035.004517264626,10035.004517264626,0.12682660806505597,10035.004517264626,0.0,0.0,0,0.0,0,35.00451726462528,0.0,0.0,1712793600,0.0,2024-04-11T00:00:00+00:00,10035.004517264626
10035.004517264626,10035.004517264626,0.12682660806505597,10035.004517264626,0.0,0.0,0,0.0,0,35.00451726462528,0.0,0.0,1712880000,0.0,2024-04-12T00:00:00+00:00,10035.004517264626
10035.004517264626,10035.004517264626,0.12682660806505597,10035.004517264626,0.0,0.0,0,0.0,0,35.00451726462528,0.0,0.0,1712966400,0.0,2024-04-13T00:00:00+00:00,10035.004517264626
10035.004517264626,10035.004517264626,0.12682660806505597,10035.004517264626,0.0,0.0,0,0.0,0,35.00451726462528,0.0,0.0,1713052800,0.0,2024-04-14T00:00:00+00:00,10035.004517264626
10035.004517264626,10035.004517264626,0.12682660806505597,10035.004517264626,0.0,0.0,0,0.0,0,35.00451726462528,0.0,0.0,1713139200,0.0,2024-04-15T00:00:00+00:00,10035.004517264626
9995.55405318343,9995.683559586123,0.03500068589901151,10056.253666300532,174.89608,39.24436445240157,1,39.24436445240157,0,34.92792403852353,0.12950640269292518,0.0,1713225600,21.32574226200781,2024-04-16T00:00:00+00:00,10034.927924038524
9995.59561885204,9995.725125254732,0.1081046355277504,10059.088008969142,172.103303,39.24436445240157,1,39.24436445240157,0,34.969489707133285,0.12950640269292518,0.0,1713312000,24.118519262007823,2024-04-17T00:00:00+00:00,10034.969489707133
9995.621019766932,9995.750526169624,0.05263596351771094,10064.673689884034,166.543023,39.24436445240157,1,39.24436445240157,0,34.9948906220251,0.12950640269292518,0.0,1713398400,29.67879926200783,2024-04-18T00:00:00+00:00,10034.994890622025
9995.602019607883,9995.731526010575,0.1800734127995418,10051.840771724985,179.356941,39.24436445240157,1,39.24436445240157,0,34.97589046297547,0.12950640269292518,0.0,1713484800,16.86488126200781,2024-04-19T00:00:00+00:00,10034.975890462976
9995.646297062076,9995.775803464769,0.18615929284888644,10051.227925179177,180.014065,39.24436445240157,1,39.24436445240157,0,35.0201679171689,0.12950640269292518,0.0,1713571200,16.20775726200783,2024-04-20T00:00:00+00:00,10035.02016791717
9995.674880694924,9995.804387097616,0.2948023959908008,10040.287592812025,190.982981,39.24436445240157,1,39.24436445240157,0,35.048751550017805,0.12950640269292518,0.0,1713657600,5.238841262007824,2024-04-21T00:00:00+00:00,10035.048751550017
9995.733747241602,9995.863253644295,0.2646017369711706,10043.328791358703,188.000649,39.24436445240157,1,39.24436445240157,0,35.107618096696406,0.12950640269292518,0.0,1713744000,8.221173262007806,2024-04-22T00:00:00+00:00,10035.107618096696
9995.741965011519,9995.871471414212,0.36667052195371586,10033.05049112862,198.287167,39.24436445240157,1,39.24436445240157,0,35.11583586661274,0.12950640269292518,0.0,1713830400,-2.0653447379921777,2024-04-23T00:00:00+00:00,10035.115835866613
9995.794619175305,9995.924125577998,0.3386649170653788,10035.870648292406,195.519664,39.24436445240157,1,39.24436445240157,0,35.16849003039852,0.12950640269292518,0.0,1713916800,0.7021582620078196,2024-04-24T00:00:00+00:00,10035.168490030399
9995.853485721984,9995.982992124676,0.24998504120646858,10044.800688839085,186.64848999999998,39.24436445240157,1,39.24436445240157,0,35.227356577077124,0.12950640269292518,0.0,1714003200,9.573332262007833,2024-04-25T00:00:00+00:00,10035.227356577077
9995.881965357266,9996.011471759959,0.21305859440741148,10048.519172474367,182.95848600000002,39.24436445240157,1,39.24436445240157,0,35.25583621236024,0.12950640269292518,0.0,1714089600,13.263336262007817,2024-04-26T00:00:00+00:00,10035.25583621236
9995.935647723401,9996.065154126094,0.1422500473075683,10055.649574840503,175.88176600000003,39.24436445240157,1,39.24436445240157,0,35.309518578494675,0.12950640269292518,0.0,1714176000,20.34005626200781,2024-04-27T00:00:00+00:00,10035.309518578495
9995.951912550248,9996.081418952941,0.16793985686311963,10053.06261766735,178.48498800000002,39.24436445240157,1,39.24436445240157,0,35.32578340534197,0.12950640269292518,0.0,1714262400,17.736834262007807,2024-04-28T00:00:00+00:00,10035.325783405342
9995.99253831633,9996.122044719023,0.12612410126306983,10057.273453433432,174.314778,39.24436445240157,1,39.24436445240157,0,35.3664091714231,0.12950640269292518,0.0,1714348800,21.907044262007823,2024-04-29T00:00:00+00:00,10035.366409171424
9996.033079707027,9996.16258610972,0.12283519121402131,10057.604645824129,174.02412700000002,39.24436445240157,1,39.24436445240157,0,35.406950562120656,0.12950640269292518,0.0,1714435200,22.19769526200781,2024-04-30T00:00:00+00:00,10035.406950562121
9996.074025314678,9996.20353171737,0.04626091557334844,10071.55892843178,160.11079,39.24436445240157,1,39.24436445240157,0,35.447896169772065,0.12950640269292518,0.0,1714521600,36.11103226200782,2024-05-01T00:00:00+00:00,10035.447896169771
9996.078968142381,9996.208474545074,0.17580384903297386,10061.643826259482,170.03083500000002,39.24436445240157,1,39.24436445240157,0,35.45283899747484,0.12950640269292518,0.0,1714608000,26.190987262007805,2024-05-02T00:00:00+00:00,10035.452838997475
9996.127393725897,9996.25690012859,0.21243439946562193,10057.951699842999,173.771387,39.24436445240157,1,39.24436445240157,0,35.501264580990885,0.12950640269292518,0.0,1714694400,22.45043526200783,2024-05-03T00:00:00+00:00,10035.501264580991
9996.12387939306,9996.253385795753,0.2888226272819705,10050.252252510161,181.46732,39.24436445240157,1,39.24436445240157,0,35.497750248154176,0.12950640269292518,0.0,1714780800,14.754502262007826,2024-05-04T00:00:00+00:00,10035.497750248154
9996.163739894035,9996.293246296727,0.3183917804268188,10047.271870011136,184.48756300000002,39.24436445240157,1,39.24436445240157,0,35.537610749128476,0.12950640269292518,0.0,1714867200,11.734259262007807,2024-05-05T00:00:00+00:00,10035.537610749128
9996.191756445818,9996.32126284851,0.3142271966019683,10047.69163356292,184.095816,39.24436445240157,1,39.24436445240157,0,35.565627300911046,0.12950640269292518,0.0,1714953600,12.12600626200781,2024-05-06T00:00:00+00:00,10035.565627300912
9996.24659063405,9996.376097036742,0.40345165607797995,10038.698375751152,193.143908,39.24436445240157,1,39.24436445240157,0,35.620461489142166,0.12950640269292518,0.0,1715040000,3.077914262007814,2024-05-07T00:00:00+00:00,10035.620461489143
9996.305457180728,9996.43496358342,0.34231151163739426,10044.860913297829,187.040237,39.24436445240157,1,39.24436445240157,0,35.67932803582077,0.12950640269292518,0.0,1715126400,9.18158526200783,2024-05-08T00:00:00+00:00,10035.679328035822
9996.364323727406,9996.493830130099,0.26763086964364247,10052.388246844508,179.57177,39.24436445240157,1,39.24436445240157,0,35.73819458249937,0.12950640269292518,0.0,1715212800,16.650052262007826,2024-05-09T00:00:00+00:00,10035.7381945825
9996.408550163926,9996.538056566618,0.3968298141901361,10039.365815281028,192.638428,39.24436445240157,1,39.24436445240157,0,35.782421019019004,0.12950640269292518,0.0,1715299200,3.583394262007821,2024-05-10T00:00:00+00:00,10035.78242101902
9996.467416710604,9996.596923113297,0.31500279848780677,10047.613457827705,184.44965200000001,39.24436445240157,1,39.24436445240157,0,35.841287565697606,0.12950640269292518,0.0,1715385600,11.772170262007808,2024-05-11T00:00:00+00:00,10035.841287565698
9996.502758223012,9996.632264625705,0.3071296674725943,10048.407019340113,183.69143200000002,39.24436445240157,1,39.24436445240157,0,35.87662907810522,0.12950640269292518,0.0,1715472000,12.530390262007801,2024-05-12T00:00:00+00:00,10035.876629078106
9996.51520064876,9996.644707051453,0.2819312274484287,10050.946861765862,181.16403200000002,39.24436445240157,1,39.24436445240157,0,35.88907150385485,0.12950640269292518,0.0,1715558400,15.057790262007801,2024-05-13T00:00:00+00:00,10035.889071503854
9996.510124390219,9996.639630792912,0.3330092061141432,10045.79852650732,186.30729100000002,39.24436445240157,1,39.24436445240157,0,35.88399524531293,0.12950640269292518,0.0,1715644800,9.91453126200781,2024-05-14T00:00:00+00:00,10035.883995245313
9996.560881088984,9996.690387491677,0.26405089802002957,10052.749085206086,179.407489,39.24436445240157,1,39.24436445240157,0,35.93475194407745,0.12950640269292518,0.0,1715731200,16.81433326200782,2024-05-15T00:00:00+00:00,10035.934751944078
9996.584098054995,9996.713604457687,0.47006239416751416,10031.984437172096,200.19535399999998,39.24436445240157,1,39.24436445240157,0,35.95796891008749,0.12950640269292518,0.0,1715817600,-3.973531737992166,2024-05-16T00:00:00+00:00,10035.957968910088
9996.642964601673,9996.772471004366,0.48126361165434783,10030.855425718775,201.38323200000002,39.24436445240157,1,39.24436445240157,0,36.01683545676609,0.12950640269292518,0.0,1715904000,-5.1614097379922,2024-05-17T00:00:00+00:00,10036.016835456767
10023.701776969916,10023.701776969916,0.5522368291754787,10023.701776969916,0.0,0.0,0,0.0,0,23.701776969915226,0.0,0.0,1715990400,0.0,2024-05-18T00:00:00+00:00,10023.701776969916
10023.701776969916,10023.701776969916,0.5522368291754787,10023.701776969916,0.0,0.0,0,0.0,0,23.701776969915226,0.0,0.0,1716076800,0.0,2024-05-19T00:00:00+00:00,10023.701776969916
10023.701776969916,10023.701776969916,0.5522368291754787,10023.701776969916,0.0,0.0,0,0.0,0,23.701776969915226,0.0,0.0,1716163200,0.0,2024-05-20T00:00:00+00:00,10023.701776969916
10023.701776969916,10023.701776969916,0.5522368291754787,10023.701776969916,0.0,0.0,0,0.0,0,23.701776969915226,0.0,0.0,1716249600,0.0,2024-05-21T00:00:00+00:00,10023.701776969916
10023.701776969916,10023.701776969916,0.5522368291754787,10023.701776969916,0.0,0.0,0,0.0,0,23.701776969915226,0.0,0.0,1716336000,0.0,2024-05-22T00:00:00+00:00,10023.701776969916
10023.701776969916,10023.701776969916,0.5522368291754787,10023.701776969916,0.0,0.0,0,0.0,0,23.701776969915226,0.0,0.0,1716422400,0.0,2024-05-23T00:00:00+00:00,10023.701776969916
10023.701776969916,10023.701776969916,0.5522368291754787,10023.701776969916,0.0,0.0,0,0.0,0,23.701776969915226,0.0,0.0,1716508800,0.0,2024-05-24T00:00:00+00:00,10023.701776969916
10023.701776969916,10023.701776969916,0.5522368291754787,10023.701776969916,0.0,0.0,0,0.0,0,23.701776969915226,0.0,0.0,1716595200,0.0,2024-05-25T00:00:00+00:00,10023.701776969916
10023.701776969916,10023.701776969916,0.5522368291754787,10023.701776969916,0.0,0.0,0,0.0,0,23.701776969915226,0.0,0.0,1716681600,0.0,2024-05-26T00:00:00+00:00,10023.701776969916
10023.701776969916,10023.701776969916,0.5522368291754787,10023.701776969916,0.0,0.0,0,0.0,0,23.701776969915226,0.0,0.0,1716768000,0.0,2024-05-27T00:00:00+00:00,10023.701776969916
10023.701776969916,10023.701776969916,0.5522368291754787,10023.701776969916,0.0,0.0,0,0.0,0,23.701776969915226,0.0,0.0,1716854400,0.0,2024-05-28T00:00:00+00:00,10023.701776969916
10023.701776969916,10023.701776969916,0.5522368291754787,10023.701776969916,0.0,0.0,0,0.0,0,23.701776969915226,0.0,0.0,1716940800,0.0,2024-05-29T00:00:00+00:00,10023.701776969916
10023.701776969916,10023.701776969916,0.5522368291754787,10023.701776969916,0.0,0.0,0,0.0,0,23.701776969915226,0.0,0.0,1717027200,0.0,2024-05-30T00:00:00+00:00,10023.701776969916
10023.701776969916,10023.701776969916,0.5522368291754787,10023.701776969916,0.0,0.0,0,0.0,0,23.701776969915226,0.0,0.0,1717113600,0.0,2024-05-31T00:00:00+00:00,10023.701776969916
10023.701776969916,10023.701776969916,0.5522368291754787,10023.701776969916,0.0,0.0,0,0.0,0,23.701776969915226,0.0,0.0,1717200000,0.0,2024-06-01T00:00:00+00:00,10023.701776969916
10023.701776969916,10023.701776969916,0.5522368291754787,10023.701776969916,0.0,0.0,0,0.0,0,23.701776969915226,0.0,0.0,1717286400,0.0,2024-06-02T00:00:00+00:00,10023.701776969916
10023.701776969916,10023.701776969916,0.5522368291754787,10023.701776969916,0.0,0.0,0,0.0,0,23.701776969915226,0.0,0.0,1717372800,0.0,2024-06-03T00:00:00+00:00,10023.701776969916
10023.701776969916,10023.701776969916,0.5522368291754787,10023.701776969916,0.0,0.0,0,0.0,0,23.701776969915226,0.0,0.0,1717459200,0.0,2024-06-04T00:00:00+00:00,10023.701776969916
10023.701776969916,10023.701776969916,0.5522368291754787,10023.701776969916,0.0,0.0,0,0.0,0,23.701776969915226,0.0,0.0,1717545600,0.0,2024-06-05T00:00:00+00:00,10023.701776969916
10023.701776969916,10023.701776969916,0.5522368291754787,10023.701776969916,0.0,0.0,0,0.0,0,23.701776969915226,0.0,0.0,1717632000,0.0,2024-06-06T00:00:00+00:00,10023.701776969916
10023.701776969916,10023.701776969916,0.5522368291754787,10023.701776969916,0.0,0.0,0,0.0,0,23.701776969915226,0.0,0.0,1717718400,0.0,2024-06-07T00:00:00+00:00,10023.701776969916
9933.971640636071,9992.463481315863,0.5411938461068133,10024.814839400675,156.8997584,31.13710007879708,1,31.13710007879708,1,23.600581394659134,0.10275243026003035,58.389088249530005,1717804800,1.2142580060146049,2024-06-08T00:00:00+00:00,10023.60058139466
9933.849513832385,9934.14375341567,0.5890003650174225,10019.996246470315,442.50653339999997,89.16351008633869,2,89.16351008633869,0,23.307263502008887,0.29423958328491767,0.0,1717891200,-3.3110170316934413,2024-06-09T00:00:00+00:00,10023.307263502009
9933.715768567256,9934.01000815054,0.5287647837436849,10026.067609805186,448.711642,89.16351008633869,2,89.16351008633869,0,23.173518236879378,0.29423958328491767,0.0,1717977600,2.894091568306577,2024-06-10T00:00:00+00:00,10023.17351823688
9933.582023302126,9933.876262885411,0.6041436753521645,10018.469897140056,441.2476746,89.16351008633869,2,89.16351008633869,0,23.039772971749873,0.29423958328491767,0.0,1718064000,-4.5698758316934205,2024-06-11T00:00:00+00:00,10023.03977297175
9910.274277087048,9910.603835953214,0.8082791649442145,9997.894338630493,486.75579500000003,99.8663230806807,2,99.8663230806807,0,10.47015903389515,0.32955886616624636,0.0,1718150400,-12.575820403403533,2024-06-12T00:00:00+00:00,10010.470159033895
9910.141460423143,9910.471019289309,0.7306604129945105,10005.717814966587,494.712088,99.8663230806807,2,99.8663230806807,0,10.337342369990518,0.32955886616624636,0.0,1718236800,-4.619527403403521,2024-06-13T00:00:00+00:00,10010.33734236999
9910.049945097804,9910.37950396397,0.7626580014328144,10002.492661641249,491.57845,99.8663230806807,2,99.8663230806807,0,10.245827044651074,0.32955886616624636,0.0,1718323200,-7.753165403403565,2024-06-14T00:00:00+00:00,10010.245827044651
9909.934217946395,9910.26377681256,0.8111248122308456,9997.607515489839,486.809031,99.8663230806807,2,99.8663230806807,0,10.130099893241164,0.32955886616624636,0.0,1718409600,-12.522584403403568,2024-06-15T00:00:00+00:00,10010.130099893242
9909.856002771774,9910.18556163794,0.7026751212379501,10008.538554315217,497.818285,99.8663230806807,2,99.8663230806807,0,10.051884718620647,0.32955886616624636,0.0,1718496000,-1.5133304034035466,2024-06-16T00:00:00+00:00,10010.051884718621
9909.777819050554,9910.10737791672,0.6803948529821802,10010.784263593998,500.142178,99.8663230806807,2,99.8663230806807,0,9.973700997401929,0.32955886616624636,0.0,1718582400,0.8105625965964514,2024-06-17T00:00:00+00:00,10009.973700997401
9909.711433667928,9910.040992534094,0.8327299783462694,9995.429852211371,484.854152,99.8663230806807,2,99.8663230806807,0,9.90731561477559,0.32955886616624636,0.0,1718668800,-14.477463403403533,2024-06-18T00:00:00+00:00,10009.907315614775
9943.231633038138,9943.36970475128,0.964361697377325,9982.162212458723,206.15216,41.8399130731391,1,41.8399130731391,0,-14.790382175580449,0.13807171314135905,0.0,1718755200,-3.047405365695511,2024-06-19T00:00:00+00:00,9985.20961782442
9943.177218139192,9943.315289852333,0.9199642808497277,9986.637189559777,210.681552,41.8399130731391,1,41.8399130731391,0,-14.844797074527719,0.13807171314135905,0.0,1718841600,1.481986634304475,2024-06-20T00:00:00+00:00,9985.155202925473
9943.173224519489,9943.31129623263,0.9482783857331922,9983.783307940075,207.83166400000002,41.8399130731391,1,41.8399130731391,0,-14.848790694230551,0.13807171314135905,0.0,1718928000,-1.3679013656955177,2024-06-21T00:00:00+00:00,9985.15120930577
9911.746170411043,9943.261044405033,0.945299902365837,9984.083520112477,208.182128,41.8399130731391,1,41.8399130731391,1,-14.899042521827043,0.13807171314135905,31.3768022808495,1719014400,-1.0174373656955134,2024-06-22T00:00:00+00:00,9985.100957478173
9913.07190868008,9913.308600857516,0.9124165426568354,9987.397953546055,351.5327701,71.72490225332189,2,71.72490225332189,0,-14.966496889163642,0.23669217743596221,0.0,1719100800,2.364450435218381,2024-06-23T00:00:00+00:00,9985.033503110837
9913.060304661309,9913.296996838744,0.9409133971617134,9984.525651927284,345.55017169999996,71.72490225332189,2,71.72490225332189,0,-14.978100907933603,0.23669217743596221,0.0,1719187200,-0.49624716478161446,2024-06-24T00:00:00+00:00,9985.021899092066
9942.805523640298,9942.904144104592,1.017221176534544,9976.834313285688,145.3797659,29.88498918018278,1,29.88498918018278,0,-27.210866715225848,0.09862046429460318,0.0,1719273600,4.045180000913912,2024-06-25T00:00:00+00:00,9972.789133284774
9942.850351124069,9942.948971588363,0.9904814809103657,9979.52950446946,142.72940219999998,29.88498918018278,1,29.88498918018278,0,-27.166039231455574,0.09862046429460318,0.0,1719360000,6.695543700913908,2024-06-26T00:00:00+00:00,9972.833960768545
9942.895178607838,9942.993799072132,0.911635840528835,9987.476643353228,134.8270908,29.88498918018278,1,29.88498918018278,0,-27.1212117476853,0.09862046429460318,0.0,1719446400,14.597855100913904,2024-06-27T00:00:00+00:00,9972.878788252314
9942.940006091609,9943.038626555903,0.9224834053643161,9986.383277836998,135.9652838,29.88498918018278,1,29.88498918018278,0,-27.076384263915028,0.09862046429460318,0.0,1719532800,13.459662100913903,2024-06-28T00:00:00+00:00,9972.923615736085
9942.978571175896,9943.07719164019,0.8475715450296128,9993.933916721286,128.45320999999998,29.88498918018278,1,29.88498918018278,0,-27.03781917962746,0.09862046429460318,0.0,1719619200,20.971735900913906,2024-06-29T00:00:00+00:00,9972.962180820372
9943.023398659667,9943.12201912396,0.8343826214166294,9995.263276305057,127.16867789999999,29.88498918018278,1,29.88498918018278,0,-26.992991695857185,0.09862046429460318,0.0,1719705600,22.25626800091391,2024-06-30T00:00:00+00:00,9973.007008304143
9943.027214972784,9943.125835437078,0.8945166392558379,9989.202149918174,133.2336206,29.88498918018278,1,29.88498918018278,0,-26.989175382738875,0.09862046429460318,0.0,1719792000,16.19132530091391,2024-07-01T00:00:00+00:00,9973.01082461726
9943.067320628264,9943.165941092559,0.8771802755596081,9990.949545073654,131.5263311,29.88498918018278,1,29.88498918018278,0,-26.949069727259072,0.09862046429460318,0.0,1719878400,17.89861480091392,2024-07-02T00:00:00+00:00,9973.05093027274
9943.112148112035,9943.21076857633,0.9028691621216334,9988.360268757426,134.16043489999998,29.88498918018278,1,29.88498918018278,0,-26.904242243488795,0.09862046429460318,0.0,1719964800,15.26451100091392,2024-07-03T00:00:00+00:00,9973.095757756511
9943.156975595806,9943.2555960601,0.8225716533103222,9996.453746741196,126.11178439999999,29.88498918018278,1,29.88498918018278,0,-26.859414759718522,0.09862046429460318,0.0,1720051200,23.313161500913917,2024-07-04T00:00:00+00:00,9973.140585240282
9943.167187296609,9943.265807760903,0.6574412955089648,10013.097836141998,109.47790669999999,29.88498918018278,1,29.88498918018278,0,-26.849203058915656,0.09862046429460318,0.0,1720137600,39.947039200913906,2024-07-05T00:00:00+00:00,9973.150796941085
9948.183517763453,9948.332822462044,0.6310166387756722,10015.761273410048,204.0346374,45.24384805800082,2,45.24384805800082,0,-6.423329479956328,0.14930469859140272,0.0,1720224000,22.184602890004104,2024-07-06T00:00:00+00:00,9993.576670520044
9948.225958580619,9948.37526327921,0.732358740824135,10005.546634327215,214.2917173,45.24384805800082,2,45.24384805800082,0,-6.380888662790511,0.14930469859140272,0.0,1720310400,11.927522990004096,2024-07-07T00:00:00+00:00,9993.61911133721
9948.288016729854,9948.437321428444,0.6102023674444679,10017.859219526448,202.04119024999997,45.24384805800082,2,45.24384805800082,0,-6.318830513554702,0.14930469859140272,0.0,1720396800,24.178050040004127,2024-07-08T00:00:00+00:00,9993.681169486445
9948.339322812271,9948.488627510862,0.7478312156672606,10003.987107308867,215.96460854999998,45.24384805800082,2,45.24384805800082,0,-6.2675244311379155,0.14930469859140272,0.0,1720483200,10.25463174000411,2024-07-09T00:00:00+00:00,9993.732475568862
9966.407179024976,9966.456489257123,0.8299909553926343,9995.705928297672,60.405528499999996,14.94249459009139,1,14.94249459009139,0,-18.601016152785448,0.04931023214730159,0.0,1720569600,14.306944450456957,2024-07-10T00:00:00+00:00,9981.398983847215
9966.42959276686,9966.478902999008,0.8248483620159064,9996.224268989557,59.90960155,14.94249459009139,1,14.94249459009139,0,-18.57860241090031,0.04931023214730159,0.0,1720656000,14.802871400456956,2024-07-11T00:00:00+00:00,9981.4213975891
9966.444638364663,9966.49394859681,0.8397017311517097,9994.72714388736,61.42177224999999,14.94249459009139,1,14.94249459009139,0,-18.56355681309755,0.04931023214730159,0.0,1720742400,13.29070070045696,2024-07-12T00:00:00+00:00,9981.436443186902
9966.457706323306,9966.507016555453,0.8331999913015586,9995.382477896002,60.7795062,14.94249459009139,1,14.94249459009139,0,-18.550488854453782,0.04931023214730159,0.0,1720828800,13.932966750456952,2024-07-13T00:00:00+00:00,9981.449511145545
9966.475172605235,9966.524482837382,0.8407700020490738,9994.619468977931,61.5599814,14.94249459009139,1,14.94249459009139,0,-18.53302257252743,0.04931023214730159,0.0,1720915200,13.152491550456956,2024-07-14T00:00:00+00:00,9981.466977427473
9886.97108186435,9887.281214290682,0.8799589102427618,9990.669476377054,460.4888767,93.97952313106188,2,93.97952313106188,0,-18.73926257825517,0.3101324263325042,0.0,1721001600,9.408738955309442,2024-07-15T00:00:00+00:00,9981.260737421744
9883.742147410574,9883.982626099965,1.2720018804485922,9951.154039409905,370.0625674,72.87233011832315,2,72.87233011832315,0,-43.145043781710946,0.24047868939046643,0.0,1721088000,-5.700916808384234,2024-07-16T00:00:00+00:00,9956.854956218289
9883.808010650619,9884.04848934001,1.2526931106583095,9953.10024054995,368.18222950000006,72.87233011832315,2,72.87233011832315,0,-43.07918054166744,0.24047868939046643,0.0,1721174400,-3.820578908384266,2024-07-17T00:00:00+00:00,9956.920819458333
9883.903144974074,9884.143623663465,1.1307777209995873,9965.388536123404,355.98906825000006,72.87233011832315,2,72.87233011832315,0,-42.98404621821167,0.24047868939046643,0.0,1721260800,8.372582341615725,2024-07-18T00:00:00+00:00,9957.015953781789
9883.994492323745,9884.234971013137,1.0780677083539247,9970.701370023076,350.76758170000005,72.87233011832315,2,72.87233011832315,0,-42.89269886853971,0.24047868939046643,0.0,1721347200,13.594068891615738,2024-07-19T00:00:00+00:00,9957.10730113146
9884.077637977736,9884.318116667127,1.212414370019621,9957.160081327067,364.39201605,72.87233011832315,2,72.87233011832315,0,-42.80955321454817,0.24047868939046643,0.0,1721433600,-0.030365458384249422,2024-07-20T00:00:00+00:00,9957.190446785451
9884.182998554623,9884.423477244014,1.2434651848844402,9954.030356753954,367.62710119999997,72.87233011832315,2,72.87233011832315,0,-42.70419263766193,0.24047868939046643,0.0,1721520000,-3.265450608384276,2024-07-21T00:00:00+00:00,9957.295807362338
9917.753398558629,9917.802708790776,1.4061013537194356,9937.637665731325,69.82001059999999,14.94249459009139,1,14.94249459009139,0,-67.25479661913151,0.04931023214730159,0.0,1721606400,4.892462350456955,2024-07-22T00:00:00+00:00,9932.745203380868
9860.859476131543,9861.095666528217,1.361162791349979,9942.167186890121,348.36556450000006,71.57284747698408,2,71.57284747698408,0,-67.33148599479843,0.2361903966740475,0.0,1721692800,9.498672884920381,2024-07-23T00:00:00+00:00,9932.668514005201
9860.96683540276,9861.203025799434,1.411108842120723,9937.132942761338,353.5071679,71.57284747698408,2,71.57284747698408,0,-67.22412672358296,0.2361903966740475,0.0,1721779200,4.35706948492041,2024-07-24T00:00:00+00:00,9932.775873276418
9861.072380655132,9861.308571051806,1.3107921900229802,9947.244223013711,343.50143290000005,71.57284747698408,2,71.57284747698408,0,-67.11858147121072,0.2361903966740475,0.0,1721865600,14.362804484920396,2024-07-25T00:00:00+00:00,9932.88141852879
9861.168467131143,9861.404657527817,1.1973463195703693,9958.67884493972,332.16289745000006,71.57284747698408,2,71.57284747698408,0,-67.02249499519972,0.2361903966740475,0.0,1721952000,25.701339934920384,2024-07-26T00:00:00+00:00,9932.977505004801
9861.272444252778,9861.508634649452,1.3228986699988732,9946.023966861356,344.92175265,71.57284747698408,2,71.57284747698408,0,-66.9185178735634,0.2361903966740475,0.0,1722038400,12.942484734920413,2024-07-27T00:00:00+00:00,9933.081482126436
9861.299222535768,9861.535412932442,1.3221816502059003,9946.096237894346,344.8762599,71.57284747698408,2,71.57284747698408,0,-66.89173959057443,0.2361903966740475,0.0,1722124800,12.987977484920386,2024-07-28T00:00:00+00:00,9933.108260409426
9861.406581806983,9861.642772203657,1.2842774741943175,9949.91673766556,341.1631194,71.57284747698408,2,71.57284747698408,0,-66.78438031935896,0.2361903966740475,0.0,1722211200,16.70111798492038,2024-07-29T00:00:00+00:00,9933.21561968064
9861.468973746489,9861.705164143163,1.3770965668061907,9940.561163705066,350.58108530000004,71.57284747698408,2,71.57284747698408,0,-66.72198837985333,0.2361903966740475,0.0,1722297600,7.283152084920371,2024-07-30T00:00:00+00:00,9933.278011620147
9861.55679349404,9861.792983890715,1.2719153879581557,9951.16275730262,340.06731145000003,71.57284747698408,2,71.57284747698408,0,-66.63416863230175,0.2361903966740475,0.0,1722384000,17.79692593492037,2024-07-31T00:00:00+00:00,9933.365831367699
9861.664152765255,9861.90034316193,1.2106610644400218,9957.336803373833,334.0006246500001,71.57284747698408,2,71.57284747698408,0,-66.52680936108628,0.2361903966740475,0.0,1722470400,23.86361273492037,2024-08-01T00:00:00+00:00,9933.473190638913
9861.721122348472,9861.957312745146,1.1780568731497687,9960.62309840705,330.77129920000004,71.57284747698408,2,71.57284747698408,0,-66.46983977786957,0.2361903966740475,0.0,1722556800,27.092938184920385,2024-08-02T00:00:00+00:00,9933.53016022213
9861.767850390917,9862.004040787591,0.9548940849783749,9983.116487549496,308.3246381,71.57284747698408,2,71.57284747698408,0,-66.42311173542525,0.2361903966740475,0.0,1722643200,49.539599284920385,2024-08-03T00:00:00+00:00,9933.576888264575
9861.846286346463,9862.082476743137,0.9154886119772221,9987.088308505041,304.43125310000005,71.57284747698408,2,71.57284747698408,0,-66.34467577987859,0.2361903966740475,0.0,1722729600,53.43298428492037,2024-08-04T00:00:00+00:00,9933.65532422012
9861.880184723914,9862.116375120588,0.8013588987419884,9998.591857432491,292.96160255,71.57284747698408,2,71.57284747698408,0,-66.31077740242799,0.2361903966740475,0.0,1722816000,64.90263483492039,2024-08-05T00:00:00+00:00,9933.689222597572
9924.168601905125,9924.311349850304,0.49037239354938755,10029.937318459686,153.91574989999998,43.25695308489696,2,43.25695308489696,0,-32.43169706479757,0.14274794518015999,0.0,1722902400,62.36901552448481,2024-08-06T00:00:00+00:00,9967.568302935202
9924.179099137275,9924.321847082454,0.586866277716247,10020.211348891837,163.6522167,43.25695308489696,2,43.25695308489696,0,-32.42119983264745,0.14274794518015999,0.0,1722988800,52.632548724484806,2024-08-07T00:00:00+00:00,9967.578800167352
9924.172777730513,9924.315525675693,0.5550215162073213,10023.421098235076,160.43614595,43.25695308489696,2,43.25695308489696,0,-32.42752123940884,0.14274794518015999,0.0,1723075200,55.848619474484806,2024-08-08T00:00:00+00:00,9967.57247876059
9924.161153682071,9924.30390162725,0.8461998184110087,9994.072178036633,189.77344209999998,43.25695308489696,2,43.25695308489696,0,-32.43914528785214,0.14274794518015999,0.0,1723161600,26.511323324484813,2024-08-09T00:00:00+00:00,9967.560854712148
9924.176814065237,9924.319562010416,0.8399025257463943,9994.7069050698,189.15437545,43.25695308489696,2,43.25695308489696,0,-32.42348490468699,0.14274794518015999,0.0,1723248000,27.130389974484807,2024-08-10T00:00:00+00:00,9967.576515095314
9939.11042064348,9939.203858356512,0.9010030367108124,9988.548362325346,120.542247,28.31445849480557,1,28.31445849480557,0,-32.48168314868145,0.09343771303285839,0.0,1723334400,21.030045474027848,2024-08-11T00:00:00+00:00,9967.518316851318
9939.13020395563,9939.223641668663,0.8728306204093483,9991.387962637496,117.72243,28.31445849480557,1,28.31445849480557,0,-32.46189983653113,0.09343771303285839,0.0,1723420800,23.849862474027848,2024-08-12T00:00:00+00:00,9967.538100163469
9939.128874591805,9939.222312304837,0.9070803454352516,9987.93580827367,121.17325500000001,28.31445849480557,1,28.31445849480557,0,-32.46322920035746,0.09343771303285839,0.0,1723507200,20.399037474027846,2024-08-13T00:00:00+00:00,9967.536770799643
9939.153894663054,9939.247332376086,0.9445901231146969,9984.15506134492,124.979022,28.31445849480557,1,28.31445849480557,0,-32.43820912910852,0.09343771303285839,0.0,1723593600,16.593270474027847,2024-08-14T00:00:00+00:00,9967.561790870892
9939.184226526715,9939.277664239748,0.9566143457553689,9982.94309620858,126.22131900000001,28.31445849480557,1,28.31445849480557,0,-32.40787726544596,0.09343771303285839,0.0,1723680000,15.350973474027843,2024-08-15T00:00:00+00:00,9967.592122734553
9939.187672396314,9939.281110109347,0.9818173763932125,9980.40279107818,128.76506999999998,28.31445849480557,1,28.31445849480557,0,-32.40443139584715,0.09343771303285839,0.0,1723766400,12.807222474027858,2024-08-16T00:00:00+00:00,9967.595568604153
9939.196003925726,9939.289441638759,1.004428649588207,9978.123718607592,131.052474,28.31445849480557,1,28.31445849480557,0,-32.39609986643505,0.09343771303285839,0.0,1723852800,10.519818474027865,2024-08-17T00:00:00+00:00,9967.603900133565
9939.195692466683,9939.289130179715,1.0253649359886707,9976.013474148549,133.162407,28.31445849480557,1,28.31445849480557,0,-32.39641132547849,0.09343771303285839,0.0,1723939200,8.409885474027849,2024-08-18T00:00:00+00:00,9967.603588674521
9939.18871153694,9939.282149249973,1.0009795270013888,9978.471368218807,130.697532,28.31445849480557,1,28.31445849480557,0,-32.40339225522039,0.09343771303285839,0.0,1724025600,10.87476047402785,2024-08-19T00:00:00+00:00,9967.59660774478
9939.224299979824,9939.317737692856,1.000430807416175,9978.52667566169,130.677813,28.31445849480557,1,28.31445849480557,0,-32.367803812338266,0.09343771303285839,0.0,1724112000,10.89447947402786,2024-08-20T00:00:00+00:00,9967.632196187662
9939.251072716053,9939.344510429086,0.9633853665118264,9982.26062039792,126.970641,28.31445849480557,1,28.31445849480557,0,-32.3410310761085,0.09343771303285839,0.0,1724198400,14.60165147402785,2024-08-21T00:00:00+00:00,9967.658968923892
9939.285396918363,9939.378834631396,0.9599146295537819,9982.61044860023,126.65513700000001,28.31445849480557,1,28.31445849480557,0,-32.30670687379818,0.09343771303285839,0.0,1724284800,14.917155474027844,2024-08-22T00:00:00+00:00,9967.693293126202
9939.300658411492,9939.394096124524,0.9495900741510743,9983.651098093358,125.629749,28.31445849480557,1,28.31445849480557,0,-32.29144538066947,0.09343771303285839,0.0,1724371200,15.94254347402785,2024-08-23T00:00:00+00:00,9967.70855461933
9939.320700800938,9939.41413851397,0.9955616427150593,9979.017456482803,130.28343299999997,28.31445849480557,1,28.31445849480557,0,-32.27140299122392,0.09343771303285839,0.0,1724457600,11.288859474027864,2024-08-24T00:00:00+00:00,9967.728597008776
9939.339776251625,9939.433213964658,1.0045673455859605,9978.109738933492,131.210226,28.31445849480557,1,28.31445849480557,0,-32.25232754053597,0.09343771303285839,0.0,1724544000,10.36206647402784,2024-08-25T00:00:00+00:00,9967.747672459464
9939.35279948681,9939.446237199843,0.9702016026082672,9981.573587168677,127.75940100000001,28.31445849480557,1,28.31445849480557,0,-32.23930430535129,0.09343771303285839,0.0,1724630400,13.81289147402784,2024-08-26T00:00:00+00:00,9967.76069569465
9939.357924403797,9939.45136211683,0.9345447594657941,9985.167570085663,124.170543,28.31445849480557,1,28.31445849480557,0,-32.23417938836373,0.09343771303285839,0.0,1724716800,17.401749474027856,2024-08-27T00:00:00+00:00,9967.765820611636
9939.366272921885,9939.459710634917,0.8830093088727398,9990.36201560375,118.984446,28.31445849480557,1,28.31445849480557,0,-32.22583087027654,0.09343771303285839,0.0,1724803200,22.587846474027845,2024-08-28T00:00:00+00:00,9967.774169129723
9939.361548654486,9939.454986367518,0.911032320458327,9987.537474336352,121.804263,28.31445849480557,1,28.31445849480557,0,-32.2305551376764,0.09343771303285839,0.0,1724889600,19.768029474027845,2024-08-29T00:00:00+00:00,9967.769444862324
9939.37480406823,9939.468241781262,0.9240085124140651,9986.229556750095,123.125436,28.31445849480557,1,28.31445849480557,0,-32.21729972393205,0.09343771303285839,0.0,1724976000,18.446856474027857,2024-08-30T00:00:00+00:00,9967.782700276068
9939.381882682854,9939.475320395886,0.9714781594161392,9981.44491836472,127.91715300000001,28.31445849480557,1,28.31445849480557,0,-32.21022110930835,0.09343771303285839,0.0,1725062400,13.655139474027843,2024-08-31T00:00:00+00:00,9967.789778890692
9939.361426902315,9939.454864615347,0.972463655952871,9981.34558658418,127.996029,28.31445849480557,1,28.31445849480557,0,-32.23067688984792,0.09343771303285839,0.0,1725148800,13.576263474027858,2024-09-01T00:00:00+00:00,9967.769323110153
9939.384027503083,9939.477465216116,0.9452414753398197,9984.08940918495,125.274807,28.31445849480557,1,28.31445849480557,0,-32.20807628907737,0.09343771303285839,0.0,1725235200,16.297485474027848,2024-09-02T00:00:00+00:00,9967.791923710922
9939.390212796543,9939.483650509575,0.9801991948838795,9980.56589347841,128.804508,28.31445849480557,1,28.31445849480557,0,-32.20189099561918,0.09343771303285839,0.0,1725321600,12.767784474027865,2024-09-03T00:00:00+00:00,9967.798109004381
9939.401304985658,9939.494742698691,0.960916686185076,9982.509447667524,126.87204600000001,28.31445849480557,1,28.31445849480557,0,-32.190798806503835,0.09343771303285839,0.0,1725408000,14.700246474027844,2024-09-04T00:00:00+00:00,9967.809201193497
9939.412872857676,9939.506310570709,0.9807569278950212,9980.509677539543,128.883384,28.31445849480557,1,28.31445849480557,0,-32.17923093448579,0.09343771303285839,0.0,1725494400,12.688908474027853,2024-09-05T00:00:00+00:00,9967.820769065514
9939.42484562645,9939.518283339483,0.9935502079575609,9979.220196308317,130.18483799999998,28.31445849480557,1,28.31445849480557,0,-32.16725816571125,0.09343771303285839,0.0,1725580800,11.38745447402786,2024-09-06T00:00:00+00:00,9967.832741834289
9939.417690562788,9939.51112827582,0.9343430784914397,9985.187898244654,124.209981,28.31445849480557,1,28.31445849480557,0,-32.174413229372895,0.09343771303285839,0.0,1725667200,17.362311474027848,2024-09-07T00:00:00+00:00,9967.825586770627
9939.41224002953,9939.505677742562,0.9154203318105791,9987.095190711396,122.29723800000001,28.31445849480557,1,28.31445849480557,0,-32.17986376263315,0.09343771303285839,0.0,1725753600,19.275054474027847,2024-09-08T00:00:00+00:00,9967.820136237367
9939.454711717271,9939.548149430304,0.8928919386769318,9989.365909399137,120.068991,28.31445849480557,1,28.31445849480557,0,-32.13739207489093,0.09343771303285839,0.0,1725840000,21.50330147402785,2024-09-09T00:00:00+00:00,9967.86260792511
9939.475559653061,9939.568997366094,0.9022713309580599,9988.420526334927,121.035222,28.31445849480557,1,28.31445849480557,0,-32.11654413910121,0.09343771303285839,0.0,1725926400,20.537070474027846,2024-09-10T00:00:00+00:00,9967.8834558609
9939.493260436788,9939.58669814982,0.9044433650468586,9988.201599118654,121.27185,28.31445849480557,1,28.31445849480557,0,-32.098843355373184,0.09343771303285839,0.0,1726012800,20.30044247402785,2024-09-11T00:00:00+00:00,9967.901156644626
9939.512607706278,9939.60604541931,0.9165765687150995,9986.978649388144,122.51414700000001,28.31445849480557,1,28.31445849480557,0,-32.07949608588368,0.09343771303285839,0.0,1726099200,19.058145474027846,2024-09-12T00:00:00+00:00,9967.920503914116
9939.536834972689,9939.630272685721,0.9296395434039706,9985.661984654555,123.855039,28.31445849480557,1,28.31445849480557,0,-32.0552688194726,0.09343771303285839,0.0,1726185600,17.717253474027846,2024-09-13T00:00:00+00:00,9967.944731180527
9939.554268184784,9939.647705897816,0.9699635151793284,9981.59758486665,127.936872,28.31445849480557,1,28.31445849480557,0,-32.03783560737735,0.09343771303285839,0.0,1726272000,13.63542047402786,2024-09-14T00:00:00+00:00,9967.962164392622
9939.567264521233,9939.660702234265,0.9890070353249292,9979.6781192031,129.869334,28.31445849480557,1,28.31445849480557,0,-32.02483927092823,0.09343771303285839,0.0,1726358400,11.702958474027852,2024-09-15T00:00:00+00:00,9967.975160729071
9939.582964888468,9939.6764026015,0.9370073704186077,9984.919354570335,124.643799,28.31445849480557,1,28.31445849480557,0,-32.009138903692865,0.09343771303285839,0.0,1726444800,16.92849347402785,2024-09-16T00:00:00+00:00,9967.990861096307
9939.587162506941,9939.680600219974,0.9244449344188665,9986.185568188808,123.381783,28.31445849480557,1,28.31445849480557,0,-32.00494128522101,0.09343771303285839,0.0,1726531200,18.190509474027852,2024-09-17T00:00:00+00:00,9967.99505871478
9939.58900153102,9939.682439244052,0.946924984105979,9983.919722212886,125.649468,28.31445849480557,1,28.31445849480557,0,-32.00310226114177,0.09343771303285839,0.0,1726617600,15.922824474027854,2024-09-18T00:00:00+00:00,9967.996897738858
9939.609339806557,9939.70277751959,0.9678520364455934,9981.810408488423,127.77911999999999,28.31445849480557,1,28.31445849480557,0,-31.982763985604954,0.09343771303285839,0.0,1726704000,13.793172474027857,2024-09-19T00:00:00+00:00,9968.017236014395
9939.6518114943,9939.745249207332,0.9787776299764905,9980.709178176165,128.922822,28.31445849480557,1,28.31445849480557,0,-31.940292297862747,0.09343771303285839,0.0,1726790400,12.649470474027861,2024-09-20T00:00:00+00:00,9968.059707702138
9939.684636446033,9939.778074159065,0.9764955915684492,9980.939193127899,128.725632,28.31445849480557,1,28.31445849480557,0,-31.907467346129714,0.09343771303285839,0.0,1726876800,12.84666047402785,2024-09-21T00:00:00+00:00,9968.09253265387
9939.70279733971,9939.796235052743,1.006247926983339,9977.940347021577,131.742639,28.31445849480557,1,28.31445849480557,0,-31.88930645245115,0.09343771303285839,0.0,1726963200,9.829653474027847,2024-09-22T00:00:00+00:00,9968.110693547549
9939.711327070332,9939.804764783365,1.0419649361496974,9974.340299752199,135.351216,28.31445849480557,1,28.31445849480557,0,-31.88077672182959,0.09343771303285839,0.0,1727049600,6.221076474027851,2024-09-23T00:00:00+00:00,9968.11922327817
9939.746224640427,9939.839662353459,1.0079690842292988,9977.766865322294,131.959548,28.31445849480557,1,28.31445849480557,0,-31.845879151734742,0.09343771303285839,0.0,1727136000,9.61274447402785,2024-09-24T00:00:00+00:00,9968.154120848265
9939.788696328169,9939.882134041201,1.0026567778002038,9978.302312010035,131.466573,28.31445849480557,1,28.31445849480557,0,-31.803407463992535,0.09343771303285839,0.0,1727222400,10.105719474027849,2024-09-25T00:00:00+00:00,9968.196592536007
9939.830831073856,9939.924268786888,0.9994998250992926,9978.620512755722,131.190507,28.31445849480557,1,28.31445849480557,0,-31.761272718306415,0.09343771303285839,0.0,1727308800,10.381785474027849,2024-09-26T00:00:00+00:00,9968.238727281694
9939.871797848129,9939.965235561162,1.0380252154668201,9974.737398529995,135.114588,28.31445849480557,1,28.31445849480557,0,-31.7203059440332,0.09343771303285839,0.0,1727395200,6.45770447402786,2024-09-27T00:00:00+00:00,9968.279694055967
9939.914269535871,9940.007707248904,1.0874913667340391,9969.751525217738,140.142933,28.31445849480557,1,28.31445849480557,0,-31.677834256290993,0.09343771303285839,0.0,1727481600,1.4293594740278655,2024-09-28T00:00:00+00:00,9968.32216574371
9939.956741223612,9940.050178936644,1.064962973600403,9972.022243905478,137.914686,28.31445849480557,1,28.31445849480557,0,-31.635362568548786,0.09343771303285839,0.0,1727568000,3.6576064740278564,2024-09-29T00:00:00+00:00,9968.36463743145
9939.999212911354,9940.092650624387,1.0514338985168403,9973.38588859322,136.593513,28.31445849480557,1,28.31445849480557,0,-31.59289088080658,0.09343771303285839,0.0,1727654400,4.97877947402786,2024-09-30T00:00:00+00:00,9968.407109119193
9940.036715411632,9940.130153124665,1.0025437638862211,9978.313703093498,131.703201,28.31445849480557,1,28.31445849480557,0,-31.555388380530204,0.09343771303285839,0.0,1727740800,9.86909147402784,2024-10-01T00:00:00+00:00,9968.44461161947
9940.071002805145,9940.164440518178,0.9352956163714121,9985.091888487012,124.95930299999999,28.31445849480557,1,28.31445849480557,0,-31.52110098701592,0.09343771303285839,0.0,1727827200,16.612989474027856,2024-10-02T00:00:00+00:00,9968.478899012984
9909.308188507714,9909.502507522422,0.9839629463855082,9980.186531274454,271.10322045,58.884549911506,2,58.884549911506,0,-31.612942566070217,0.1943190147079698,0.0,1727913600,11.799473840525714,2024-10-03T00:00:00+00:00,9968.387057433929
9909.293640336835,9909.487959351543,0.9973776177510607,9978.834417753576,271.89530709999997,58.884549911506,2,58.884549911506,0,-31.627490736949394,0.1943190147079698,0.0,1728000000,10.461908490525719,2024-10-04T00:00:00+00:00,9968.37250926305
9909.326935034145,9909.521254048854,0.948803894491268,9983.730340000886,282.51588265,58.884549911506,2,58.884549911506,0,-31.59419603963934,0.1943190147079698,0.0,1728086400,15.324536040525729,2024-10-05T00:00:00+00:00,9968.40580396036
9909.309659039951,9909.50397805466,0.9603997116960583,9982.561555406692,286.68850405,58.884549911506,2,58.884549911506,0,-31.611472033833035,0.1943190147079698,0.0,1728172800,14.173027440525736,2024-10-06T00:00:00+00:00,9968.388527966166
9909.283832516316,9909.478151531024,0.9507548218809836,9983.533698933057,290.68376209999997,58.884549911506,2,58.884549911506,0,-31.63729855746981,0.1943190147079698,0.0,1728259200,15.170997490525732,2024-10-07T00:00:00+00:00,9968.362701442531
9909.276686254607,9909.471005269315,0.9328507841300238,9985.338312021348,283.54309545,58.884549911506,2,58.884549911506,0,-31.644444819178613,0.1943190147079698,0.0,1728345600,16.982756840525713,2024-10-08T00:00:00+00:00,9968.355555180822
9909.272148319995,9909.466467334703,0.961093672860569,9982.491608536737,284.3292259,58.884549911506,2,58.884549911506,0,-31.64898275378982,0.1943190147079698,0.0,1728432000,14.140591290525707,2024-10-09T00:00:00+00:00,9968.35101724621
9909.268968628203,9909.463287642911,0.9812471338831785,9980.460267894943,277.92344694999997,58.884549911506,2,58.884549911506,0,-31.65216244558203,0.1943190147079698,0.0,1728518400,12.112430340525705,2024-10-10T00:00:00+00:00,9968.347837554418
9909.262123346882,9909.45644236159,0.8530301396601048,9993.383725113623,289.74948545,58.884549911506,2,58.884549911506,0,-31.659007726902047,0.1943190147079698,0.0,1728604800,25.042732840525716,2024-10-11T00:00:00+00:00,9968.340992273097
9909.243127811354,9909.437446826063,0.8763868519215845,9991.029517128096,292.462337,58.884549911506,2,58.884549911506,0,-31.678003262430522,0.1943190147079698,0.0,1728691200,22.707520390525715,2024-10-12T00:00:00+00:00,9968.32199673757
9909.21269980694,9909.407018821648,0.9115063361196718,9987.48969657368,291.39810045,58.884549911506,2,58.884549911506,0,-31.70843126684468,0.1943190147079698,0.0,1728777600,19.198127840525732,2024-10-13T00:00:00+00:00,9968.291568733155
9909.20918192999,9909.403500944698,0.9459593250981557,9984.017054496731,282.44709425,58.884549911506,2,58.884549911506,0,-31.711949143794893,0.1943190147079698,0.0,1728864000,15.729003640525743,2024-10-14T00:00:00+00:00,9968.288050856205
9909.205798480607,9909.400117495315,0.8826367005952518,9990.399572147347,296.95722335,58.884549911506,2,58.884549911506,0,-31.715332593177735,0.1943190147079698,0.0,1728950400,22.11490474052573,2024-10-15T00:00:00+00:00,9968.284667406822
9937.475794201786,9937.57667550346,1.0398337447362849,9974.55511028666,159.25880045,30.57009141670043,1,30.57009141670043,0,-31.853233079839164,0.10088130167511142,0.0,1729036800,6.408343366497872,2024-10-16T00:00:00+00:00,9968.146766920161
9937.429939064661,9937.530820366335,1.1048144301137763,9968.005470649534,152.75501595,30.57009141670043,1,30.57009141670043,0,-31.899088216964216,0.10088130167511142,0.0,1729123200,-0.09544113350213287,2024-10-17T00:00:00+00:00,9968.100911783036
9955.791864709227,9955.791864709227,1.225988804415712,9955.791864709227,0.0,0.0,0,0.0,0,-44.20813529077318,0.0,0.0,1729209600,0.0,2024-10-18T00:00:00+00:00,9955.791864709227
9918.899855596876,9919.020783327547,1.0720725340631065,9971.305645446435,198.86392959999998,36.64476687027818,1,36.64476687027818,0,-44.33444980217503,0.120927730671918,0.0,1729296000,15.640095248609082,2024-10-19T00:00:00+00:00,9955.665550197826
9918.844888446569,9918.96581617724,0.9967980847161995,9978.892830996128,206.5060823,36.64476687027818,1,36.64476687027818,0,-44.389416952480445,0.120927730671918,0.0,1729382400,23.282247948609097,2024-10-20T00:00:00+00:00,9955.610583047519
9918.789921296264,9918.910849026935,1.0231721487942602,9976.234493145823,203.90271159999998,36.64476687027818,1,36.64476687027818,0,-44.44438410278586,0.120927730671918,0.0,1729468800,20.678877248609087,2024-10-21T00:00:00+00:00,9955.555615897214
9918.734954145959,9918.85588187663,1.1528610953698393,9963.162672495519,190.8858581,36.64476687027818,1,36.64476687027818,0,-44.49935125309128,0.120927730671918,0.0,1729555200,7.662023748609103,2024-10-22T00:00:00+00:00,9955.500648746909
9918.679986995654,9918.800914726326,1.1267445336628712,9965.795055745213,193.5732085,36.64476687027818,1,36.64476687027818,0,-44.5543184033967,0.120927730671918,0.0,1729641600,10.349374148609106,2024-10-23T00:00:00+00:00,9955.445681596604
9859.726722468427,9860.0407497782,1.1416586608560486,9964.291806617413,484.8902202,95.15979084019644,2,95.15979084019644,0,-44.79945938160435,0.31402730977264826,0.0,1729728000,9.091265999017866,2024-10-24T00:00:00+00:00,9955.200540618396
9859.583982782167,9859.89801009194,1.1628677345865146,9962.154066931154,482.89522020000004,95.15979084019644,2,95.15979084019644,0,-44.94219906786464,0.31402730977264826,0.0,1729814400,7.0962659990178505,2024-10-25T00:00:00+00:00,9955.057800932136
9883.998213701334,9884.191313280435,1.4171055039778335,9936.528517400762,286.39730000000003,58.51502396991825,1,58.51502396991825,0,-57.293662749648156,0.19309957910073022,0.0,1729900800,-6.177819849591242,2024-10-26T00:00:00+00:00,9942.706337250353
9883.917615107317,9884.110714686418,1.3687990281558093,9941.397502806745,291.346884,58.51502396991825,1,58.51502396991825,0,-57.37426134366432,0.19309957910073022,0.0,1729987200,-1.2282358495912589,2024-10-27T00:00:00+00:00,9942.625738656336
9883.829842571362,9884.022942150463,1.3398520872519915,9944.31517027079,294.352324,58.51502396991825,1,58.51502396991825,0,-57.4620338796192,0.19309957910073022,0.0,1730073600,1.7772041504087839,2024-10-28T00:00:00+00:00,9942.53796612038
9883.742070035407,9883.935169614508,1.271384973205636,9951.216219734833,301.341146,58.51502396991825,1,58.51502396991825,0,-57.549806415574075,0.19309957910073022,0.0,1730160000,8.766026150408754,2024-10-29T00:00:00+00:00,9942.450193584426
9883.654297499452,9883.847397078553,1.1878342681720722,9959.637599198879,309.850298,58.51502396991825,1,58.51502396991825,0,-57.63757895152896,0.19309957910073022,0.0,1730246400,17.275178150408756,2024-10-30T00:00:00+00:00,9942.36242104847
9883.566524963497,9883.759624542598,1.1645713368448884,9961.982354662923,312.282826,58.51502396991825,1,58.51502396991825,0,-57.725351487483834,0.19309957910073022,0.0,1730332800,19.707706150408733,2024-10-31T00:00:00+00:00,9942.274648512515
9883.478752427543,9883.671852006644,1.329754288592544,9945.33296412697,295.72120800000005,58.51502396991825,1,58.51502396991825,0,-57.81312402343871,0.19309957910073022,0.0,1730419200,3.146088150408767,2024-11-01T00:00:00+00:00,9942.186875976562
9883.390979891588,9883.58407947069,1.3393724208613955,9944.363517591015,294.839534,58.51502396991825,1,58.51502396991825,0,-57.90089655939359,0.19309957910073022,0.0,1730505600,2.264414150408741,2024-11-02T00:00:00+00:00,9942.099103440607
9883.303207355633,9883.496306934734,1.3609875405563465,9942.18485105506,292.74864,58.51502396991825,1,58.51502396991825,0,-57.98866909534846,0.19309957910073022,0.0,1730592000,0.1735201504087475,2024-11-03T00:00:00+00:00,9942.011330904652
9883.215434819678,9883.408534398779,1.4044767790729162,9937.801412519106,288.45297400000004,58.51502396991825,1,58.51502396991825,0,-58.07644163130335,0.19309957910073022,0.0,1730678400,-4.122145849591217,2024-11-04T00:00:00+00:00,9941.923558368697
9883.127662283723,9883.320761862824,1.4742312667602397,9930.77060398315,281.509938,58.51502396991825,1,58.51502396991825,0,-58.16421416725822,0.19309957910073022,0.0,1730764800,-11.065181849591255,2024-11-05T00:00:00+00:00,9941.835785832742
9883.039889747768,9883.232989326869,1.4474507721294771,9933.469907447196,284.29701400000005,58.51502396991825,1,58.51502396991825,0,-58.2519867032131,0.19309957910073022,0.0,1730851200,-8.278105849591228,2024-11-06T00:00:00+00:00,9941.748013296787
9825.883358578794,9826.263932055152,1.1572180265829735,9962.723521550834,609.87375,115.32529586581069,2,115.32529586581069,0,-58.41077207903784,0.3805734763571752,0.0,1730937600,21.13429362987087,2024-11-07T00:00:00+00:00,9941.589227920962
9878.233262417363,9878.51728610417,1.0256226011503111,9975.987503139688,466.4832544,86.06778388085155,2,86.06778388085155,0,-35.41493001497781,0.2840236868068101,0.0,1731024000,11.402433154666491,2024-11-08T00:00:00+00:00,9964.585069985022
9853.089318396791,9853.374419112632,1.1162729311100628,9966.850526655464,460.31196450000004,86.39415631540386,2,86.39415631540386,0,-60.23142457196459,0.28510071584083274,0.0,1731110400,27.08195122742803,2024-11-09T00:00:00+00:00,9939.768575428036
9889.075844426605,9889.172394216155,1.2262519800843696,9955.765338276318,183.622992,29.257511984959127,1,29.257511984959127,0,-81.57009379888581,0.09654978955036511,0.0,1731196800,37.33543207520437,2024-11-10T00:00:00+00:00,9918.429906201114
9962.455303509378,9962.455303509378,1.1598790878214582,9962.455303509378,0.0,0.0,0,0.0,0,-37.544696490622044,0.0,0.0,1731283200,0.0,2024-11-11T00:00:00+00:00,9962.455303509378
9962.455303509378,9962.455303509378,1.1598790878214582,9962.455303509378,0.0,0.0,0,0.0,0,-37.544696490622044,0.0,0.0,1731369600,0.0,2024-11-12T00:00:00+00:00,9962.455303509378
9962.455303509378,9962.455303509378,1.1598790878214582,9962.455303509378,0.0,0.0,0,0.0,0,-37.544696490622044,0.0,0.0,1731456000,0.0,2024-11-13T00:00:00+00:00,9962.455303509378
9962.455303509378,9962.455303509378,1.1598790878214582,9962.455303509378,0.0,0.0,0,0.0,0,-37.544696490622044,0.0,0.0,1731542400,0.0,2024-11-14T00:00:00+00:00,9962.455303509378
9962.455303509378,9962.455303509378,1.1598790878214582,9962.455303509378,0.0,0.0,0,0.0,0,-37.544696490622044,0.0,0.0,1731628800,0.0,2024-11-15T00:00:00+00:00,9962.455303509378
9962.455303509378,9962.455303509378,1.1598790878214582,9962.455303509378,0.0,0.0,0,0.0,0,-37.544696490622044,0.0,0.0,1731715200,0.0,2024-11-16T00:00:00+00:00,9962.455303509378
9962.455303509378,9962.455303509378,1.1598790878214582,9962.455303509378,0.0,0.0,0,0.0,0,-37.544696490622044,0.0,0.0,1731801600,0.0,2024-11-17T00:00:00+00:00,9962.455303509378
9962.455303509378,9962.455303509378,1.1598790878214582,9962.455303509378,0.0,0.0,0,0.0,0,-37.544696490622044,0.0,0.0,1731888000,0.0,2024-11-18T00:00:00+00:00,9962.455303509378
9962.455303509378,9962.455303509378,1.1598790878214582,9962.455303509378,0.0,0.0,0,0.0,0,-37.544696490622044,0.0,0.0,1731974400,0.0,2024-11-19T00:00:00+00:00,9962.455303509378
9962.455303509378,9962.455303509378,1.1598790878214582,9962.455303509378,0.0,0.0,0,0.0,0,-37.544696490622044,0.0,0.0,1732060800,0.0,2024-11-20T00:00:00+00:00,9962.455303509378
9962.455303509378,9962.455303509378,1.1598790878214582,9962.455303509378,0.0,0.0,0,0.0,0,-37.544696490622044,0.0,0.0,1732147200,0.0,2024-11-21T00:00:00+00:00,9962.455303509378
9962.455303509378,9962.455303509378,1.1598790878214582,9962.455303509378,0.0,0.0,0,0.0,0,-37.544696490622044,0.0,0.0,1732233600,0.0,2024-11-22T00:00:00+00:00,9962.455303509378
9962.455303509378,9962.455303509378,1.1598790878214582,9962.455303509378,0.0,0.0,0,0.0,0,-37.544696490622044,0.0,0.0,1732320000,0.0,2024-11-23T00:00:00+00:00,9962.455303509378
9962.455303509378,9962.455303509378,1.1598790878214582,9962.455303509378,0.0,0.0,0,0.0,0,-37.544696490622044,0.0,0.0,1732406400,0.0,2024-11-24T00:00:00+00:00,9962.455303509378
9962.455303509378,9962.455303509378,1.1598790878214582,9962.455303509378,0.0,0.0,0,0.0,0,-37.544696490622044,0.0,0.0,1732492800,0.0,2024-11-25T00:00:00+00:00,9962.455303509378
9962.455303509378,9962.455303509378,1.1598790878214582,9962.455303509378,0.0,0.0,0,0.0,0,-37.544696490622044,0.0,0.0,1732579200,0.0,2024-11-26T00:00:00+00:00,9962.455303509378
9962.455303509378,9962.455303509378,1.1598790878214582,9962.455303509378,0.0,0.0,0,0.0,0,-37.544696490622044,0.0,0.0,1732665600,0.0,2024-11-27T00:00:00+00:00,9962.455303509378
9962.455303509378,9962.455303509378,1.1598790878214582,9962.455303509378,0.0,0.0,0,0.0,0,-37.544696490622044,0.0,0.0,1732752000,0.0,2024-11-28T00:00:00+00:00,9962.455303509378
9962.455303509378,9962.455303509378,1.1598790878214582,9962.455303509378,0.0,0.0,0,0.0,0,-37.544696490622044,0.0,0.0,1732838400,0.0,2024-11-29T00:00:00+00:00,9962.455303509378
9962.455303509378,9962.455303509378,1.1598790878214582,9962.455303509378,0.0,0.0,0,0.0,0,-37.544696490622044,0.0,0.0,1732924800,0.0,2024-11-30T00:00:00+00:00,9962.455303509378
9962.455303509378,9962.455303509378,1.1598790878214582,9962.455303509378,0.0,0.0,0,0.0,0,-37.544696490622044,0.0,0.0,1733011200,0.0,2024-12-01T00:00:00+00:00,9962.455303509378
9962.455303509378,9962.455303509378,1.1598790878214582,9962.455303509378,0.0,0.0,0,0.0,0,-37.544696490622044,0.0,0.0,1733097600,0.0,2024-12-02T00:00:00+00:00,9962.455303509378
9962.455303509378,9962.455303509378,1.1598790878214582,9962.455303509378,0.0,0.0,0,0.0,0,-37.544696490622044,0.0,0.0,1733184000,0.0,2024-12-03T00:00:00+00:00,9962.455303509378
9962.455303509378,9962.455303509378,1.1598790878214582,9962.455303509378,0.0,0.0,0,0.0,0,-37.544696490622044,0.0,0.0,1733270400,0.0,2024-12-04T00:00:00+00:00,9962.455303509378
9962.455303509378,9962.455303509378,1.1598790878214582,9962.455303509378,0.0,0.0,0,0.0,0,-37.544696490622044,0.0,0.0,1733356800,0.0,2024-12-05T00:00:00+00:00,9962.455303509378
9962.455303509378,9962.455303509378,1.1598790878214582,9962.455303509378,0.0,0.0,0,0.0,0,-37.544696490622044,0.0,0.0,1733443200,0.0,2024-12-06T00:00:00+00:00,9962.455303509378
9962.455303509378,9962.455303509378,1.1598790878214582,9962.455303509378,0.0,0.0,0,0.0,0,-37.544696490622044,0.0,0.0,1733529600,0.0,2024-12-07T00:00:00+00:00,9962.455303509378
9962.455303509378,9962.455303509378,1.1598790878214582,9962.455303509378,0.0,0.0,0,0.0,0,-37.544696490622044,0.0,0.0,1733616000,0.0,2024-12-08T00:00:00+00:00,9962.455303509378
9962.455303509378,9962.455303509378,1.1598790878214582,9962.455303509378,0.0,0.0,0,0.0,0,-37.544696490622044,0.0,0.0,1733702400,0.0,2024-12-09T00:00:00+00:00,9962.455303509378
9890.701431265312,9890.93667817645,1.1256417720359457,9965.906207100728,360.1173,71.28694276893,1,71.28694276893,0,-37.77637905462107,0.23524691113746904,0.0,1733788800,3.6825861553499477,2024-12-10T00:00:00+00:00,9962.223620945379
9890.594500851159,9890.829747762296,1.1551959233918607,9962.927336686576,357.24536,71.28694276893,1,71.28694276893,0,-37.88330946877446,0.23524691113746904,0.0,1733875200,0.8106461553499583,2024-12-11T00:00:00+00:00,9962.116690531226
9890.487570437006,9890.722817348144,0.9882963052510796,9979.749756272422,374.17471,71.28694276893,1,71.28694276893,0,-37.99023988292786,0.23524691113746904,0.0,1733961600,17.73999615534996,2024-12-12T00:00:00+00:00,9962.009760117073
9890.380640022851,9890.615886933989,1.031417979675564,9975.403365858268,369.93525,71.28694276893,1,71.28694276893,0,-38.09717029708125,0.23524691113746904,0.0,1734048000,13.500536155349948,2024-12-13T00:00:00+00:00,9961.902829702918
9890.273709608698,9890.508956519836,0.9798643328172818,9980.599645444116,375.23846000000003,71.28694276893,1,71.28694276893,0,-38.204100711234645,0.23524691113746904,0.0,1734134400,18.80374615534996,2024-12-14T00:00:00+00:00,9961.795899288765
9890.166779194546,9890.402026105683,0.9807747118507182,9980.507885029961,375.25363,71.28694276893,1,71.28694276893,0,-38.31103112538804,0.23524691113746904,0.0,1734220800,18.81891615534993,2024-12-15T00:00:00+00:00,9961.688968874612
9890.059848780393,9890.29509569153,0.8681965781169643,9991.85504461581,386.70772000000005,71.28694276893,1,71.28694276893,0,-38.41796153954144,0.23524691113746904,0.0,1734307200,30.27300615534997,2024-12-16T00:00:00+00:00,9961.58203846046
9889.952918366238,9890.188165277375,0.8113091620437052,9997.588934201654,392.54854,71.28694276893,1,71.28694276893,0,-38.52489195369483,0.23524691113746904,0.0,1734393600,36.11382615534994,2024-12-17T00:00:00+00:00,9961.475108046305
9889.845987952085,9890.081234863223,0.8127224498056029,9997.446483787502,392.51302000000004,71.28694276893,1,71.28694276893,0,-38.63182236784823,0.23524691113746904,0.0,1734480000,36.07830615534997,2024-12-18T00:00:00+00:00,9961.368177632152
9889.752651957917,9889.987898869054,1.0315511038021197,9975.389947793334,370.54982,71.28694276893,1,71.28694276893,0,-38.725158362015584,0.23524691113746904,0.0,1734566400,14.11510615534997,2024-12-19T00:00:00+00:00,9961.274841637984
9889.795702142656,9890.030949053793,1.1320434570983862,9965.260957978073,360.37778,71.28694276893,1,71.28694276893,0,-38.68210817727743,0.23524691113746904,0.0,1734652800,3.943066155349926,2024-12-20T00:00:00+00:00,9961.317891822722
9889.76398301747,9889.999229928608,1.1192201191505657,9966.553468852888,361.70201000000003,71.28694276893,1,71.28694276893,0,-38.71382730246246,0.23524691113746904,0.0,1734739200,5.267296155349959,2024-12-21T00:00:00+00:00,9961.286172697537
9889.778621791169,9890.013868702306,1.1377082030730512,9964.689987626585,359.82389,71.28694276893,1,71.28694276893,0,-38.699188528764864,0.23524691113746904,0.0,1734825600,3.389176155349937,2024-12-22T00:00:00+00:00,9961.300811471236
9889.746842072082,9889.982088983219,1.2152952405505735,9956.8697079075,352.03539,71.28694276893,1,71.28694276893,0,-38.73096824785125,0.23524691113746904,0.0,1734912000,-4.3993238446500635,2024-12-23T00:00:00+00:00,9961.269031752148
9889.714349483567,9889.949596394705,1.226912864631069,9955.698725318984,350.8969,71.28694276893,1,71.28694276893,0,-38.76346083636533,0.23524691113746904,0.0,1734998400,-5.537813844650053,2024-12-24T00:00:00+00:00,9961.236539163634
9889.631243165688,9889.866490076825,1.0885638175302303,9969.643429001104,364.92471,71.28694276893,1,71.28694276893,0,-38.84656715424535,0.23524691113746904,0.0,1735084800,8.489996155349958,2024-12-25T00:00:00+00:00,9961.153432845755
9889.524312751535,9889.759559662672,1.0611057392384882,9972.411028586952,367.79924,71.28694276893,1,71.28694276893,0,-38.953497568398745,0.23524691113746904,0.0,1735171200,11.364526155349937,2024-12-26T00:00:00+00:00,9961.046502431602
9889.48077068689,9889.716017598028,1.195964867464483,9958.818086522308,354.24984,71.28694276893,1,71.28694276893,0,-38.99703963304201,0.23524691113746904,0.0,1735257600,-2.1848738446500633,2024-12-27T00:00:00+00:00,9961.002960366957
9889.45837589382,9889.693622804958,1.2509637239245919,9953.274551729237,348.7287,71.28694276893,1,71.28694276893,0,-39.019434426112866,0.23524691113746904,0.0,1735344000,-7.706013844650053,2024-12-28T00:00:00+00:00,9960.980565573887
9889.455510158721,9889.690757069859,1.214107287721622,9956.989445994137,352.44646,71.28694276893,1,71.28694276893,0,-39.02230016121218,0.23524691113746904,0.0,1735430400,-3.9882538446500417,2024-12-29T00:00:00+00:00,9960.977699838788
9889.465354885517,9889.700601796654,1.2711576673289926,9951.239130720933,346.6863,71.28694276893,1,71.28694276893,0,-39.01245543441579,0.23524691113746904,0.0,1735516800,-9.748413844650052,2024-12-30T00:00:00+00:00,9960.987544565583
9889.47915247329,9889.714399384427,1.3062500849159275,9947.702038308707,343.13541000000004,71.28694276893,1,71.28694276893,0,-38.998657846642864,0.23524691113746904,0.0,1735603200,-13.299303844650042,2024-12-31T00:00:00+00:00,9961.001342153357
9889.408542756477,9889.643789667614,1.2779250799051067,9950.557018591893,346.06100000000004,71.28694276893,1,71.28694276893,0,-39.06926756345549,0.23524691113746904,0.0,1735689600,-10.373713844650053,2025-01-01T00:00:00+00:00,9960.930732436544
9889.322977039072,9889.55822395021,1.2407952135688682,9954.299472874489,349.88902,71.28694276893,1,71.28694276893,0,-39.154833280861034,0.23524691113746904,0.0,1735776000,-6.545693844650032,2025-01-02T00:00:00+00:00,9960.845166719138
9889.216046624919,9889.451293536056,1.153905804519595,9963.057372460335,358.75385,71.28694276893,1,71.28694276893,0,-39.26176369501443,0.23524691113746904,0.0,1735862400,2.3191361553499474,2025-01-03T00:00:00+00:00,9960.738236304986
9889.134800896245,9889.370047807382,1.1114139926984512,9967.340276731662,363.118,71.28694276893,1,71.28694276893,0,-39.34300942368818,0.23524691113746904,0.0,1735948800,6.683286155349948,2025-01-04T00:00:00+00:00,9960.656990576312
9889.045275189168,9889.280522100305,1.1109366382325958,9967.388391024584,363.25564,71.28694276893,1,71.28694276893,0,-39.43253513076454,0.23524691113746904,0.0,1736035200,6.820926155349937,2025-01-05T00:00:00+00:00,9960.567464869235
9888.9473340585,9889.182580969637,1.1059138125601664,9967.894659893916,363.85985,71.28694276893,1,71.28694276893,0,-39.53047626143478,0.23524691113746904,0.0,1736121600,7.425136155349948,2025-01-06T00:00:00+00:00,9960.469523738566
9888.857320035864,9889.092566947002,0.9656473597548287,9982.032625871281,378.08783,71.28694276893,1,71.28694276893,0,-39.620490284069106,0.23524691113746904,0.0,1736208000,21.653116155349927,2025-01-07T00:00:00+00:00,9960.37950971593
9888.780743601941,9889.015990513079,1.160148093611224,9962.428189437358,358.55997,71.28694276893,1,71.28694276893,0,-39.69706671799149,0.23524691113746904,0.0,1736294400,2.125256155349969,2025-01-08T00:00:00+00:00,9960.302933282008
9888.705903005075,9888.941149916212,1.2301194805144466,9955.375518840492,351.58214,71.28694276893,1,71.28694276893,0,-39.77190731485745,0.23524691113746904,0.0,1736380800,-4.852573844650063,2025-01-09T00:00:00+00:00,9960.228092685142
9888.665946673655,9888.901193584792,1.3228198391527557,9946.031912509072,342.27849,71.28694276893,1,71.28694276893,0,-39.811863646279434,0.23524691113746904,0.0,1736467200,-14.156223844650064,2025-01-10T00:00:00+00:00,9960.188136353721
9888.615956705036,9888.851203616174,1.243419390461109,9954.034972540452,350.33154,71.28694276893,1,71.28694276893,0,-39.86185361489615,0.23524691113746904,0.0,1736553600,-6.103173844650064,2025-01-11T00:00:00+00:00,9960.138146385103
9888.544712534434,9888.779959445572,1.2483403773766555,9953.53896836985,349.90677999999997,71.28694276893,1,71.28694276893,0,-39.93309778549941,0.23524691113746904,0.0,1736640000,-6.527933844650074,2025-01-12T00:00:00+00:00,9960.066902214501
9888.45604227067,9888.691289181808,1.2514005929999072,9953.230518106087,349.687,71.28694276893,1,71.28694276893,0,-40.02176804926255,0.23524691113746904,0.0,1736726400,-6.747713844650053,2025-01-13T00:00:00+00:00,9959.978231950738
9935.964951476299,9935.964951476299,1.4226967886982078,9935.964951476299,0.0,0.0,0,0.0,0,-64.03504852370169,0.0,0.0,1736812800,0.0,2025-01-14T00:00:00+00:00,9935.964951476299
9935.964951476299,9935.964951476299,1.4226967886982078,9935.964951476299,0.0,0.0,0,0.0,0,-64.03504852370169,0.0,0.0,1736899200,0.0,2025-01-15T00:00:00+00:00,9935.964951476299
9935.964951476299,9935.964951476299,1.4226967886982078,9935.964951476299,0.0,0.0,0,0.0,0,-64.03504852370169,0.0,0.0,1736985600,0.0,2025-01-16T00:00:00+00:00,9935.964951476299
9935.964951476299,9935.964951476299,1.4226967886982078,9935.964951476299,0.0,0.0,0,0.0,0,-64.03504852370169,0.0,0.0,1737072000,0.0,2025-01-17T00:00:00+00:00,9935.964951476299
9935.964951476299,9935.964951476299,1.4226967886982078,9935.964951476299,0.0,0.0,0,0.0,0,-64.03504852370169,0.0,0.0,1737158400,0.0,2025-01-18T00:00:00+00:00,9935.964951476299
9935.964951476299,9935.964951476299,1.4226967886982078,9935.964951476299,0.0,0.0,0,0.0,0,-64.03504852370169,0.0,0.0,1737244800,0.0,2025-01-19T00:00:00+00:00,9935.964951476299
9935.964951476299,9935.964951476299,1.4226967886982078,9935.964951476299,0.0,0.0,0,0.0,0,-64.03504852370169,0.0,0.0,1737331200,0.0,2025-01-20T00:00:00+00:00,9935.964951476299
9935.964951476299,9935.964951476299,1.4226967886982078,9935.964951476299,0.0,0.0,0,0.0,0,-64.03504852370169,0.0,0.0,1737417600,0.0,2025-01-21T00:00:00+00:00,9935.964951476299
9935.964951476299,9935.964951476299,1.4226967886982078,9935.964951476299,0.0,0.0,0,0.0,0,-64.03504852370169,0.0,0.0,1737504000,0.0,2025-01-22T00:00:00+00:00,9935.964951476299
9935.964951476299,9935.964951476299,1.4226967886982078,9935.964951476299,0.0,0.0,0,0.0,0,-64.03504852370169,0.0,0.0,1737590400,0.0,2025-01-23T00:00:00+00:00,9935.964951476299
9935.964951476299,9935.964951476299,1.4226967886982078,9935.964951476299,0.0,0.0,0,0.0,0,-64.03504852370169,0.0,0.0,1737676800,0.0,2025-01-24T00:00:00+00:00,9935.964951476299
9935.964951476299,9935.964951476299,1.4226967886982078,9935.964951476299,0.0,0.0,0,0.0,0,-64.03504852370169,0.0,0.0,1737763200,0.0,2025-01-25T00:00:00+00:00,9935.964951476299
9935.964951476299,9935.964951476299,1.4226967886982078,9935.964951476299,0.0,0.0,0,0.0,0,-64.03504852370169,0.0,0.0,1737849600,0.0,2025-01-26T00:00:00+00:00,9935.964951476299
9935.964951476299,9935.964951476299,1.4226967886982078,9935.964951476299,0.0,0.0,0,0.0,0,-64.03504852370169,0.0,0.0,1737936000,0.0,2025-01-27T00:00:00+00:00,9935.964951476299
9935.964951476299,9935.964951476299,1.4226967886982078,9935.964951476299,0.0,0.0,0,0.0,0,-64.03504852370169,0.0,0.0,1738022400,0.0,2025-01-28T00:00:00+00:00,9935.964951476299
9935.964951476299,9935.964951476299,1.4226967886982078,9935.964951476299,0.0,0.0,0,0.0,0,-64.03504852370169,0.0,0.0,1738108800,0.0,2025-01-29T00:00:00+00:00,9935.964951476299
9935.964951476299,9935.964951476299,1.4226967886982078,9935.964951476299,0.0,0.0,0,0.0,0,-64.03504852370169,0.0,0.0,1738195200,0.0,2025-01-30T00:00:00+00:00,9935.964951476299
9935.964951476299,9935.964951476299,1.4226967886982078,9935.964951476299,0.0,0.0,0,0.0,0,-64.03504852370169,0.0,0.0,1738281600,0.0,2025-01-31T00:00:00+00:00,9935.964951476299
9935.964951476299,9935.964951476299,1.4226967886982078,9935.964951476299,0.0,0.0,0,0.0,0,-64.03504852370169,0.0,0.0,1738368000,0.0,2025-02-01T00:00:00+00:00,9935.964951476299
9935.964951476299,9935.964951476299,1.4226967886982078,9935.964951476299,0.0,0.0,0,0.0,0,-64.03504852370169,0.0,0.0,1738454400,0.0,2025-02-02T00:00:00+00:00,9935.964951476299
9935.964951476299,9935.964951476299,1.4226967886982078,9935.964951476299,0.0,0.0,0,0.0,0,-64.03504852370169,0.0,0.0,1738540800,0.0,2025-02-03T00:00:00+00:00,9935.964951476299
9935.964951476299,9935.964951476299,1.4226967886982078,9935.964951476299,0.0,0.0,0,0.0,0,-64.03504852370169,0.0,0.0,1738627200,0.0,2025-02-04T00:00:00+00:00,9935.964951476299
9935.964951476299,9935.964951476299,1.4226967886982078,9935.964951476299,0.0,0.0,0,0.0,0,-64.03504852370169,0.0,0.0,1738713600,0.0,2025-02-05T00:00:00+00:00,9935.964951476299
9935.964951476299,9935.964951476299,1.4226967886982078,9935.964951476299,0.0,0.0,0,0.0,0,-64.03504852370169,0.0,0.0,1738800000,0.0,2025-02-06T00:00:00+00:00,9935.964951476299
9935.964951476299,9935.964951476299,1.4226967886982078,9935.964951476299,0.0,0.0,0,0.0,0,-64.03504852370169,0.0,0.0,1738886400,0.0,2025-02-07T00:00:00+00:00,9935.964951476299
9935.964951476299,9935.964951476299,1.4226967886982078,9935.964951476299,0.0,0.0,0,0.0,0,-64.03504852370169,0.0,0.0,1738972800,0.0,2025-02-08T00:00:00+00:00,9935.964951476299
9935.964951476299,9935.964951476299,1.4226967886982078,9935.964951476299,0.0,0.0,0,0.0,0,-64.03504852370169,0.0,0.0,1739059200,0.0,2025-02-09T00:00:00+00:00,9935.964951476299
9935.964951476299,9935.964951476299,1.4226967886982078,9935.964951476299,0.0,0.0,0,0.0,0,-64.03504852370169,0.0,0.0,1739145600,0.0,2025-02-10T00:00:00+00:00,9935.964951476299
9935.964951476299,9935.964951476299,1.4226967886982078,9935.964951476299,0.0,0.0,0,0.0,0,-64.03504852370169,0.0,0.0,1739232000,0.0,2025-02-11T00:00:00+00:00,9935.964951476299
9935.964951476299,9935.964951476299,1.4226967886982078,9935.964951476299,0.0,0.0,0,0.0,0,-64.03504852370169,0.0,0.0,1739318400,0.0,2025-02-12T00:00:00+00:00,9935.964951476299
9935.964951476299,9935.964951476299,1.4226967886982078,9935.964951476299,0.0,0.0,0,0.0,0,-64.03504852370169,0.0,0.0,1739404800,0.0,2025-02-13T00:00:00+00:00,9935.964951476299
9935.964951476299,9935.964951476299,1.4226967886982078,9935.964951476299,0.0,0.0,0,0.0,0,-64.03504852370169,0.0,0.0,1739491200,0.0,2025-02-14T00:00:00+00:00,9935.964951476299
9935.964951476299,9935.964951476299,1.4226967886982078,9935.964951476299,0.0,0.0,0,0.0,0,-64.03504852370169,0.0,0.0,1739577600,0.0,2025-02-15T00:00:00+00:00,9935.964951476299
9935.964951476299,9935.964951476299,1.4226967886982078,9935.964951476299,0.0,0.0,0,0.0,0,-64.03504852370169,0.0,0.0,1739664000,0.0,2025-02-16T00:00:00+00:00,9935.964951476299
9935.964951476299,9935.964951476299,1.4226967886982078,9935.964951476299,0.0,0.0,0,0.0,0,-64.03504852370169,0.0,0.0,1739750400,0.0,2025-02-17T00:00:00+00:00,9935.964951476299
9935.964951476299,9935.964951476299,1.4226967886982078,9935.964951476299,0.0,0.0,0,0.0,0,-64.03504852370169,0.0,0.0,1739836800,0.0,2025-02-18T00:00:00+00:00,9935.964951476299
9935.964951476299,9935.964951476299,1.4226967886982078,9935.964951476299,0.0,0.0,0,0.0,0,-64.03504852370169,0.0,0.0,1739923200,0.0,2025-02-19T00:00:00+00:00,9935.964951476299
9935.964951476299,9935.964951476299,1.4226967886982078,9935.964951476299,0.0,0.0,0,0.0,0,-64.03504852370169,0.0,0.0,1740009600,0.0,2025-02-20T00:00:00+00:00,9935.964951476299
9935.964951476299,9935.964951476299,1.4226967886982078,9935.964951476299,0.0,0.0,0,0.0,0,-64.03504852370169,0.0,0.0,1740096000,0.0,2025-02-21T00:00:00+00:00,9935.964951476299
9935.964951476299,9935.964951476299,1.4226967886982078,9935.964951476299,0.0,0.0,0,0.0,0,-64.03504852370169,0.0,0.0,1740182400,0.0,2025-02-22T00:00:00+00:00,9935.964951476299
9935.964951476299,9935.964951476299,1.4226967886982078,9935.964951476299,0.0,0.0,0,0.0,0,-64.03504852370169,0.0,0.0,1740268800,0.0,2025-02-23T00:00:00+00:00,9935.964951476299
9935.964951476299,9935.964951476299,1.4226967886982078,9935.964951476299,0.0,0.0,0,0.0,0,-64.03504852370169,0.0,0.0,1740355200,0.0,2025-02-24T00:00:00+00:00,9935.964951476299
9935.964951476299,9935.964951476299,1.4226967886982078,9935.964951476299,0.0,0.0,0,0.0,0,-64.03504852370169,0.0,0.0,1740441600,0.0,2025-02-25T00:00:00+00:00,9935.964951476299
9935.964951476299,9935.964951476299,1.4226967886982078,9935.964951476299,0.0,0.0,0,0.0,0,-64.03504852370169,0.0,0.0,1740528000,0.0,2025-02-26T00:00:00+00:00,9935.964951476299
9935.964951476299,9935.964951476299,1.4226967886982078,9935.964951476299,0.0,0.0,0,0.0,0,-64.03504852370169,0.0,0.0,1740614400,0.0,2025-02-27T00:00:00+00:00,9935.964951476299
9935.964951476299,9935.964951476299,1.4226967886982078,9935.964951476299,0.0,0.0,0,0.0,0,-64.03504852370169,0.0,0.0,1740700800,0.0,2025-02-28T00:00:00+00:00,9935.964951476299
9935.964951476299,9935.964951476299,1.4226967886982078,9935.964951476299,0.0,0.0,0,0.0,0,-64.03504852370169,0.0,0.0,1740787200,0.0,2025-03-01T00:00:00+00:00,9935.964951476299
9935.964951476299,9935.964951476299,1.4226967886982078,9935.964951476299,0.0,0.0,0,0.0,0,-64.03504852370169,0.0,0.0,1740873600,0.0,2025-03-02T00:00:00+00:00,9935.964951476299
9935.964951476299,9935.964951476299,1.4226967886982078,9935.964951476299,0.0,0.0,0,0.0,0,-64.03504852370169,0.0,0.0,1740960000,0.0,2025-03-03T00:00:00+00:00,9935.964951476299
9935.964951476299,9935.964951476299,1.4226967886982078,9935.964951476299,0.0,0.0,0,0.0,0,-64.03504852370169,0.0,0.0,1741046400,0.0,2025-03-04T00:00:00+00:00,9935.964951476299
9935.964951476299,9935.964951476299,1.4226967886982078,9935.964951476299,0.0,0.0,0,0.0,0,-64.03504852370169,0.0,0.0,1741132800,0.0,2025-03-05T00:00:00+00:00,9935.964951476299
9935.964951476299,9935.964951476299,1.4226967886982078,9935.964951476299,0.0,0.0,0,0.0,0,-64.03504852370169,0.0,0.0,1741219200,0.0,2025-03-06T00:00:00+00:00,9935.964951476299
9935.964951476299,9935.964951476299,1.4226967886982078,9935.964951476299,0.0,0.0,0,0.0,0,-64.03504852370169,0.0,0.0,1741305600,0.0,2025-03-07T00:00:00+00:00,9935.964951476299
9935.964951476299,9935.964951476299,1.4226967886982078,9935.964951476299,0.0,0.0,0,0.0,0,-64.03504852370169,0.0,0.0,1741392000,0.0,2025-03-08T00:00:00+00:00,9935.964951476299
9935.964951476299,9935.964951476299,1.4226967886982078,9935.964951476299,0.0,0.0,0,0.0,0,-64.03504852370169,0.0,0.0,1741478400,0.0,2025-03-09T00:00:00+00:00,9935.964951476299
9935.964951476299,9935.964951476299,1.4226967886982078,9935.964951476299,0.0,0.0,0,0.0,0,-64.03504852370169,0.0,0.0,1741564800,0.0,2025-03-10T00:00:00+00:00,9935.964951476299
9935.964951476299,9935.964951476299,1.4226967886982078,9935.964951476299,0.0,0.0,0,0.0,0,-64.03504852370169,0.0,0.0,1741651200,0.0,2025-03-11T00:00:00+00:00,9935.964951476299
9935.964951476299,9935.964951476299,1.4226967886982078,9935.964951476299,0.0,0.0,0,0.0,0,-64.03504852370169,0.0,0.0,1741737600,0.0,2025-03-12T00:00:00+00:00,9935.964951476299
9935.964951476299,9935.964951476299,1.4226967886982078,9935.964951476299,0.0,0.0,0,0.0,0,-64.03504852370169,0.0,0.0,1741824000,0.0,2025-03-13T00:00:00+00:00,9935.964951476299
9935.964951476299,9935.964951476299,1.4226967886982078,9935.964951476299,0.0,0.0,0,0.0,0,-64.03504852370169,0.0,0.0,1741910400,0.0,2025-03-14T00:00:00+00:00,9935.964951476299
9935.964951476299,9935.964951476299,1.4226967886982078,9935.964951476299,0.0,0.0,0,0.0,0,-64.03504852370169,0.0,0.0,1741996800,0.0,2025-03-15T00:00:00+00:00,9935.964951476299
9935.964951476299,9935.964951476299,1.4226967886982078,9935.964951476299,0.0,0.0,0,0.0,0,-64.03504852370169,0.0,0.0,1742083200,0.0,2025-03-16T00:00:00+00:00,9935.964951476299
9935.964951476299,9935.964951476299,1.4226967886982078,9935.964951476299,0.0,0.0,0,0.0,0,-64.03504852370169,0.0,0.0,1742169600,0.0,2025-03-17T00:00:00+00:00,9935.964951476299
9935.964951476299,9935.964951476299,1.4226967886982078,9935.964951476299,0.0,0.0,0,0.0,0,-64.03504852370169,0.0,0.0,1742256000,0.0,2025-03-18T00:00:00+00:00,9935.964951476299
9935.964951476299,9935.964951476299,1.4226967886982078,9935.964951476299,0.0,0.0,0,0.0,0,-64.03504852370169,0.0,0.0,1742342400,0.0,2025-03-19T00:00:00+00:00,9935.964951476299
9935.964951476299,9935.964951476299,1.4226967886982078,9935.964951476299,0.0,0.0,0,0.0,0,-64.03504852370169,0.0,0.0,1742428800,0.0,2025-03-20T00:00:00+00:00,9935.964951476299
9935.964951476299,9935.964951476299,1.4226967886982078,9935.964951476299,0.0,0.0,0,0.0,0,-64.03504852370169,0.0,0.0,1742515200,0.0,2025-03-21T00:00:00+00:00,9935.964951476299
9935.964951476299,9935.964951476299,1.4226967886982078,9935.964951476299,0.0,0.0,0,0.0,0,-64.03504852370169,0.0,0.0,1742601600,0.0,2025-03-22T00:00:00+00:00,9935.964951476299
9935.964951476299,9935.964951476299,1.4226967886982078,9935.964951476299,0.0,0.0,0,0.0,0,-64.03504852370169,0.0,0.0,1742688000,0.0,2025-03-23T00:00:00+00:00,9935.964951476299
9935.964951476299,9935.964951476299,1.4226967886982078,9935.964951476299,0.0,0.0,0,0.0,0,-64.03504852370169,0.0,0.0,1742774400,0.0,2025-03-24T00:00:00+00:00,9935.964951476299
9935.964951476299,9935.964951476299,1.4226967886982078,9935.964951476299,0.0,0.0,0,0.0,0,-64.03504852370169,0.0,0.0,1742860800,0.0,2025-03-25T00:00:00+00:00,9935.964951476299
9935.964951476299,9935.964951476299,1.4226967886982078,9935.964951476299,0.0,0.0,0,0.0,0,-64.03504852370169,0.0,0.0,1742947200,0.0,2025-03-26T00:00:00+00:00,9935.964951476299
9935.964951476299,9935.964951476299,1.4226967886982078,9935.964951476299,0.0,0.0,0,0.0,0,-64.03504852370169,0.0,0.0,1743033600,0.0,2025-03-27T00:00:00+00:00,9935.964951476299
9935.964951476299,9935.964951476299,1.4226967886982078,9935.964951476299,0.0,0.0,0,0.0,0,-64.03504852370169,0.0,0.0,1743120000,0.0,2025-03-28T00:00:00+00:00,9935.964951476299
9935.964951476299,9935.964951476299,1.4226967886982078,9935.964951476299,0.0,0.0,0,0.0,0,-64.03504852370169,0.0,0.0,1743206400,0.0,2025-03-29T00:00:00+00:00,9935.964951476299
9935.964951476299,9935.964951476299,1.4226967886982078,9935.964951476299,0.0,0.0,0,0.0,0,-64.03504852370169,0.0,0.0,1743292800,0.0,2025-03-30T00:00:00+00:00,9935.964951476299
9935.964951476299,9935.964951476299,1.4226967886982078,9935.964951476299,0.0,0.0,0,0.0,0,-64.03504852370169,0.0,0.0,1743379200,0.0,2025-03-31T00:00:00+00:00,9935.964951476299
9935.964951476299,9935.964951476299,1.4226967886982078,9935.964951476299,0.0,0.0,0,0.0,0,-64.03504852370169,0.0,0.0,1743465600,0.0,2025-04-01T00:00:00+00:00,9935.964951476299
9935.964951476299,9935.964951476299,1.4226967886982078,9935.964951476299,0.0,0.0,0,0.0,0,-64.03504852370169,0.0,0.0,1743552000,0.0,2025-04-02T00:00:00+00:00,9935.964951476299
9935.964951476299,9935.964951476299,1.4226967886982078,9935.964951476299,0.0,0.0,0,0.0,0,-64.03504852370169,0.0,0.0,1743638400,0.0,2025-04-03T00:00:00+00:00,9935.964951476299
9935.964951476299,9935.964951476299,1.4226967886982078,9935.964951476299,0.0,0.0,0,0.0,0,-64.03504852370169,0.0,0.0,1743724800,0.0,2025-04-04T00:00:00+00:00,9935.964951476299
9935.964951476299,9935.964951476299,1.4226967886982078,9935.964951476299,0.0,0.0,0,0.0,0,-64.03504852370169,0.0,0.0,1743811200,0.0,2025-04-05T00:00:00+00:00,9935.964951476299
9935.964951476299,9935.964951476299,1.4226967886982078,9935.964951476299,0.0,0.0,0,0.0,0,-64.03504852370169,0.0,0.0,1743897600,0.0,2025-04-06T00:00:00+00:00,9935.964951476299
9935.964951476299,9935.964951476299,1.4226967886982078,9935.964951476299,0.0,0.0,0,0.0,0,-64.03504852370169,0.0,0.0,1743984000,0.0,2025-04-07T00:00:00+00:00,9935.964951476299
9935.964951476299,9935.964951476299,1.4226967886982078,9935.964951476299,0.0,0.0,0,0.0,0,-64.03504852370169,0.0,0.0,1744070400,0.0,2025-04-08T00:00:00+00:00,9935.964951476299
9935.964951476299,9935.964951476299,1.4226967886982078,9935.964951476299,0.0,0.0,0,0.0,0,-64.03504852370169,0.0,0.0,1744156800,0.0,2025-04-09T00:00:00+00:00,9935.964951476299
9874.108356412355,9874.311348632249,1.4045832385880974,9937.790682077339,305.59743,61.51279390751496,1,61.51279390751496,0,-64.17585746023538,0.20299221989479938,0.0,1744243200,1.9665395375747918,2025-04-10T00:00:00+00:00,9935.824142539765
9874.144292186555,9874.347284406449,1.2927645160002665,9949.06129785154,294.36275,61.51279390751496,1,61.51279390751496,0,-64.13992168603461,0.20299221989479938,0.0,1744329600,13.20121953757477,2025-04-11T00:00:00+00:00,9935.860078313965
9874.211771721471,9874.414763941366,1.432516695150643,9934.975167386456,308.51636,61.51279390751496,1,61.51279390751496,0,-64.07244215111807,0.20299221989479938,0.0,1744416000,-0.9523904624252406,2025-04-12T00:00:00+00:00,9935.927557848881
9874.237188807914,9874.440181027809,1.5003811268047285,9928.134864472899,315.38208,61.51279390751496,1,61.51279390751496,0,-64.04702506467548,0.20299221989479938,0.0,1744502400,-7.818110462425208,2025-04-13T00:00:00+00:00,9935.952974935324
9874.229222901104,9874.432215120998,1.4446042519877689,9933.756818566088,309.75216,61.51279390751496,1,61.51279390751496,0,-64.0549909714865,0.20299221989479938,0.0,1744588800,-2.188190462425241,2025-04-14T00:00:00+00:00,9935.945009028514
9874.258158519358,9874.461150739253,1.4748073924000127,9930.712534184344,312.82538,61.51279390751496,1,61.51279390751496,0,-64.02605535323241,0.20299221989479938,0.0,1744675200,-5.261410462425208,2025-04-15T00:00:00+00:00,9935.973944646768
9874.291895211176,9874.49488743107,1.4398307134719346,9934.23796087616,309.33369,61.51279390751496,1,61.51279390751496,0,-63.99231866141383,0.20299221989479938,0.0,1744761600,-1.7697204624252192,2025-04-16T00:00:00+00:00,9936.007681338586
9874.2551013335,9874.458093553394,1.4542294782723508,9932.786656998484,310.7482,61.51279390751496,1,61.51279390751496,0,-64.02911253908961,0.20299221989479938,0.0,1744848000,-3.18423046242523,2025-04-17T00:00:00+00:00,9935.97088746091
9874.264946456165,9874.46793867606,1.4879221295784673,9929.39065212115,314.15405000000004,61.51279390751496,1,61.51279390751496,0,-64.01926741642471,0.20299221989479938,0.0,1744934400,-6.59008046242523,2025-04-18T00:00:00+00:00,9935.980732583575
9874.246292701413,9874.449284921307,1.4702337487242367,9931.173528366398,312.35252,61.51279390751496,1,61.51279390751496,0,-64.03792117117717,0.20299221989479938,0.0,1745020800,-4.788550462425252,2025-04-19T00:00:00+00:00,9935.962078828823
9874.319846624729,9874.522838844623,1.4925900812843174,9928.920152289713,314.67945000000003,61.51279390751496,1,61.51279390751496,0,-63.964367247862256,0.20299221989479938,0.0,1745107200,-7.11548046242523,2025-04-20T00:00:00+00:00,9936.035632752139
9874.296687057822,9874.499679277716,1.4963805940282349,9928.538092722807,315.03835000000004,61.51279390751496,1,61.51279390751496,0,-63.98752681476844,0.20299221989479938,0.0,1745193600,-7.47438046242523,2025-04-21T00:00:00+00:00,9936.012473185232
9874.367642065594,9874.570634285488,1.5810463052380874,9920.004327730578,323.64307,61.51279390751496,1,61.51279390751496,0,-63.91657180699612,0.20299221989479938,0.0,1745280000,-16.079100462425252,2025-04-22T00:00:00+00:00,9936.083428193004
9911.75650427314,9911.75650427314,1.6628751158033195,9911.75650427314,0.0,0.0,0,0.0,0,-88.24349572685908,0.0,0.0,1745366400,0.0,2025-04-23T00:00:00+00:00,9911.75650427314
9911.75650427314,9911.75650427314,1.6628751158033195,9911.75650427314,0.0,0.0,0,0.0,0,-88.24349572685908,0.0,0.0,1745452800,0.0,2025-04-24T00:00:00+00:00,9911.75650427314
9911.75650427314,9911.75650427314,1.6628751158033195,9911.75650427314,0.0,0.0,0,0.0,0,-88.24349572685908,0.0,0.0,1745539200,0.0,2025-04-25T00:00:00+00:00,9911.75650427314
9911.75650427314,9911.75650427314,1.6628751158033195,9911.75650427314,0.0,0.0,0,0.0,0,-88.24349572685908,0.0,0.0,1745625600,0.0,2025-04-26T00:00:00+00:00,9911.75650427314
9911.75650427314,9911.75650427314,1.6628751158033195,9911.75650427314,0.0,0.0,0,0.0,0,-88.24349572685908,0.0,0.0,1745712000,0.0,2025-04-27T00:00:00+00:00,9911.75650427314
9911.75650427314,9911.75650427314,1.6628751158033195,9911.75650427314,0.0,0.0,0,0.0,0,-88.24349572685908,0.0,0.0,1745798400,0.0,2025-04-28T00:00:00+00:00,9911.75650427314
9911.75650427314,9911.75650427314,1.6628751158033195,9911.75650427314,0.0,0.0,0,0.0,0,-88.24349572685908,0.0,0.0,1745884800,0.0,2025-04-29T00:00:00+00:00,9911.75650427314
9911.75650427314,9911.75650427314,1.6628751158033195,9911.75650427314,0.0,0.0,0,0.0,0,-88.24349572685908,0.0,0.0,1745971200,0.0,2025-04-30T00:00:00+00:00,9911.75650427314
9911.75650427314,9911.75650427314,1.6628751158033195,9911.75650427314,0.0,0.0,0,0.0,0,-88.24349572685908,0.0,0.0,1746057600,0.0,2025-05-01T00:00:00+00:00,9911.75650427314
9911.75650427314,9911.75650427314,1.6628751158033195,9911.75650427314,0.0,0.0,0,0.0,0,-88.24349572685908,0.0,0.0,1746144000,0.0,2025-05-02T00:00:00+00:00,9911.75650427314
9911.75650427314,9911.75650427314,1.6628751158033195,9911.75650427314,0.0,0.0,0,0.0,0,-88.24349572685908,0.0,0.0,1746230400,0.0,2025-05-03T00:00:00+00:00,9911.75650427314
9911.75650427314,9911.75650427314,1.6628751158033195,9911.75650427314,0.0,0.0,0,0.0,0,-88.24349572685908,0.0,0.0,1746316800,0.0,2025-05-04T00:00:00+00:00,9911.75650427314
9911.75650427314,9911.75650427314,1.6628751158033195,9911.75650427314,0.0,0.0,0,0.0,0,-88.24349572685908,0.0,0.0,1746403200,0.0,2025-05-05T00:00:00+00:00,9911.75650427314
9911.75650427314,9911.75650427314,1.6628751158033195,9911.75650427314,0.0,0.0,0,0.0,0,-88.24349572685908,0.0,0.0,1746489600,0.0,2025-05-06T00:00:00+00:00,9911.75650427314
9911.75650427314,9911.75650427314,1.6628751158033195,9911.75650427314,0.0,0.0,0,0.0,0,-88.24349572685908,0.0,0.0,1746576000,0.0,2025-05-07T00:00:00+00:00,9911.75650427314
9911.75650427314,9911.75650427314,1.6628751158033195,9911.75650427314,0.0,0.0,0,0.0,0,-88.24349572685908,0.0,0.0,1746662400,0.0,2025-05-08T00:00:00+00:00,9911.75650427314
9911.75650427314,9911.75650427314,1.6628751158033195,9911.75650427314,0.0,0.0,0,0.0,0,-88.24349572685908,0.0,0.0,1746748800,0.0,2025-05-09T00:00:00+00:00,9911.75650427314
9911.75650427314,9911.75650427314,1.6628751158033195,9911.75650427314,0.0,0.0,0,0.0,0,-88.24349572685908,0.0,0.0,1746835200,0.0,2025-05-10T00:00:00+00:00,9911.75650427314
9911.75650427314,9911.75650427314,1.6628751158033195,9911.75650427314,0.0,0.0,0,0.0,0,-88.24349572685908,0.0,0.0,1746921600,0.0,2025-05-11T00:00:00+00:00,9911.75650427314
9911.75650427314,9911.75650427314,1.6628751158033195,9911.75650427314,0.0,0.0,0,0.0,0,-88.24349572685908,0.0,0.0,1747008000,0.0,2025-05-12T00:00:00+00:00,9911.75650427314
9911.75650427314,9911.75650427314,1.6628751158033195,9911.75650427314,0.0,0.0,0,0.0,0,-88.24349572685908,0.0,0.0,1747094400,0.0,2025-05-13T00:00:00+00:00,9911.75650427314
9911.75650427314,9911.75650427314,1.6628751158033195,9911.75650427314,0.0,0.0,0,0.0,0,-88.24349572685908,0.0,0.0,1747180800,0.0,2025-05-14T00:00:00+00:00,9911.75650427314
9911.75650427314,9911.75650427314,1.6628751158033195,9911.75650427314,0.0,0.0,0,0.0,0,-88.24349572685908,0.0,0.0,1747267200,0.0,2025-05-15T00:00:00+00:00,9911.75650427314
9790.341645773535,9911.75650427314,1.6628751158033195,9911.75650427314,0.0,0.0,0,0.0,2,-88.24349572685908,0.0,121.41485849960642,1747353600,0.0,2025-05-16T00:00:00+00:00,9911.75650427314
9847.226489690804,9847.409576014612,1.7840365592747376,9899.544201678274,274.0574424,55.48070418408438,1,55.48070418408438,0,-97.1097198013022,0.18308632380747844,0.0,1747440000,-3.3460785204219157,2025-05-17T00:00:00+00:00,9902.890280198697
9890.825471058357,9890.825471058357,1.8705373627834643,9890.825471058357,0.0,0.0,0,0.0,0,-109.1745289416435,0.0,0.0,1747526400,0.0,2025-05-18T00:00:00+00:00,9890.825471058357
9890.825471058357,9890.825471058357,1.8705373627834643,9890.825471058357,0.0,0.0,0,0.0,0,-109.1745289416435,0.0,0.0,1747612800,0.0,2025-05-19T00:00:00+00:00,9890.825471058357
9890.825471058357,9890.825471058357,1.8705373627834643,9890.825471058357,0.0,0.0,0,0.0,0,-109.1745289416435,0.0,0.0,1747699200,0.0,2025-05-20T00:00:00+00:00,9890.825471058357
9890.825471058357,9890.825471058357,1.8705373627834643,9890.825471058357,0.0,0.0,0,0.0,0,-109.1745289416435,0.0,0.0,1747785600,0.0,2025-05-21T00:00:00+00:00,9890.825471058357
9890.825471058357,9890.825471058357,1.8705373627834643,9890.825471058357,0.0,0.0,0,0.0,0,-109.1745289416435,0.0,0.0,1747872000,0.0,2025-05-22T00:00:00+00:00,9890.825471058357
9890.825471058357,9890.825471058357,1.8705373627834643,9890.825471058357,0.0,0.0,0,0.0,0,-109.1745289416435,0.0,0.0,1747958400,0.0,2025-05-23T00:00:00+00:00,9890.825471058357
9890.825471058357,9890.825471058357,1.8705373627834643,9890.825471058357,0.0,0.0,0,0.0,0,-109.1745289416435,0.0,0.0,1748044800,0.0,2025-05-24T00:00:00+00:00,9890.825471058357
9890.825471058357,9890.825471058357,1.8705373627834643,9890.825471058357,0.0,0.0,0,0.0,0,-109.1745289416435,0.0,0.0,1748131200,0.0,2025-05-25T00:00:00+00:00,9890.825471058357
9890.825471058357,9890.825471058357,1.8705373627834643,9890.825471058357,0.0,0.0,0,0.0,0,-109.1745289416435,0.0,0.0,1748217600,0.0,2025-05-26T00:00:00+00:00,9890.825471058357
9890.825471058357,9890.825471058357,1.8705373627834643,9890.825471058357,0.0,0.0,0,0.0,0,-109.1745289416435,0.0,0.0,1748304000,0.0,2025-05-27T00:00:00+00:00,9890.825471058357
9890.825471058357,9890.825471058357,1.8705373627834643,9890.825471058357,0.0,0.0,0,0.0,0,-109.1745289416435,0.0,0.0,1748390400,0.0,2025-05-28T00:00:00+00:00,9890.825471058357
9890.825471058357,9890.825471058357,1.8705373627834643,9890.825471058357,0.0,0.0,0,0.0,0,-109.1745289416435,0.0,0.0,1748476800,0.0,2025-05-29T00:00:00+00:00,9890.825471058357
9890.825471058357,9890.825471058357,1.8705373627834643,9890.825471058357,0.0,0.0,0,0.0,0,-109.1745289416435,0.0,0.0,1748563200,0.0,2025-05-30T00:00:00+00:00,9890.825471058357
9890.825471058357,9890.825471058357,1.8705373627834643,9890.825471058357,0.0,0.0,0,0.0,0,-109.1745289416435,0.0,0.0,1748649600,0.0,2025-05-31T00:00:00+00:00,9890.825471058357
9890.825471058357,9890.825471058357,1.8705373627834643,9890.825471058357,0.0,0.0,0,0.0,0,-109.1745289416435,0.0,0.0,1748736000,0.0,2025-06-01T00:00:00+00:00,9890.825471058357
9890.825471058357,9890.825471058357,1.8705373627834643,9890.825471058357,0.0,0.0,0,0.0,0,-109.1745289416435,0.0,0.0,1748822400,0.0,2025-06-02T00:00:00+00:00,9890.825471058357
9890.825471058357,9890.825471058357,1.8705373627834643,9890.825471058357,0.0,0.0,0,0.0,0,-109.1745289416435,0.0,0.0,1748908800,0.0,2025-06-03T00:00:00+00:00,9890.825471058357
9834.222571293974,9834.408121747987,1.8642955539926676,9891.454605670066,281.95612515,56.227410306980666,1,56.227410306980666,0,-109.364467945031,0.1855504540130362,0.0,1748995200,0.8190736150966804,2025-06-04T00:00:00+00:00,9890.635532054968
9834.186301802956,9834.371852256969,1.919393133032976,9885.901120269047,276.43890924000004,56.227410306980666,1,56.227410306980666,0,-109.40073743604951,0.1855504540130362,0.0,1749081600,-4.698142294903298,2025-06-05T00:00:00+00:00,9890.59926256395
9767.162107385268,9767.567750230364,2.0149725180887867,9876.267326392961,600.38787325,122.92207427185059,2,122.92207427185059,0,-109.51017549778527,0.40564284509710696,0.0,1749168000,-14.222498109253065,2025-06-06T00:00:00+00:00,9890.489824502214
9767.213633161206,9767.619276006302,1.882067459820691,9889.6633106389,613.73233172,122.92207427185059,2,122.92207427185059,0,-109.45864972184707,0.40564284509710696,0.0,1749254400,-0.8780396392530143,2025-06-07T00:00:00+00:00,9890.541350278152
9767.195133594676,9767.600776439773,1.8180803313410543,9896.112806062369,620.20032671,122.92207427185059,2,122.92207427185059,0,-109.47714928837824,0.40564284509710696,0.0,1749340800,5.589955350746953,2025-06-08T00:00:00+00:00,9890.522850711623
9767.140144800826,9767.545787645922,1.6994055795427343,9908.07446595852,632.2169754,122.92207427185059,2,122.92207427185059,0,-109.53213808222776,0.40564284509710696,0.0,1749427200,17.606604040746998,2025-06-09T00:00:00+00:00,9890.467861917772
9767.079506347707,9767.485149192804,1.55995342863815,9922.1303554854,646.3335033799999,122.92207427185059,2,122.92207427185059,0,-109.59277653534541,0.40564284509710696,0.0,1749513600,31.723132020746938,2025-06-10T00:00:00+00:00,9890.407223464654
9766.935913625464,9767.341556470561,1.5364197097451182,9924.502404613158,648.84914523,122.92207427185059,2,122.92207427185059,0,-109.736369257589,0.40564284509710696,0.0,1749600000,34.23877387074703,2025-06-11T00:00:00+00:00,9890.26363074241
9766.7819783515,9767.187621196597,1.6173478546943953,9916.345362519194,640.84603841,122.92207427185059,2,122.92207427185059,0,-109.89030453155355,0.40564284509710696,0.0,1749686400,26.235667050746986,2025-06-12T00:00:00+00:00,9890.109695468447
9766.820072211276,9767.225715056373,1.7849609955957968,9899.45102437897,623.91360641,122.92207427185059,2,122.92207427185059,0,-109.85221067177734,0.40564284509710696,0.0,1749772800,9.303235050746988,2025-06-13T00:00:00+00:00,9890.147789328223
9706.186300383537,9706.790931596937,1.8155896448556308,9896.36385141275,922.45923909,183.2215798185467,3,183.2215798185467,0,-109.98748858451675,0.6046312134012041,0.0,1749859200,6.35133999726645,2025-06-14T00:00:00+00:00,9890.012511415483
9706.34052653011,9706.94515774351,1.933336396284313,9884.495728049324,910.4368895800001,183.2215798185467,3,183.2215798185467,0,-109.83326243794446,0.6046312134012041,0.0,1749945600,-5.671009512733531,2025-06-15T00:00:00+00:00,9890.166737562056
9706.29518753852,9706.899818751921,1.8669135747254484,9891.190725837734,917.17722636,183.2215798185467,3,183.2215798185467,0,-109.87860142953286,0.6046312134012041,0.0,1750032000,1.0693272672664544,2025-06-16T00:00:00+00:00,9890.121398570467
9706.111344872534,9706.715976085934,1.7692164299228486,9901.037976421747,927.20831961,183.2215798185467,3,183.2215798185467,0,-110.06244409552039,0.6046312134012041,0.0,1750118400,11.100420517266421,2025-06-17T00:00:00+00:00,9889.93755590448
9706.014344693285,9706.618975906686,1.9225007312382192,9885.587894142498,911.85523751,183.2215798185467,3,183.2215798185467,0,-110.15944427476806,0.6046312134012041,0.0,1750204800,-4.252661582733543,2025-06-18T00:00:00+00:00,9889.840555725232
9706.135396350031,9706.740027563432,1.9081503740660755,9887.034318839245,913.18061055,183.2215798185467,3,183.2215798185467,0,-110.03839261802223,0.6046312134012041,0.0,1750291200,-2.9272885427335336,2025-06-19T00:00:00+00:00,9889.961607381978
9706.131755072403,9706.736386285804,1.9194005743502163,9885.900370231617,912.0503032199999,183.2215798185467,3,183.2215798185467,0,-110.04203389564967,0.6046312134012041,0.0,1750377600,-4.057595872733563,2025-06-20T00:00:00+00:00,9889.95796610435
9706.08438049719,9706.68901171059,2.1260609511506767,9865.070319156403,891.26762672,183.2215798185467,3,183.2215798185467,0,-110.08940847086414,0.6046312134012041,0.0,1750464000,-24.840272372733565,2025-06-21T00:00:00+00:00,9889.910591529137
9774.33358510746,9774.553677498545,2.345576568382013,9842.944541639066,335.16952000000003,66.69466396486993,1,66.69466396486993,0,-158.75165853658393,0.22009239108407078,0.0,1750550400,1.6962001756503222,2025-06-22T00:00:00+00:00,9841.248341463415
9774.316824738407,9774.536917129491,2.4150420679182494,9835.942861270012,328.1846,66.69466396486993,1,66.69466396486993,0,-158.7684189056383,0.22009239108407078,0.0,1750636800,-5.28871982434969,2025-06-23T00:00:00+00:00,9841.231581094362
9774.28631859911,9774.506410990194,2.2857393241886292,9848.975755130716,341.248,66.69466396486993,1,66.69466396486993,0,-158.79892504493583,0.22009239108407078,0.0,1750723200,7.77468017565031,2025-06-24T00:00:00+00:00,9841.201074955065
9774.415679569336,9774.63577196042,2.2675278475680294,9850.811356100941,342.95424,66.69466396486993,1,66.69466396486993,0,-158.66956407470957,0.22009239108407078,0.0,1750809600,9.480920175650335,2025-06-25T00:00:00+00:00,9841.33043592529
9774.36684573638,9774.586938127464,2.2537292963546895,9852.202162267986,344.39387999999997,66.69466396486993,1,66.69466396486993,0,-158.71839790766464,0.22009239108407078,0.0,1750896000,10.920560175650298,2025-06-26T00:00:00+00:00,9841.281602092335
9774.286842152222,9774.506934543306,2.275683098620307,9849.989358683826,342.26108,66.69466396486993,1,66.69466396486993,0,-158.7984014918237,0.22009239108407078,0.0,1750982400,8.787760175650298,2025-06-27T00:00:00+00:00,9841.201598508176
9774.24070278369,9774.460795174775,2.2576258017591,9851.809419315296,344.12728,66.69466396486993,1,66.69466396486993,0,-158.8445408603546,0.22009239108407078,0.0,1751068800,10.653960175650298,2025-06-28T00:00:00+00:00,9841.155459139645
9774.271705798235,9774.49179818932,2.241977165040454,9853.38670232984,345.67355999999995,66.69466396486993,1,66.69466396486993,0,-158.81353784581054,0.22009239108407078,0.0,1751155200,12.200240175650286,2025-06-29T00:00:00+00:00,9841.18646215419
9716.966048899409,9717.373993713065,2.2049320514472726,9857.120614075187,633.1966630000001,123.61964050180353,2,123.61964050180353,0,-159.006365785132,0.4079448136559517,0.0,1751241600,16.12697986031833,2025-06-30T00:00:00+00:00,9840.993634214869
9716.927579804333,9717.335524617989,2.1313737684111267,9864.53482098011,627.983427,123.61964050180353,2,123.61964050180353,0,-159.04483488020813,0.4079448136559517,0.0,1751328000,23.579655860318304,2025-07-01T00:00:00+00:00,9840.955165119793
9716.930199929766,9717.338144743422,2.0985130719198053,9867.846970105544,613.263418,123.61964050180353,2,123.61964050180353,0,-159.04221475477488,0.4079448136559517,0.0,1751414400,26.889184860318316,2025-07-02T00:00:00+00:00,9840.957785245226
9716.910723730027,9717.318668543683,2.1595726522776637,9861.692552905804,633.688119,123.61964050180353,2,123.61964050180353,0,-159.06169095451418,0.4079448136559517,0.0,1751500800,20.754243860318308,2025-07-03T00:00:00+00:00,9840.938309045487
9716.946856845872,9717.354801659529,2.1943615633251645,9858.18605202165,641.389713,123.61964050180353,2,123.61964050180353,0,-159.02555783866816,0.4079448136559517,0.0,1751587200,17.21160986031831,2025-07-04T00:00:00+00:00,9840.974442161332
9717.022063370223,9717.43000818388,2.1756547027157014,9860.071584546002,628.5954670000001,123.61964050180353,2,123.61964050180353,0,-158.950351314317,0.4079448136559517,0.0,1751673600,19.02193586031835,2025-07-05T00:00:00+00:00,9841.049648685683
9717.106071265174,9717.51401607883,2.1841479382760043,9859.215520440952,632.3081790000001,123.61964050180353,2,123.61964050180353,0,-158.86634341936661,0.4079448136559517,0.0,1751760000,18.081863860318368,2025-07-06T00:00:00+00:00,9841.133656580634
9717.099334102975,9717.507278916632,2.1410939127282758,9863.555092278753,635.4266700000001,123.61964050180353,2,123.61964050180353,0,-158.87308058156492,0.4079448136559517,0.0,1751846400,22.42817286031836,2025-07-07T00:00:00+00:00,9841.126919418435
9717.15884250924,9717.566787322896,2.1094099841588276,9866.748630685017,630.15984,123.61964050180353,2,123.61964050180353,0,-158.81357217530066,0.4079448136559517,0.0,1751932800,25.56220286031835,2025-07-08T00:00:00+00:00,9841.1864278247
9717.143923318354,9717.55186813201,2.1677572106814202,9860.867601494132,635.27947,123.61964050180353,2,123.61964050180353,0,-158.8284913661872,0.4079448136559517,0.0,1752019200,19.69609286031832,2025-07-09T00:00:00+00:00,9841.171508633814
9717.153519126427,9717.561463940083,2.215548840374104,9856.050509302204,649.0639180000001,123.61964050180353,2,123.61964050180353,0,-158.8188955581138,0.4079448136559517,0.0,1752105600,14.869404860318319,2025-07-10T00:00:00+00:00,9841.181104441886
9752.205088618493,9752.425181009577,2.2635882234055327,9851.208445150098,365.56192000000004,66.69466396486993,1,66.69466396486993,0,-180.88015502555186,0.22009239108407078,0.0,1752192000,32.08860017565032,2025-07-11T00:00:00+00:00,9819.119844974448
9695.546277395739,9695.952075909352,2.137580491951563,9863.909222738403,638.51441282,122.96924654962521,2,122.96924654962521,0,-181.07867754102247,0.4057985136137632,0.0,1752278400,44.987900279426626,2025-07-12T00:00:00+00:00,9818.921322458977
9695.53064727367,9695.936445787283,2.150441689503957,9862.612895856335,635.20958958,122.96924654962521,2,122.96924654962521,0,-181.09430766309265,0.4057985136137632,0.0,1752364800,43.70720351942666,2025-07-13T00:00:00+00:00,9818.905692336908
9695.504887726735,9695.910686240348,2.181012120611958,9859.531590909399,644.7701749800001,122.96924654962521,2,122.96924654962521,0,-181.12006721002808,0.4057985136137632,0.0,1752451200,40.65165811942666,2025-07-14T00:00:00+00:00,9818.879932789972
9748.13065429441,9748.426406612482,2.150645599845924,9862.592342991273,457.2537512,89.62191456719023,2,89.62191456719023,0,-161.95167882032845,0.2957523180717278,0.0,1752537600,24.544021811601503,2025-07-15T00:00:00+00:00,9838.04832117967
9748.198520889524,9748.494273207596,2.239436289611574,9853.642806406388,466.91099438000003,89.62191456719023,2,89.62191456719023,0,-161.88381222521443,0.2957523180717278,0.0,1752624000,15.526618631601483,2025-07-16T00:00:00+00:00,9838.116187774785
9748.232911765428,9748.5286640835,2.2393091518651875,9853.655621082291,477.0100505800001,89.62191456719023,2,89.62191456719023,0,-161.84942134931092,0.2957523180717278,0.0,1752710400,15.505042431601481,2025-07-17T00:00:00+00:00,9838.15057865069
9748.26730264133,9748.563054959403,2.279731019067799,9849.581354058193,487.25050848,89.62191456719023,2,89.62191456719023,0,-161.81503047340743,0.2957523180717278,0.0,1752796800,11.396384531601516,2025-07-18T00:00:00+00:00,9838.184969526592
9780.341797061797,9780.451843257339,2.3583818043603544,9841.653855327599,194.59134,33.347331982434966,1,33.347331982434966,0,-186.2008247602264,0.11004619554203539,0.0,1752883200,27.854680087825148,2025-07-19T00:00:00+00:00,9813.799175239774
9780.291776063823,9780.401822259364,2.3506785502424576,9842.430294329624,195.4178,33.347331982434966,1,33.347331982434966,0,-186.25084575820006,0.11004619554203539,0.0,1752969600,28.681140087825156,2025-07-20T00:00:00+00:00,9813.7491542418
9780.24175506585,9780.351801261391,2.2879591250106968,9848.752013331652,201.78954,33.347331982434966,1,33.347331982434966,0,-186.3008667561737,0.11004619554203539,0.0,1753056000,35.05288008782515,2025-07-21T00:00:00+00:00,9813.699133243827
9780.191734067876,9780.301780263417,2.263592319065044,9851.208032333678,204.29558,33.347331982434966,1,33.347331982434966,0,-186.35088775414735,0.11004619554203539,0.0,1753142400,37.55892008782514,2025-07-22T00:00:00+00:00,9813.649112245852
9780.141713069903,9780.251759265444,2.2072209135772014,9856.889911335704,210.02748,33.347331982434966,1,33.347331982434966,0,-186.400908752121,0.11004619554203539,0.0,1753228800,43.290820087825146,2025-07-23T00:00:00+00:00,9813.59909124788
9859.558341982683,9859.558341982683,2.180746716227444,9859.558341982683,0.0,0.0,0,0.0,0,-140.44165801731737,0.0,0.0,1753315200,0.0,2025-07-24T00:00:00+00:00,9859.558341982683
9859.558341982683,9859.558341982683,2.180746716227444,9859.558341982683,0.0,0.0,0,0.0,0,-140.44165801731737,0.0,0.0,1753401600,0.0,2025-07-25T00:00:00+00:00,9859.558341982683
9859.558341982683,9859.558341982683,2.180746716227444,9859.558341982683,0.0,0.0,0,0.0,0,-140.44165801731737,0.0,0.0,1753488000,0.0,2025-07-26T00:00:00+00:00,9859.558341982683
9859.558341982683,9859.558341982683,2.180746716227444,9859.558341982683,0.0,0.0,0,0.0,0,-140.44165801731737,0.0,0.0,1753574400,0.0,2025-07-27T00:00:00+00:00,9859.558341982683
9859.558341982683,9859.558341982683,2.180746716227444,9859.558341982683,0.0,0.0,0,0.0,0,-140.44165801731737,0.0,0.0,1753660800,0.0,2025-07-28T00:00:00+00:00,9859.558341982683
9859.558341982683,9859.558341982683,2.180746716227444,9859.558341982683,0.0,0.0,0,0.0,0,-140.44165801731737,0.0,0.0,1753747200,0.0,2025-07-29T00:00:00+00:00,9859.558341982683
9859.558341982683,9859.558341982683,2.180746716227444,9859.558341982683,0.0,0.0,0,0.0,0,-140.44165801731737,0.0,0.0,1753833600,0.0,2025-07-30T00:00:00+00:00,9859.558341982683
9859.558341982683,9859.558341982683,2.180746716227444,9859.558341982683,0.0,0.0,0,0.0,0,-140.44165801731737,0.0,0.0,1753920000,0.0,2025-07-31T00:00:00+00:00,9859.558341982683
9830.790742966543,9859.558341982683,2.180746716227444,9859.558341982683,0.0,0.0,0,0.0,1,-140.44165801731737,0.0,28.7675990161398,1754006400,0.0,2025-08-01T00:00:00+00:00,9859.558341982683
9830.771458998077,9830.865802674432,2.229040917888514,9854.690593734029,138.1807624,28.58899283510085,1,28.58899283510085,0,-140.54520449046683,0.09434367635583281,0.0,1754092800,-4.764201775504258,2025-08-02T00:00:00+00:00,9859.454795509533
9830.751842660644,9830.846186337,2.2706913617808966,9850.492493996597,134.00227900000002,28.58899283510085,1,28.58899283510085,0,-140.56482082790063,0.09434367635583281,0.0,1754179200,-8.942685175504252,2025-08-03T00:00:00+00:00,9859.4351791721
9830.71594918014,9830.810292856495,2.2121285687882297,9856.395250916092,139.94092940000002,28.58899283510085,1,28.58899283510085,0,-140.6007143084051,0.09434367635583281,0.0,1754265600,-3.0040347755042545,2025-08-04T00:00:00+00:00,9859.399285691596
9830.680714675918,9830.775058352274,2.0888699284455137,9868.81893761187,152.3998506,28.58899283510085,1,28.58899283510085,0,-140.63594881262472,0.09434367635583281,0.0,1754352000,9.454886424495745,2025-08-05T00:00:00+00:00,9859.364051187375
9830.681089191725,9830.77543286808,2.1468739973284134,9862.972496527676,146.553035,28.58899283510085,1,28.58899283510085,0,-140.63557429681856,0.09434367635583281,0.0,1754438400,3.6080708244957242,2025-08-06T00:00:00+00:00,9859.364425703181
9830.660339300726,9830.754682977082,2.129464933075753,9864.727219436678,148.3285078,28.58899283510085,1,28.58899283510085,0,-140.65632418781829,0.09434367635583281,0.0,1754524800,5.383543624495746,2025-08-07T00:00:00+00:00,9859.343675812182
9830.637302290299,9830.731645966654,2.019448328055984,9875.81619322625,159.4405186,28.58899283510085,1,28.58899283510085,0,-140.6793611982448,0.09434367635583281,0.0,1754611200,16.495554424495733,2025-08-08T00:00:00+00:00,9859.320638801755
9830.594418801047,9830.688762477403,1.95305853713027,9882.507861737,166.1750706,28.58899283510085,1,28.58899283510085,0,-140.72224468749747,0.09434367635583281,0.0,1754697600,23.230106424495723,2025-08-09T00:00:00+00:00,9859.277755312503
9747.11299989658,9830.645878988149,1.9358690660864264,9884.240451047746,167.95054340000002,28.58899283510085,1,28.58899283510085,1,-140.76512817675012,0.09434367635583281,83.43853541521243,1754784000,25.005579224495747,2025-08-10T00:00:00+00:00,9859.23487182325
9818.311017568632,9818.405361244988,2.062017877426281,9871.525453504584,167.4760636,28.58899283510085,1,28.58899283510085,0,-153.00564591991093,0.09434367635583281,0.0,1754870400,24.531099424495736,2025-08-11T00:00:00+00:00,9846.994354080089
9818.29195585766,9818.386299534015,2.0477809739206543,9872.960442793612,168.9301146,28.58899283510085,1,28.58899283510085,0,-153.02470763088374,0.09434367635583281,0.0,1754956800,25.985150424495746,2025-08-12T00:00:00+00:00,9846.975292369116
9818.294214388094,9818.38855806445,1.9628728293703102,9881.518643524045,177.4860568,28.58899283510085,1,28.58899283510085,0,-153.02244910044976,0.09434367635583281,0.0,1755043200,34.54109262449573,2025-08-13T00:00:00+00:00,9846.97755089955
9818.251330898842,9818.345674575197,1.8826644300827478,9889.603139834793,185.6134366,28.58899283510085,1,28.58899283510085,0,-153.06533258970242,0.09434367635583281,0.0,1755129600,42.66847242449575,2025-08-14T00:00:00+00:00,9846.934667410298
9818.208447409588,9818.302791085944,2.074424465697511,9870.27494834554,166.3281286,28.58899283510085,1,28.58899283510085,0,-153.10821607895508,0.09434367635583281,0.0,1755216000,23.38316442449575,2025-08-15T00:00:00+00:00,9846.891783921044
9739.918880821968,9740.269717115176,2.116421731791396,9866.041891136903,551.028287,106.31402824456846,2,106.31402824456846,0,-153.41625464025537,0.3508362932070759,0.0,1755302400,19.458145777157707,2025-08-16T00:00:00+00:00,9846.583745359745
9739.845253586067,9740.196089879275,2.071731222725226,9870.546410101002,555.6064332,106.31402824456846,2,106.31402824456846,0,-153.48988187615618,0.3508362932070759,0.0,1755388800,24.036291977157685,2025-08-17T00:00:00+00:00,9846.510118123844
9739.730213850113,9740.08105014332,2.071199847278815,9870.599969365048,555.7750321999999,106.31402824456846,2,106.31402824456846,0,-153.60492161211062,0.3508362932070759,0.0,1755475200,24.204890977157724,2025-08-18T00:00:00+00:00,9846.39507838789
9739.647583117876,9739.998419411084,2.1915357221447995,9858.470878832812,543.7285724,106.31402824456846,2,106.31402824456846,0,-153.68755234434647,0.3508362932070759,0.0,1755561600,12.158431177157698,2025-08-19T00:00:00+00:00,9846.312447655653
9739.563692471815,9739.914528765023,2.382581176511378,9839.21471258675,524.5562968,106.31402824456846,2,106.31402824456846,0,-153.7714429904072,0.3508362932070759,0.0,1755648000,-7.013844422842311,2025-08-20T00:00:00+00:00,9846.228557009592
9739.408529587898,9739.759365881106,2.2387887894502856,9853.708070302833,539.2048174,106.31402824456846,2,106.31402824456846,0,-153.92660587432545,0.3508362932070759,0.0,1755734400,7.634676177157679,2025-08-21T00:00:00+00:00,9846.073394125675
9739.269734388554,9739.620570681762,2.356078317930277,9841.886032103488,527.5215744,106.31402824456846,2,106.31402824456846,0,-154.0654010736696,0.3508362932070759,0.0,1755820800,-4.048566822842309,2025-08-22T00:00:00+00:00,9845.934598926331
9739.134076799326,9739.484913092534,2.027347934944579,9875.01996311426,560.791163,106.31402824456846,2,106.31402824456846,0,-154.20105866289626,0.3508362932070759,0.0,1755907200,29.22102177715772,2025-08-23T00:00:00+00:00,9845.798941337103
9738.97460575696,9739.325442050167,2.0916952391242805,9868.534164271894,554.4648352,106.31402824456846,2,106.31402824456846,0,-154.3605297052631,0.3508362932070759,0.0,1755993600,22.8946939771577,2025-08-24T00:00:00+00:00,9845.639470294736
9793.379041118864,9793.47338479522,2.312259731091315,9846.302666854815,167.1852534,28.58899283510085,1,28.58899283510085,0,-177.93762236968038,0.09434367635583281,0.0,1756080000,24.240289224495736,2025-08-25T00:00:00+00:00,9822.06237763032
9679.87455521203,9680.341022082554,2.5571549162621054,9821.618790370321,706.6921568,141.3535971280581,3,141.3535971280581,0,-178.30538078938898,0.4664668705225917,0.0,1756166400,-0.07582884029053827,2025-08-26T00:00:00+00:00,9821.694619210612
9679.820029354205,9680.286496224728,2.267355330611509,9850.828744712495,735.956637,141.3535971280581,3,141.3535971280581,0,-178.35990664721376,0.4664668705225917,0.0,1756252800,29.188651359709468,2025-08-27T00:00:00+00:00,9821.640093352786
9679.812422349365,9680.278889219888,2.3745232837494523,9840.026896907655,725.1623962,141.3535971280581,3,141.3535971280581,0,-178.367513652055,0.4664668705225917,0.0,1756339200,18.394410559709456,2025-08-28T00:00:00+00:00,9821.632486347946
9679.698152947882,9680.164619818404,2.310582227869973,9846.471748506172,731.7215171999999,141.3535971280581,3,141.3535971280581,0,-178.48178305353824,0.4664668705225917,0.0,1756425600,24.953531559709432,2025-08-29T00:00:00+00:00,9821.518216946462
9679.572780636052,9680.039247506575,2.5608947433570006,9821.241839594342,706.6169806,141.3535971280581,3,141.3535971280581,0,-178.60715536536688,0.4664668705225917,0.0,1756512000,-0.15100504029050832,2025-08-30T00:00:00+00:00,9821.392844634633
9679.405393518307,9679.87186038883,2.5164364580944065,9825.722951876598,711.26548,141.3535971280581,3,141.3535971280581,0,-178.77454248311113,0.4664668705225917,0.0,1756598400,4.49749435970952,2025-08-31T00:00:00+00:00,9821.225457516888
9679.308629724717,9679.77509659524,2.571301591833197,9820.192895483007,705.8321874000001,141.3535971280581,3,141.3535971280581,0,-178.8713062767013,0.4664668705225917,0.0,1756684800,-0.9357982402904974,2025-09-01T00:00:00+00:00,9821.128693723298
9679.156183123318,9679.62264999384,2.6669942293284565,9810.547686481608,696.3394250000001,141.3535971280581,3,141.3535971280581,0,-179.02375287810227,0.4664668705225917,0.0,1756771200,-10.42856064029049,2025-09-02T00:00:00+00:00,9820.976247121898
9678.982467358035,9679.448934228558,2.5488752949696325,9822.453323516325,708.4187778,141.3535971280581,3,141.3535971280581,0,-179.19746864338475,0.4664668705225917,0.0,1756857600,1.6507921597094857,2025-09-03T00:00:00+00:00,9820.802531356616
9678.783561088863,9679.250027959386,2.426816406596588,9834.756082847154,720.9204434,141.3535971280581,3,141.3535971280581,0,-179.39637491255672,0.4664668705225917,0.0,1756944000,14.152457759709476,2025-09-04T00:00:00+00:00,9820.603625087444
9678.728695464864,9679.195162335387,2.633370194811735,9813.936775223154,700.1560014,141.3535971280581,3,141.3535971280581,0,-179.4512405365551,0.4664668705225917,0.0,1757030400,-6.611984240290527,2025-09-05T00:00:00+00:00,9820.548759463445
9678.616844169943,9679.083311040466,2.586749280750944,9818.635866728233,704.9669442,141.3535971280581,3,141.3535971280581,0,-179.56309183147593,0.4664668705225917,0.0,1757116800,-1.80104144029055,2025-09-06T00:00:00+00:00,9820.436908168524
9678.51048902818,9678.976955898703,2.6165203141262583,9815.63513598647,702.0725686,141.3535971280581,3,141.3535971280581,0,-179.6694469732393,0.4664668705225917,0.0,1757203200,-4.69541704029054,2025-09-07T00:00:00+00:00,9820.33055302676
9678.322448469486,9678.788915340008,2.517573649407545,9825.608330227777,712.2338034,141.3535971280581,3,141.3535971280581,0,-179.85748753193354,0.4664668705225917,0.0,1757289600,5.465817759709518,2025-09-08T00:00:00+00:00,9820.142512468066
9678.147273623415,9678.613740493938,2.550059230163859,9822.333990381705,709.1346384,141.3535971280581,3,141.3535971280581,0,-180.03266237800375,0.4664668705225917,0.0,1757376000,2.36665275970949,2025-09-09T00:00:00+00:00,9819.967337621996
9677.94464661304,9678.411113483562,2.571487396336025,9820.17416757133,707.1774426,141.3535971280581,3,141.3535971280581,0,-180.23528938837927,0.4664668705225917,0.0,1757462400,0.40945695970948925,2025-09-10T00:00:00+00:00,9819.76471061162
9677.761621639826,9678.228088510348,2.3743514882778816,9840.044212798115,727.2305128,141.3535971280581,3,141.3535971280581,0,-180.41831436159418,0.4664668705225917,0.0,1757548800,20.462527159709495,2025-09-11T00:00:00+00:00,9819.581685638406
9677.549591244133,9678.016058114656,2.3153676420726854,9845.989409202422,733.3877395999999,141.3535971280581,3,141.3535971280581,0,-180.63034475728628,0.4664668705225917,0.0,1757635200,26.619753959709463,2025-09-12T00:00:00+00:00,9819.369655242714
9677.344182059182,9677.810648929704,2.0699619710031314,9870.724739417472,758.328479,141.3535971280581,3,141.3535971280581,0,-180.83575394223774,0.4664668705225917,0.0,1757721600,51.560493359709525,2025-09-13T00:00:00+00:00,9819.164246057762
9677.138307927966,9677.604774798489,2.078310406016326,9869.883270286256,757.692884,141.3535971280581,3,141.3535971280581,0,-181.04162807345358,0.4664668705225917,0.0,1757808000,50.92489835970949,2025-09-14T00:00:00+00:00,9818.958371926547
9676.945314942603,9677.411781813125,2.3319378913992272,9844.319233500893,732.3218402,141.3535971280581,3,141.3535971280581,0,-181.23462105881677,0.4664668705225917,0.0,1757894400,25.553854559709517,2025-09-15T00:00:00+00:00,9818.765378941183
9676.742871865657,9677.20933873618,2.4604604292962184,9831.364979423948,719.5700292,141.3535971280581,3,141.3535971280581,0,-181.4370641357616,0.4664668705225917,0.0,1757980800,12.802043559709507,2025-09-16T00:00:00+00:00,9818.562935864238
9676.573527403827,9677.03999427435,2.418894798289717,9835.554530562118,723.9289248,141.3535971280581,3,141.3535971280581,0,-181.60640859759314,0.4664668705225917,0.0,1758067200,17.1609391597095,2025-09-17T00:00:00+00:00,9818.393591402408
9676.426756468494,9676.893223339017,2.2782890851084314,9849.726691826785,738.2478570000001,141.3535971280581,3,141.3535971280581,0,-181.75317953292418,0.4664668705225917,0.0,1758153600,31.479871359709477,2025-09-18T00:00:00+00:00,9818.246820467075
9676.272513516336,9676.73898038686,2.2432612208460267,9853.257277674627,741.9326858000001,141.3535971280581,3,141.3535971280581,0,-181.9074224850829,0.4664668705225917,0.0,1758240000,35.164700159709525,2025-09-19T00:00:00+00:00,9818.092577514917
9676.082834574214,9676.549301444737,2.493082253229495,9828.076907132505,716.9419942,141.3535971280581,3,141.3535971280581,0,-182.09710142720573,0.4664668705225917,0.0,1758326400,10.174008559709486,2025-09-20T00:00:00+00:00,9817.902898572795
9675.905104672673,9676.371571543195,2.4879287364790392,9828.596348830963,717.6391658,141.3535971280581,3,141.3535971280581,0,-182.27483132874707,0.4664668705225917,0.0,1758412800,10.87118015970944,2025-09-21T00:00:00+00:00,9817.725168671253
9675.733408622908,9676.19987549343,2.531572083074418,9824.197377181197,713.4118902,141.3535971280581,3,141.3535971280581,0,-182.44652737851115,0.4664668705225917,0.0,1758499200,6.643904559709474,2025-09-22T00:00:00+00:00,9817.553472621488
9692.280552821943,9692.65267601611,2.973087991260659,9779.695382844282,538.101124,112.76460429295726,2,112.76460429295726,0,-194.58271969093244,0.37212319416675893,0.0,1758585600,-25.721897464786252,2025-09-23T00:00:00+00:00,9805.417280309068
9692.165689632953,9692.53781282712,2.9862408769363635,9778.369655655291,536.89026,112.76460429295726,2,112.76460429295726,0,-194.69758287992306,0.37212319416675893,0.0,1758672000,-26.93276146478624,2025-09-24T00:00:00+00:00,9805.302417120078
9692.082910255565,9692.455033449733,3.0080451042172163,9776.171928277903,534.775312,112.76460429295726,2,112.76460429295726,0,-194.7803622573097,0.37212319416675893,0.0,1758758400,-29.04770946478626,2025-09-25T00:00:00+00:00,9805.21963774269
9756.824089520589,9756.824089520589,3.2000000655096006,9756.824089520589,0.0,0.0,0,0.0,0,-243.1759104794114,0.0,0.0,1758844800,0.0,2025-09-26T00:00:00+00:00,9756.824089520589
9756.824089520589,9756.824089520589,3.2000000655096006,9756.824089520589,0.0,0.0,0,0.0,0,-243.1759104794114,0.0,0.0,1758931200,0.0,2025-09-27T00:00:00+00:00,9756.824089520589
9756.824089520589,9756.824089520589,3.2000000655096006,9756.824089520589,0.0,0.0,0,0.0,0,-243.1759104794114,0.0,0.0,1759017600,0.0,2025-09-28T00:00:00+00:00,9756.824089520589
9756.824089520589,9756.824089520589,3.2000000655096006,9756.824089520589,0.0,0.0,0,0.0,0,-243.1759104794114,0.0,0.0,1759104000,0.0,2025-09-29T00:00:00+00:00,9756.824089520589
9756.824089520589,9756.824089520589,3.2000000655096006,9756.824089520589,0.0,0.0,0,0.0,0,-243.1759104794114,0.0,0.0,1759190400,0.0,2025-09-30T00:00:00+00:00,9756.824089520589
9756.824089520589,9756.824089520589,3.2000000655096006,9756.824089520589,0.0,0.0,0,0.0,0,-243.1759104794114,0.0,0.0,1759276800,0.0,2025-10-01T00:00:00+00:00,9756.824089520589
9756.824089520589,9756.824089520589,3.2000000655096006,9756.824089520589,0.0,0.0,0,0.0,0,-243.1759104794114,0.0,0.0,1759363200,0.0,2025-10-02T00:00:00+00:00,9756.824089520589
9756.824089520589,9756.824089520589,3.2000000655096006,9756.824089520589,0.0,0.0,0,0.0,0,-243.1759104794114,0.0,0.0,1759449600,0.0,2025-10-03T00:00:00+00:00,9756.824089520589
9756.824089520589,9756.824089520589,3.2000000655096006,9756.824089520589,0.0,0.0,0,0.0,0,-243.1759104794114,0.0,0.0,1759536000,0.0,2025-10-04T00:00:00+00:00,9756.824089520589
9756.824089520589,9756.824089520589,3.2000000655096006,9756.824089520589,0.0,0.0,0,0.0,0,-243.1759104794114,0.0,0.0,1759622400,0.0,2025-10-05T00:00:00+00:00,9756.824089520589
9756.824089520589,9756.824089520589,3.2000000655096006,9756.824089520589,0.0,0.0,0,0.0,0,-243.1759104794114,0.0,0.0,1759708800,0.0,2025-10-06T00:00:00+00:00,9756.824089520589
9756.824089520589,9756.824089520589,3.2000000655096006,9756.824089520589,0.0,0.0,0,0.0,0,-243.1759104794114,0.0,0.0,1759795200,0.0,2025-10-07T00:00:00+00:00,9756.824089520589
9756.824089520589,9756.824089520589,3.2000000655096006,9756.824089520589,0.0,0.0,0,0.0,0,-243.1759104794114,0.0,0.0,1759881600,0.0,2025-10-08T00:00:00+00:00,9756.824089520589
9756.824089520589,9756.824089520589,3.2000000655096006,9756.824089520589,0.0,0.0,0,0.0,0,-243.1759104794114,0.0,0.0,1759968000,0.0,2025-10-09T00:00:00+00:00,9756.824089520589
9756.824089520589,9756.824089520589,3.2000000655096006,9756.824089520589,0.0,0.0,0,0.0,0,-243.1759104794114,0.0,0.0,1760054400,0.0,2025-10-10T00:00:00+00:00,9756.824089520589
9756.824089520589,9756.824089520589,3.2000000655096006,9756.824089520589,0.0,0.0,0,0.0,0,-243.1759104794114,0.0,0.0,1760140800,0.0,2025-10-11T00:00:00+00:00,9756.824089520589
9756.824089520589,9756.824089520589,3.2000000655096006,9756.824089520589,0.0,0.0,0,0.0,0,-243.1759104794114,0.0,0.0,1760227200,0.0,2025-10-12T00:00:00+00:00,9756.824089520589
9756.824089520589,9756.824089520589,3.2000000655096006,9756.824089520589,0.0,0.0,0,0.0,0,-243.1759104794114,0.0,0.0,1760313600,0.0,2025-10-13T00:00:00+00:00,9756.824089520589
9756.824089520589,9756.824089520589,3.2000000655096006,9756.824089520589,0.0,0.0,0,0.0,0,-243.1759104794114,0.0,0.0,1760400000,0.0,2025-10-14T00:00:00+00:00,9756.824089520589
9756.824089520589,9756.824089520589,3.2000000655096006,9756.824089520589,0.0,0.0,0,0.0,0,-243.1759104794114,0.0,0.0,1760486400,0.0,2025-10-15T00:00:00+00:00,9756.824089520589
9756.824089520589,9756.824089520589,3.2000000655096006,9756.824089520589,0.0,0.0,0,0.0,0,-243.1759104794114,0.0,0.0,1760572800,0.0,2025-10-16T00:00:00+00:00,9756.824089520589
9756.824089520589,9756.824089520589,3.2000000655096006,9756.824089520589,0.0,0.0,0,0.0,0,-243.1759104794114,0.0,0.0,1760659200,0.0,2025-10-17T00:00:00+00:00,9756.824089520589
9756.824089520589,9756.824089520589,3.2000000655096006,9756.824089520589,0.0,0.0,0,0.0,0,-243.1759104794114,0.0,0.0,1760745600,0.0,2025-10-18T00:00:00+00:00,9756.824089520589
9756.824089520589,9756.824089520589,3.2000000655096006,9756.824089520589,0.0,0.0,0,0.0,0,-243.1759104794114,0.0,0.0,1760832000,0.0,2025-10-19T00:00:00+00:00,9756.824089520589
9756.824089520589,9756.824089520589,3.2000000655096006,9756.824089520589,0.0,0.0,0,0.0,0,-243.1759104794114,0.0,0.0,1760918400,0.0,2025-10-20T00:00:00+00:00,9756.824089520589
9756.824089520589,9756.824089520589,3.2000000655096006,9756.824089520589,0.0,0.0,0,0.0,0,-243.1759104794114,0.0,0.0,1761004800,0.0,2025-10-21T00:00:00+00:00,9756.824089520589
9756.824089520589,9756.824089520589,3.2000000655096006,9756.824089520589,0.0,0.0,0,0.0,0,-243.1759104794114,0.0,0.0,1761091200,0.0,2025-10-22T00:00:00+00:00,9756.824089520589
9756.824089520589,9756.824089520589,3.2000000655096006,9756.824089520589,0.0,0.0,0,0.0,0,-243.1759104794114,0.0,0.0,1761177600,0.0,2025-10-23T00:00:00+00:00,9756.824089520589
9756.824089520589,9756.824089520589,3.2000000655096006,9756.824089520589,0.0,0.0,0,0.0,0,-243.1759104794114,0.0,0.0,1761264000,0.0,2025-10-24T00:00:00+00:00,9756.824089520589
9756.824089520589,9756.824089520589,3.2000000655096006,9756.824089520589,0.0,0.0,0,0.0,0,-243.1759104794114,0.0,0.0,1761350400,0.0,2025-10-25T00:00:00+00:00,9756.824089520589
9756.824089520589,9756.824089520589,3.2000000655096006,9756.824089520589,0.0,0.0,0,0.0,0,-243.1759104794114,0.0,0.0,1761436800,0.0,2025-10-26T00:00:00+00:00,9756.824089520589
9756.824089520589,9756.824089520589,3.2000000655096006,9756.824089520589,0.0,0.0,0,0.0,0,-243.1759104794114,0.0,0.0,1761523200,0.0,2025-10-27T00:00:00+00:00,9756.824089520589
9756.824089520589,9756.824089520589,3.2000000655096006,9756.824089520589,0.0,0.0,0,0.0,0,-243.1759104794114,0.0,0.0,1761609600,0.0,2025-10-28T00:00:00+00:00,9756.824089520589
9756.824089520589,9756.824089520589,3.2000000655096006,9756.824089520589,0.0,0.0,0,0.0,0,-243.1759104794114,0.0,0.0,1761696000,0.0,2025-10-29T00:00:00+00:00,9756.824089520589
9756.824089520589,9756.824089520589,3.2000000655096006,9756.824089520589,0.0,0.0,0,0.0,0,-243.1759104794114,0.0,0.0,1761782400,0.0,2025-10-30T00:00:00+00:00,9756.824089520589
9756.824089520589,9756.824089520589,3.2000000655096006,9756.824089520589,0.0,0.0,0,0.0,0,-243.1759104794114,0.0,0.0,1761868800,0.0,2025-10-31T00:00:00+00:00,9756.824089520589
9756.824089520589,9756.824089520589,3.2000000655096006,9756.824089520589,0.0,0.0,0,0.0,0,-243.1759104794114,0.0,0.0,1761955200,0.0,2025-11-01T00:00:00+00:00,9756.824089520589
9756.824089520589,9756.824089520589,3.2000000655096006,9756.824089520589,0.0,0.0,0,0.0,0,-243.1759104794114,0.0,0.0,1762041600,0.0,2025-11-02T00:00:00+00:00,9756.824089520589
9756.824089520589,9756.824089520589,3.2000000655096006,9756.824089520589,0.0,0.0,0,0.0,0,-243.1759104794114,0.0,0.0,1762128000,0.0,2025-11-03T00:00:00+00:00,9756.824089520589
9756.824089520589,9756.824089520589,3.2000000655096006,9756.824089520589,0.0,0.0,0,0.0,0,-243.1759104794114,0.0,0.0,1762214400,0.0,2025-11-04T00:00:00+00:00,9756.824089520589
9756.824089520589,9756.824089520589,3.2000000655096006,9756.824089520589,0.0,0.0,0,0.0,0,-243.1759104794114,0.0,0.0,1762300800,0.0,2025-11-05T00:00:00+00:00,9756.824089520589
9756.824089520589,9756.824089520589,3.2000000655096006,9756.824089520589,0.0,0.0,0,0.0,0,-243.1759104794114,0.0,0.0,1762387200,0.0,2025-11-06T00:00:00+00:00,9756.824089520589
9756.824089520589,9756.824089520589,3.2000000655096006,9756.824089520589,0.0,0.0,0,0.0,0,-243.1759104794114,0.0,0.0,1762473600,0.0,2025-11-07T00:00:00+00:00,9756.824089520589
9756.824089520589,9756.824089520589,3.2000000655096006,9756.824089520589,0.0,0.0,0,0.0,0,-243.1759104794114,0.0,0.0,1762560000,0.0,2025-11-08T00:00:00+00:00,9756.824089520589
9756.824089520589,9756.824089520589,3.2000000655096006,9756.824089520589,0.0,0.0,0,0.0,0,-243.1759104794114,0.0,0.0,1762646400,0.0,2025-11-09T00:00:00+00:00,9756.824089520589
9756.824089520589,9756.824089520589,3.2000000655096006,9756.824089520589,0.0,0.0,0,0.0,0,-243.1759104794114,0.0,0.0,1762732800,0.0,2025-11-10T00:00:00+00:00,9756.824089520589
9756.824089520589,9756.824089520589,3.2000000655096006,9756.824089520589,0.0,0.0,0,0.0,0,-243.1759104794114,0.0,0.0,1762819200,0.0,2025-11-11T00:00:00+00:00,9756.824089520589
9756.824089520589,9756.824089520589,3.2000000655096006,9756.824089520589,0.0,0.0,0,0.0,0,-243.1759104794114,0.0,0.0,1762905600,0.0,2025-11-12T00:00:00+00:00,9756.824089520589
9756.824089520589,9756.824089520589,3.2000000655096006,9756.824089520589,0.0,0.0,0,0.0,0,-243.1759104794114,0.0,0.0,1762992000,0.0,2025-11-13T00:00:00+00:00,9756.824089520589
9756.824089520589,9756.824089520589,3.2000000655096006,9756.824089520589,0.0,0.0,0,0.0,0,-243.1759104794114,0.0,0.0,1763078400,0.0,2025-11-14T00:00:00+00:00,9756.824089520589
9756.824089520589,9756.824089520589,3.2000000655096006,9756.824089520589,0.0,0.0,0,0.0,0,-243.1759104794114,0.0,0.0,1763164800,0.0,2025-11-15T00:00:00+00:00,9756.824089520589
9756.824089520589,9756.824089520589,3.2000000655096006,9756.824089520589,0.0,0.0,0,0.0,0,-243.1759104794114,0.0,0.0,1763251200,0.0,2025-11-16T00:00:00+00:00,9756.824089520589
9756.824089520589,9756.824089520589,3.2000000655096006,9756.824089520589,0.0,0.0,0,0.0,0,-243.1759104794114,0.0,0.0,1763337600,0.0,2025-11-17T00:00:00+00:00,9756.824089520589
9756.824089520589,9756.824089520589,3.2000000655096006,9756.824089520589,0.0,0.0,0,0.0,0,-243.1759104794114,0.0,0.0,1763424000,0.0,2025-11-18T00:00:00+00:00,9756.824089520589
9756.824089520589,9756.824089520589,3.2000000655096006,9756.824089520589,0.0,0.0,0,0.0,0,-243.1759104794114,0.0,0.0,1763510400,0.0,2025-11-19T00:00:00+00:00,9756.824089520589
9756.824089520589,9756.824089520589,3.2000000655096006,9756.824089520589,0.0,0.0,0,0.0,0,-243.1759104794114,0.0,0.0,1763596800,0.0,2025-11-20T00:00:00+00:00,9756.824089520589
9756.824089520589,9756.824089520589,3.2000000655096006,9756.824089520589,0.0,0.0,0,0.0,0,-243.1759104794114,0.0,0.0,1763683200,0.0,2025-11-21T00:00:00+00:00,9756.824089520589
9756.824089520589,9756.824089520589,3.2000000655096006,9756.824089520589,0.0,0.0,0,0.0,0,-243.1759104794114,0.0,0.0,1763769600,0.0,2025-11-22T00:00:00+00:00,9756.824089520589
9756.824089520589,9756.824089520589,3.2000000655096006,9756.824089520589,0.0,0.0,0,0.0,0,-243.1759104794114,0.0,0.0,1763856000,0.0,2025-11-23T00:00:00+00:00,9756.824089520589
9756.824089520589,9756.824089520589,3.2000000655096006,9756.824089520589,0.0,0.0,0,0.0,0,-243.1759104794114,0.0,0.0,1763942400,0.0,2025-11-24T00:00:00+00:00,9756.824089520589
9756.824089520589,9756.824089520589,3.2000000655096006,9756.824089520589,0.0,0.0,0,0.0,0,-243.1759104794114,0.0,0.0,1764028800,0.0,2025-11-25T00:00:00+00:00,9756.824089520589
9756.824089520589,9756.824089520589,3.2000000655096006,9756.824089520589,0.0,0.0,0,0.0,0,-243.1759104794114,0.0,0.0,1764115200,0.0,2025-11-26T00:00:00+00:00,9756.824089520589
9756.824089520589,9756.824089520589,3.2000000655096006,9756.824089520589,0.0,0.0,0,0.0,0,-243.1759104794114,0.0,0.0,1764201600,0.0,2025-11-27T00:00:00+00:00,9756.824089520589
9756.824089520589,9756.824089520589,3.2000000655096006,9756.824089520589,0.0,0.0,0,0.0,0,-243.1759104794114,0.0,0.0,1764288000,0.0,2025-11-28T00:00:00+00:00,9756.824089520589
9756.824089520589,9756.824089520589,3.2000000655096006,9756.824089520589,0.0,0.0,0,0.0,0,-243.1759104794114,0.0,0.0,1764374400,0.0,2025-11-29T00:00:00+00:00,9756.824089520589
9756.824089520589,9756.824089520589,3.2000000655096006,9756.824089520589,0.0,0.0,0,0.0,0,-243.1759104794114,0.0,0.0,1764460800,0.0,2025-11-30T00:00:00+00:00,9756.824089520589
9756.824089520589,9756.824089520589,3.2000000655096006,9756.824089520589,0.0,0.0,0,0.0,0,-243.1759104794114,0.0,0.0,1764547200,0.0,2025-12-01T00:00:00+00:00,9756.824089520589
9756.824089520589,9756.824089520589,3.2000000655096006,9756.824089520589,0.0,0.0,0,0.0,0,-243.1759104794114,0.0,0.0,1764633600,0.0,2025-12-02T00:00:00+00:00,9756.824089520589
9756.824089520589,9756.824089520589,3.2000000655096006,9756.824089520589,0.0,0.0,0,0.0,0,-243.1759104794114,0.0,0.0,1764720000,0.0,2025-12-03T00:00:00+00:00,9756.824089520589
9756.824089520589,9756.824089520589,3.2000000655096006,9756.824089520589,0.0,0.0,0,0.0,0,-243.1759104794114,0.0,0.0,1764806400,0.0,2025-12-04T00:00:00+00:00,9756.824089520589
9756.824089520589,9756.824089520589,3.2000000655096006,9756.824089520589,0.0,0.0,0,0.0,0,-243.1759104794114,0.0,0.0,1764892800,0.0,2025-12-05T00:00:00+00:00,9756.824089520589
9756.824089520589,9756.824089520589,3.2000000655096006,9756.824089520589,0.0,0.0,0,0.0,0,-243.1759104794114,0.0,0.0,1764979200,0.0,2025-12-06T00:00:00+00:00,9756.824089520589
9756.824089520589,9756.824089520589,3.2000000655096006,9756.824089520589,0.0,0.0,0,0.0,0,-243.1759104794114,0.0,0.0,1765065600,0.0,2025-12-07T00:00:00+00:00,9756.824089520589
9756.824089520589,9756.824089520589,3.2000000655096006,9756.824089520589,0.0,0.0,0,0.0,0,-243.1759104794114,0.0,0.0,1765152000,0.0,2025-12-08T00:00:00+00:00,9756.824089520589
9756.824089520589,9756.824089520589,3.2000000655096006,9756.824089520589,0.0,0.0,0,0.0,0,-243.1759104794114,0.0,0.0,1765238400,0.0,2025-12-09T00:00:00+00:00,9756.824089520589
9756.824089520589,9756.824089520589,3.2000000655096006,9756.824089520589,0.0,0.0,0,0.0,0,-243.1759104794114,0.0,0.0,1765324800,0.0,2025-12-10T00:00:00+00:00,9756.824089520589
9756.824089520589,9756.824089520589,3.2000000655096006,9756.824089520589,0.0,0.0,0,0.0,0,-243.1759104794114,0.0,0.0,1765411200,0.0,2025-12-11T00:00:00+00:00,9756.824089520589
9756.824089520589,9756.824089520589,3.2000000655096006,9756.824089520589,0.0,0.0,0,0.0,0,-243.1759104794114,0.0,0.0,1765497600,0.0,2025-12-12T00:00:00+00:00,9756.824089520589
9756.824089520589,9756.824089520589,3.2000000655096006,9756.824089520589,0.0,0.0,0,0.0,0,-243.1759104794114,0.0,0.0,1765584000,0.0,2025-12-13T00:00:00+00:00,9756.824089520589
9756.824089520589,9756.824089520589,3.2000000655096006,9756.824089520589,0.0,0.0,0,0.0,0,-243.1759104794114,0.0,0.0,1765670400,0.0,2025-12-14T00:00:00+00:00,9756.824089520589
9756.824089520589,9756.824089520589,3.2000000655096006,9756.824089520589,0.0,0.0,0,0.0,0,-243.1759104794114,0.0,0.0,1765756800,0.0,2025-12-15T00:00:00+00:00,9756.824089520589
9756.824089520589,9756.824089520589,3.2000000655096006,9756.824089520589,0.0,0.0,0,0.0,0,-243.1759104794114,0.0,0.0,1765843200,0.0,2025-12-16T00:00:00+00:00,9756.824089520589
9756.824089520589,9756.824089520589,3.2000000655096006,9756.824089520589,0.0,0.0,0,0.0,0,-243.1759104794114,0.0,0.0,1765929600,0.0,2025-12-17T00:00:00+00:00,9756.824089520589
9756.824089520589,9756.824089520589,3.2000000655096006,9756.824089520589,0.0,0.0,0,0.0,0,-243.1759104794114,0.0,0.0,1766016000,0.0,2025-12-18T00:00:00+00:00,9756.824089520589
9756.824089520589,9756.824089520589,3.2000000655096006,9756.824089520589,0.0,0.0,0,0.0,0,-243.1759104794114,0.0,0.0,1766102400,0.0,2025-12-19T00:00:00+00:00,9756.824089520589
9756.824089520589,9756.824089520589,3.2000000655096006,9756.824089520589,0.0,0.0,0,0.0,0,-243.1759104794114,0.0,0.0,1766188800,0.0,2025-12-20T00:00:00+00:00,9756.824089520589
9756.824089520589,9756.824089520589,3.2000000655096006,9756.824089520589,0.0,0.0,0,0.0,0,-243.1759104794114,0.0,0.0,1766275200,0.0,2025-12-21T00:00:00+00:00,9756.824089520589
9756.824089520589,9756.824089520589,3.2000000655096006,9756.824089520589,0.0,0.0,0,0.0,0,-243.1759104794114,0.0,0.0,1766361600,0.0,2025-12-22T00:00:00+00:00,9756.824089520589
9756.824089520589,9756.824089520589,3.2000000655096006,9756.824089520589,0.0,0.0,0,0.0,0,-243.1759104794114,0.0,0.0,1766448000,0.0,2025-12-23T00:00:00+00:00,9756.824089520589
9756.824089520589,9756.824089520589,3.2000000655096006,9756.824089520589,0.0,0.0,0,0.0,0,-243.1759104794114,0.0,0.0,1766534400,0.0,2025-12-24T00:00:00+00:00,9756.824089520589
9756.824089520589,9756.824089520589,3.2000000655096006,9756.824089520589,0.0,0.0,0,0.0,0,-243.1759104794114,0.0,0.0,1766620800,0.0,2025-12-25T00:00:00+00:00,9756.824089520589
9756.824089520589,9756.824089520589,3.2000000655096006,9756.824089520589,0.0,0.0,0,0.0,0,-243.1759104794114,0.0,0.0,1766707200,0.0,2025-12-26T00:00:00+00:00,9756.824089520589
9756.824089520589,9756.824089520589,3.2000000655096006,9756.824089520589,0.0,0.0,0,0.0,0,-243.1759104794114,0.0,0.0,1766793600,0.0,2025-12-27T00:00:00+00:00,9756.824089520589
9756.824089520589,9756.824089520589,3.2000000655096006,9756.824089520589,0.0,0.0,0,0.0,0,-243.1759104794114,0.0,0.0,1766880000,0.0,2025-12-28T00:00:00+00:00,9756.824089520589
9756.824089520589,9756.824089520589,3.2000000655096006,9756.824089520589,0.0,0.0,0,0.0,0,-243.1759104794114,0.0,0.0,1766966400,0.0,2025-12-29T00:00:00+00:00,9756.824089520589
9756.824089520589,9756.824089520589,3.2000000655096006,9756.824089520589,0.0,0.0,0,0.0,0,-243.1759104794114,0.0,0.0,1767052800,0.0,2025-12-30T00:00:00+00:00,9756.824089520589
9756.824089520589,9756.824089520589,3.2000000655096006,9756.824089520589,0.0,0.0,0,0.0,0,-243.1759104794114,0.0,0.0,1767139200,0.0,2025-12-31T00:00:00+00:00,9756.824089520589
9756.824089520589,9756.824089520589,3.2000000655096006,9756.824089520589,0.0,0.0,0,0.0,0,-243.1759104794114,0.0,0.0,1767225600,0.0,2026-01-01T00:00:00+00:00,9756.824089520589
9756.824089520589,9756.824089520589,3.2000000655096006,9756.824089520589,0.0,0.0,0,0.0,0,-243.1759104794114,0.0,0.0,1767312000,0.0,2026-01-02T00:00:00+00:00,9756.824089520589
9756.824089520589,9756.824089520589,3.2000000655096006,9756.824089520589,0.0,0.0,0,0.0,0,-243.1759104794114,0.0,0.0,1767398400,0.0,2026-01-03T00:00:00+00:00,9756.824089520589
9756.824089520589,9756.824089520589,3.2000000655096006,9756.824089520589,0.0,0.0,0,0.0,0,-243.1759104794114,0.0,0.0,1767484800,0.0,2026-01-04T00:00:00+00:00,9756.824089520589
9756.824089520589,9756.824089520589,3.2000000655096006,9756.824089520589,0.0,0.0,0,0.0,0,-243.1759104794114,0.0,0.0,1767571200,0.0,2026-01-05T00:00:00+00:00,9756.824089520589
9756.824089520589,9756.824089520589,3.2000000655096006,9756.824089520589,0.0,0.0,0,0.0,0,-243.1759104794114,0.0,0.0,1767657600,0.0,2026-01-06T00:00:00+00:00,9756.824089520589
9756.824089520589,9756.824089520589,3.2000000655096006,9756.824089520589,0.0,0.0,0,0.0,0,-243.1759104794114,0.0,0.0,1767744000,0.0,2026-01-07T00:00:00+00:00,9756.824089520589
9756.824089520589,9756.824089520589,3.2000000655096006,9756.824089520589,0.0,0.0,0,0.0,0,-243.1759104794114,0.0,0.0,1767830400,0.0,2026-01-08T00:00:00+00:00,9756.824089520589
9756.824089520589,9756.824089520589,3.2000000655096006,9756.824089520589,0.0,0.0,0,0.0,0,-243.1759104794114,0.0,0.0,1767916800,0.0,2026-01-09T00:00:00+00:00,9756.824089520589
9756.824089520589,9756.824089520589,3.2000000655096006,9756.824089520589,0.0,0.0,0,0.0,0,-243.1759104794114,0.0,0.0,1768003200,0.0,2026-01-10T00:00:00+00:00,9756.824089520589
9756.824089520589,9756.824089520589,3.2000000655096006,9756.824089520589,0.0,0.0,0,0.0,0,-243.1759104794114,0.0,0.0,1768089600,0.0,2026-01-11T00:00:00+00:00,9756.824089520589
9756.824089520589,9756.824089520589,3.2000000655096006,9756.824089520589,0.0,0.0,0,0.0,0,-243.1759104794114,0.0,0.0,1768176000,0.0,2026-01-12T00:00:00+00:00,9756.824089520589
9756.824089520589,9756.824089520589,3.2000000655096006,9756.824089520589,0.0,0.0,0,0.0,0,-243.1759104794114,0.0,0.0,1768262400,0.0,2026-01-13T00:00:00+00:00,9756.824089520589
9756.824089520589,9756.824089520589,3.2000000655096006,9756.824089520589,0.0,0.0,0,0.0,0,-243.1759104794114,0.0,0.0,1768348800,0.0,2026-01-14T00:00:00+00:00,9756.824089520589
9756.824089520589,9756.824089520589,3.2000000655096006,9756.824089520589,0.0,0.0,0,0.0,0,-243.1759104794114,0.0,0.0,1768435200,0.0,2026-01-15T00:00:00+00:00,9756.824089520589
9756.824089520589,9756.824089520589,3.2000000655096006,9756.824089520589,0.0,0.0,0,0.0,0,-243.1759104794114,0.0,0.0,1768521600,0.0,2026-01-16T00:00:00+00:00,9756.824089520589
9756.824089520589,9756.824089520589,3.2000000655096006,9756.824089520589,0.0,0.0,0,0.0,0,-243.1759104794114,0.0,0.0,1768608000,0.0,2026-01-17T00:00:00+00:00,9756.824089520589
9756.824089520589,9756.824089520589,3.2000000655096006,9756.824089520589,0.0,0.0,0,0.0,0,-243.1759104794114,0.0,0.0,1768694400,0.0,2026-01-18T00:00:00+00:00,9756.824089520589
9756.824089520589,9756.824089520589,3.2000000655096006,9756.824089520589,0.0,0.0,0,0.0,0,-243.1759104794114,0.0,0.0,1768780800,0.0,2026-01-19T00:00:00+00:00,9756.824089520589
9756.824089520589,9756.824089520589,3.2000000655096006,9756.824089520589,0.0,0.0,0,0.0,0,-243.1759104794114,0.0,0.0,1768867200,0.0,2026-01-20T00:00:00+00:00,9756.824089520589
9756.824089520589,9756.824089520589,3.2000000655096006,9756.824089520589,0.0,0.0,0,0.0,0,-243.1759104794114,0.0,0.0,1768953600,0.0,2026-01-21T00:00:00+00:00,9756.824089520589
9756.824089520589,9756.824089520589,3.2000000655096006,9756.824089520589,0.0,0.0,0,0.0,0,-243.1759104794114,0.0,0.0,1769040000,0.0,2026-01-22T00:00:00+00:00,9756.824089520589
9756.824089520589,9756.824089520589,3.2000000655096006,9756.824089520589,0.0,0.0,0,0.0,0,-243.1759104794114,0.0,0.0,1769126400,0.0,2026-01-23T00:00:00+00:00,9756.824089520589
9756.824089520589,9756.824089520589,3.2000000655096006,9756.824089520589,0.0,0.0,0,0.0,0,-243.1759104794114,0.0,0.0,1769212800,0.0,2026-01-24T00:00:00+00:00,9756.824089520589
9756.824089520589,9756.824089520589,3.2000000655096006,9756.824089520589,0.0,0.0,0,0.0,0,-243.1759104794114,0.0,0.0,1769299200,0.0,2026-01-25T00:00:00+00:00,9756.824089520589
9756.824089520589,9756.824089520589,3.2000000655096006,9756.824089520589,0.0,0.0,0,0.0,0,-243.1759104794114,0.0,0.0,1769385600,0.0,2026-01-26T00:00:00+00:00,9756.824089520589
9756.824089520589,9756.824089520589,3.2000000655096006,9756.824089520589,0.0,0.0,0,0.0,0,-243.1759104794114,0.0,0.0,1769472000,0.0,2026-01-27T00:00:00+00:00,9756.824089520589
9756.824089520589,9756.824089520589,3.2000000655096006,9756.824089520589,0.0,0.0,0,0.0,0,-243.1759104794114,0.0,0.0,1769558400,0.0,2026-01-28T00:00:00+00:00,9756.824089520589
9756.824089520589,9756.824089520589,3.2000000655096006,9756.824089520589,0.0,0.0,0,0.0,0,-243.1759104794114,0.0,0.0,1769644800,0.0,2026-01-29T00:00:00+00:00,9756.824089520589
9756.824089520589,9756.824089520589,3.2000000655096006,9756.824089520589,0.0,0.0,0,0.0,0,-243.1759104794114,0.0,0.0,1769731200,0.0,2026-01-30T00:00:00+00:00,9756.824089520589
9756.824089520589,9756.824089520589,3.2000000655096006,9756.824089520589,0.0,0.0,0,0.0,0,-243.1759104794114,0.0,0.0,1769817600,0.0,2026-01-31T00:00:00+00:00,9756.824089520589
9756.824089520589,9756.824089520589,3.2000000655096006,9756.824089520589,0.0,0.0,0,0.0,0,-243.1759104794114,0.0,0.0,1769904000,0.0,2026-02-01T00:00:00+00:00,9756.824089520589
9756.824089520589,9756.824089520589,3.2000000655096006,9756.824089520589,0.0,0.0,0,0.0,0,-243.1759104794114,0.0,0.0,1769990400,0.0,2026-02-02T00:00:00+00:00,9756.824089520589
9756.824089520589,9756.824089520589,3.2000000655096006,9756.824089520589,0.0,0.0,0,0.0,0,-243.1759104794114,0.0,0.0,1770076800,0.0,2026-02-03T00:00:00+00:00,9756.824089520589
9756.824089520589,9756.824089520589,3.2000000655096006,9756.824089520589,0.0,0.0,0,0.0,0,-243.1759104794114,0.0,0.0,1770163200,0.0,2026-02-04T00:00:00+00:00,9756.824089520589
9756.824089520589,9756.824089520589,3.2000000655096006,9756.824089520589,0.0,0.0,0,0.0,0,-243.1759104794114,0.0,0.0,1770249600,0.0,2026-02-05T00:00:00+00:00,9756.824089520589
9756.824089520589,9756.824089520589,3.2000000655096006,9756.824089520589,0.0,0.0,0,0.0,0,-243.1759104794114,0.0,0.0,1770336000,0.0,2026-02-06T00:00:00+00:00,9756.824089520589
9756.824089520589,9756.824089520589,3.2000000655096006,9756.824089520589,0.0,0.0,0,0.0,0,-243.1759104794114,0.0,0.0,1770422400,0.0,2026-02-07T00:00:00+00:00,9756.824089520589
9756.824089520589,9756.824089520589,3.2000000655096006,9756.824089520589,0.0,0.0,0,0.0,0,-243.1759104794114,0.0,0.0,1770508800,0.0,2026-02-08T00:00:00+00:00,9756.824089520589
9756.824089520589,9756.824089520589,3.2000000655096006,9756.824089520589,0.0,0.0,0,0.0,0,-243.1759104794114,0.0,0.0,1770595200,0.0,2026-02-09T00:00:00+00:00,9756.824089520589
9756.824089520589,9756.824089520589,3.2000000655096006,9756.824089520589,0.0,0.0,0,0.0,0,-243.1759104794114,0.0,0.0,1770681600,0.0,2026-02-10T00:00:00+00:00,9756.824089520589
9756.824089520589,9756.824089520589,3.2000000655096006,9756.824089520589,0.0,0.0,0,0.0,0,-243.1759104794114,0.0,0.0,1770768000,0.0,2026-02-11T00:00:00+00:00,9756.824089520589
9756.824089520589,9756.824089520589,3.2000000655096006,9756.824089520589,0.0,0.0,0,0.0,0,-243.1759104794114,0.0,0.0,1770854400,0.0,2026-02-12T00:00:00+00:00,9756.824089520589
9756.824089520589,9756.824089520589,3.2000000655096006,9756.824089520589,0.0,0.0,0,0.0,0,-243.1759104794114,0.0,0.0,1770940800,0.0,2026-02-13T00:00:00+00:00,9756.824089520589
9756.824089520589,9756.824089520589,3.2000000655096006,9756.824089520589,0.0,0.0,0,0.0,0,-243.1759104794114,0.0,0.0,1771027200,0.0,2026-02-14T00:00:00+00:00,9756.824089520589
9756.824089520589,9756.824089520589,3.2000000655096006,9756.824089520589,0.0,0.0,0,0.0,0,-243.1759104794114,0.0,0.0,1771113600,0.0,2026-02-15T00:00:00+00:00,9756.824089520589
9756.824089520589,9756.824089520589,3.2000000655096006,9756.824089520589,0.0,0.0,0,0.0,0,-243.1759104794114,0.0,0.0,1771200000,0.0,2026-02-16T00:00:00+00:00,9756.824089520589
9756.824089520589,9756.824089520589,3.2000000655096006,9756.824089520589,0.0,0.0,0,0.0,0,-243.1759104794114,0.0,0.0,1771286400,0.0,2026-02-17T00:00:00+00:00,9756.824089520589
9756.824089520589,9756.824089520589,3.2000000655096006,9756.824089520589,0.0,0.0,0,0.0,0,-243.1759104794114,0.0,0.0,1771372800,0.0,2026-02-18T00:00:00+00:00,9756.824089520589
9756.824089520589,9756.824089520589,3.2000000655096006,9756.824089520589,0.0,0.0,0,0.0,0,-243.1759104794114,0.0,0.0,1771459200,0.0,2026-02-19T00:00:00+00:00,9756.824089520589
9756.824089520589,9756.824089520589,3.2000000655096006,9756.824089520589,0.0,0.0,0,0.0,0,-243.1759104794114,0.0,0.0,1771545600,0.0,2026-02-20T00:00:00+00:00,9756.824089520589
9756.824089520589,9756.824089520589,3.2000000655096006,9756.824089520589,0.0,0.0,0,0.0,0,-243.1759104794114,0.0,0.0,1771632000,0.0,2026-02-21T00:00:00+00:00,9756.824089520589
9756.824089520589,9756.824089520589,3.2000000655096006,9756.824089520589,0.0,0.0,0,0.0,0,-243.1759104794114,0.0,0.0,1771718400,0.0,2026-02-22T00:00:00+00:00,9756.824089520589
9756.824089520589,9756.824089520589,3.2000000655096006,9756.824089520589,0.0,0.0,0,0.0,0,-243.1759104794114,0.0,0.0,1771804800,0.0,2026-02-23T00:00:00+00:00,9756.824089520589
9756.824089520589,9756.824089520589,3.2000000655096006,9756.824089520589,0.0,0.0,0,0.0,0,-243.1759104794114,0.0,0.0,1771891200,0.0,2026-02-24T00:00:00+00:00,9756.824089520589
9756.824089520589,9756.824089520589,3.2000000655096006,9756.824089520589,0.0,0.0,0,0.0,0,-243.1759104794114,0.0,0.0,1771977600,0.0,2026-02-25T00:00:00+00:00,9756.824089520589
9756.824089520589,9756.824089520589,3.2000000655096006,9756.824089520589,0.0,0.0,0,0.0,0,-243.1759104794114,0.0,0.0,1772064000,0.0,2026-02-26T00:00:00+00:00,9756.824089520589
9756.824089520589,9756.824089520589,3.2000000655096006,9756.824089520589,0.0,0.0,0,0.0,0,-243.1759104794114,0.0,0.0,1772150400,0.0,2026-02-27T00:00:00+00:00,9756.824089520589
9756.824089520589,9756.824089520589,3.2000000655096006,9756.824089520589,0.0,0.0,0,0.0,0,-243.1759104794114,0.0,0.0,1772236800,0.0,2026-02-28T00:00:00+00:00,9756.824089520589
9756.824089520589,9756.824089520589,3.2000000655096006,9756.824089520589,0.0,0.0,0,0.0,0,-243.1759104794114,0.0,0.0,1772323200,0.0,2026-03-01T00:00:00+00:00,9756.824089520589
9756.824089520589,9756.824089520589,3.2000000655096006,9756.824089520589,0.0,0.0,0,0.0,0,-243.1759104794114,0.0,0.0,1772409600,0.0,2026-03-02T00:00:00+00:00,9756.824089520589
9756.824089520589,9756.824089520589,3.2000000655096006,9756.824089520589,0.0,0.0,0,0.0,0,-243.1759104794114,0.0,0.0,1772496000,0.0,2026-03-03T00:00:00+00:00,9756.824089520589
9756.824089520589,9756.824089520589,3.2000000655096006,9756.824089520589,0.0,0.0,0,0.0,0,-243.1759104794114,0.0,0.0,1772582400,0.0,2026-03-04T00:00:00+00:00,9756.824089520589
9756.824089520589,9756.824089520589,3.2000000655096006,9756.824089520589,0.0,0.0,0,0.0,0,-243.1759104794114,0.0,0.0,1772668800,0.0,2026-03-05T00:00:00+00:00,9756.824089520589
9756.824089520589,9756.824089520589,3.2000000655096006,9756.824089520589,0.0,0.0,0,0.0,0,-243.1759104794114,0.0,0.0,1772755200,0.0,2026-03-06T00:00:00+00:00,9756.824089520589
9756.824089520589,9756.824089520589,3.2000000655096006,9756.824089520589,0.0,0.0,0,0.0,0,-243.1759104794114,0.0,0.0,1772841600,0.0,2026-03-07T00:00:00+00:00,9756.824089520589
9756.824089520589,9756.824089520589,3.2000000655096006,9756.824089520589,0.0,0.0,0,0.0,0,-243.1759104794114,0.0,0.0,1772928000,0.0,2026-03-08T00:00:00+00:00,9756.824089520589
9756.824089520589,9756.824089520589,3.2000000655096006,9756.824089520589,0.0,0.0,0,0.0,0,-243.1759104794114,0.0,0.0,1773014400,0.0,2026-03-09T00:00:00+00:00,9756.824089520589
9756.824089520589,9756.824089520589,3.2000000655096006,9756.824089520589,0.0,0.0,0,0.0,0,-243.1759104794114,0.0,0.0,1773100800,0.0,2026-03-10T00:00:00+00:00,9756.824089520589
9756.824089520589,9756.824089520589,3.2000000655096006,9756.824089520589,0.0,0.0,0,0.0,0,-243.1759104794114,0.0,0.0,1773187200,0.0,2026-03-11T00:00:00+00:00,9756.824089520589
9756.824089520589,9756.824089520589,3.2000000655096006,9756.824089520589,0.0,0.0,0,0.0,0,-243.1759104794114,0.0,0.0,1773273600,0.0,2026-03-12T00:00:00+00:00,9756.824089520589
9756.824089520589,9756.824089520589,3.2000000655096006,9756.824089520589,0.0,0.0,0,0.0,0,-243.1759104794114,0.0,0.0,1773360000,0.0,2026-03-13T00:00:00+00:00,9756.824089520589
9756.824089520589,9756.824089520589,3.2000000655096006,9756.824089520589,0.0,0.0,0,0.0,0,-243.1759104794114,0.0,0.0,1773446400,0.0,2026-03-14T00:00:00+00:00,9756.824089520589
9756.824089520589,9756.824089520589,3.2000000655096006,9756.824089520589,0.0,0.0,0,0.0,0,-243.1759104794114,0.0,0.0,1773532800,0.0,2026-03-15T00:00:00+00:00,9756.824089520589
9756.824089520589,9756.824089520589,3.2000000655096006,9756.824089520589,0.0,0.0,0,0.0,0,-243.1759104794114,0.0,0.0,1773619200,0.0,2026-03-16T00:00:00+00:00,9756.824089520589
9756.824089520589,9756.824089520589,3.2000000655096006,9756.824089520589,0.0,0.0,0,0.0,0,-243.1759104794114,0.0,0.0,1773705600,0.0,2026-03-17T00:00:00+00:00,9756.824089520589
9756.824089520589,9756.824089520589,3.2000000655096006,9756.824089520589,0.0,0.0,0,0.0,0,-243.1759104794114,0.0,0.0,1773792000,0.0,2026-03-18T00:00:00+00:00,9756.824089520589
9756.824089520589,9756.824089520589,3.2000000655096006,9756.824089520589,0.0,0.0,0,0.0,0,-243.1759104794114,0.0,0.0,1773878400,0.0,2026-03-19T00:00:00+00:00,9756.824089520589
9756.824089520589,9756.824089520589,3.2000000655096006,9756.824089520589,0.0,0.0,0,0.0,0,-243.1759104794114,0.0,0.0,1773964800,0.0,2026-03-20T00:00:00+00:00,9756.824089520589
9756.824089520589,9756.824089520589,3.2000000655096006,9756.824089520589,0.0,0.0,0,0.0,0,-243.1759104794114,0.0,0.0,1774051200,0.0,2026-03-21T00:00:00+00:00,9756.824089520589
9756.824089520589,9756.824089520589,3.2000000655096006,9756.824089520589,0.0,0.0,0,0.0,0,-243.1759104794114,0.0,0.0,1774137600,0.0,2026-03-22T00:00:00+00:00,9756.824089520589
9756.824089520589,9756.824089520589,3.2000000655096006,9756.824089520589,0.0,0.0,0,0.0,0,-243.1759104794114,0.0,0.0,1774224000,0.0,2026-03-23T00:00:00+00:00,9756.824089520589
9756.824089520589,9756.824089520589,3.2000000655096006,9756.824089520589,0.0,0.0,0,0.0,0,-243.1759104794114,0.0,0.0,1774310400,0.0,2026-03-24T00:00:00+00:00,9756.824089520589
9756.824089520589,9756.824089520589,3.2000000655096006,9756.824089520589,0.0,0.0,0,0.0,0,-243.1759104794114,0.0,0.0,1774396800,0.0,2026-03-25T00:00:00+00:00,9756.824089520589
9756.824089520589,9756.824089520589,3.2000000655096006,9756.824089520589,0.0,0.0,0,0.0,0,-243.1759104794114,0.0,0.0,1774483200,0.0,2026-03-26T00:00:00+00:00,9756.824089520589
9756.824089520589,9756.824089520589,3.2000000655096006,9756.824089520589,0.0,0.0,0,0.0,0,-243.1759104794114,0.0,0.0,1774569600,0.0,2026-03-27T00:00:00+00:00,9756.824089520589
9756.824089520589,9756.824089520589,3.2000000655096006,9756.824089520589,0.0,0.0,0,0.0,0,-243.1759104794114,0.0,0.0,1774656000,0.0,2026-03-28T00:00:00+00:00,9756.824089520589
9756.824089520589,9756.824089520589,3.2000000655096006,9756.824089520589,0.0,0.0,0,0.0,0,-243.1759104794114,0.0,0.0,1774742400,0.0,2026-03-29T00:00:00+00:00,9756.824089520589
9756.824089520589,9756.824089520589,3.2000000655096006,9756.824089520589,0.0,0.0,0,0.0,0,-243.1759104794114,0.0,0.0,1774828800,0.0,2026-03-30T00:00:00+00:00,9756.824089520589
9756.824089520589,9756.824089520589,3.2000000655096006,9756.824089520589,0.0,0.0,0,0.0,0,-243.1759104794114,0.0,0.0,1774915200,0.0,2026-03-31T00:00:00+00:00,9756.824089520589
9756.824089520589,9756.824089520589,3.2000000655096006,9756.824089520589,0.0,0.0,0,0.0,0,-243.1759104794114,0.0,0.0,1775001600,0.0,2026-04-01T00:00:00+00:00,9756.824089520589
9756.824089520589,9756.824089520589,3.2000000655096006,9756.824089520589,0.0,0.0,0,0.0,0,-243.1759104794114,0.0,0.0,1775088000,0.0,2026-04-02T00:00:00+00:00,9756.824089520589
9756.824089520589,9756.824089520589,3.2000000655096006,9756.824089520589,0.0,0.0,0,0.0,0,-243.1759104794114,0.0,0.0,1775174400,0.0,2026-04-03T00:00:00+00:00,9756.824089520589
9756.824089520589,9756.824089520589,3.2000000655096006,9756.824089520589,0.0,0.0,0,0.0,0,-243.1759104794114,0.0,0.0,1775260800,0.0,2026-04-04T00:00:00+00:00,9756.824089520589
9756.824089520589,9756.824089520589,3.2000000655096006,9756.824089520589,0.0,0.0,0,0.0,0,-243.1759104794114,0.0,0.0,1775347200,0.0,2026-04-05T00:00:00+00:00,9756.824089520589
9756.824089520589,9756.824089520589,3.2000000655096006,9756.824089520589,0.0,0.0,0,0.0,0,-243.1759104794114,0.0,0.0,1775433600,0.0,2026-04-06T00:00:00+00:00,9756.824089520589
9756.824089520589,9756.824089520589,3.2000000655096006,9756.824089520589,0.0,0.0,0,0.0,0,-243.1759104794114,0.0,0.0,1775520000,0.0,2026-04-07T00:00:00+00:00,9756.824089520589
9756.824089520589,9756.824089520589,3.2000000655096006,9756.824089520589,0.0,0.0,0,0.0,0,-243.1759104794114,0.0,0.0,1775606400,0.0,2026-04-08T00:00:00+00:00,9756.824089520589
9756.824089520589,9756.824089520589,3.2000000655096006,9756.824089520589,0.0,0.0,0,0.0,0,-243.1759104794114,0.0,0.0,1775692800,0.0,2026-04-09T00:00:00+00:00,9756.824089520589
9756.824089520589,9756.824089520589,3.2000000655096006,9756.824089520589,0.0,0.0,0,0.0,0,-243.1759104794114,0.0,0.0,1775779200,0.0,2026-04-10T00:00:00+00:00,9756.824089520589
9756.824089520589,9756.824089520589,3.2000000655096006,9756.824089520589,0.0,0.0,0,0.0,0,-243.1759104794114,0.0,0.0,1775865600,0.0,2026-04-11T00:00:00+00:00,9756.824089520589
9756.824089520589,9756.824089520589,3.2000000655096006,9756.824089520589,0.0,0.0,0,0.0,0,-243.1759104794114,0.0,0.0,1775952000,0.0,2026-04-12T00:00:00+00:00,9756.824089520589
9756.824089520589,9756.824089520589,3.2000000655096006,9756.824089520589,0.0,0.0,0,0.0,0,-243.1759104794114,0.0,0.0,1776038400,0.0,2026-04-13T00:00:00+00:00,9756.824089520589
9756.824089520589,9756.824089520589,3.2000000655096006,9756.824089520589,0.0,0.0,0,0.0,0,-243.1759104794114,0.0,0.0,1776124800,0.0,2026-04-14T00:00:00+00:00,9756.824089520589
9756.824089520589,9756.824089520589,3.2000000655096006,9756.824089520589,0.0,0.0,0,0.0,0,-243.1759104794114,0.0,0.0,1776211200,0.0,2026-04-15T00:00:00+00:00,9756.824089520589
9756.824089520589,9756.824089520589,3.2000000655096006,9756.824089520589,0.0,0.0,0,0.0,0,-243.1759104794114,0.0,0.0,1776297600,0.0,2026-04-16T00:00:00+00:00,9756.824089520589
9756.824089520589,9756.824089520589,3.2000000655096006,9756.824089520589,0.0,0.0,0,0.0,0,-243.1759104794114,0.0,0.0,1776384000,0.0,2026-04-17T00:00:00+00:00,9756.824089520589
9756.824089520589,9756.824089520589,3.2000000655096006,9756.824089520589,0.0,0.0,0,0.0,0,-243.1759104794114,0.0,0.0,1776470400,0.0,2026-04-18T00:00:00+00:00,9756.824089520589
9756.824089520589,9756.824089520589,3.2000000655096006,9756.824089520589,0.0,0.0,0,0.0,0,-243.1759104794114,0.0,0.0,1776556800,0.0,2026-04-19T00:00:00+00:00,9756.824089520589
9756.824089520589,9756.824089520589,3.2000000655096006,9756.824089520589,0.0,0.0,0,0.0,0,-243.1759104794114,0.0,0.0,1776643200,0.0,2026-04-20T00:00:00+00:00,9756.824089520589
9756.824089520589,9756.824089520589,3.2000000655096006,9756.824089520589,0.0,0.0,0,0.0,0,-243.1759104794114,0.0,0.0,1776729600,0.0,2026-04-21T00:00:00+00:00,9756.824089520589
9756.824089520589,9756.824089520589,3.2000000655096006,9756.824089520589,0.0,0.0,0,0.0,0,-243.1759104794114,0.0,0.0,1776816000,0.0,2026-04-22T00:00:00+00:00,9756.824089520589
9756.824089520589,9756.824089520589,3.2000000655096006,9756.824089520589,0.0,0.0,0,0.0,0,-243.1759104794114,0.0,0.0,1776902400,0.0,2026-04-23T00:00:00+00:00,9756.824089520589
9756.824089520589,9756.824089520589,3.2000000655096006,9756.824089520589,0.0,0.0,0,0.0,0,-243.1759104794114,0.0,0.0,1776988800,0.0,2026-04-24T00:00:00+00:00,9756.824089520589
9756.824089520589,9756.824089520589,3.2000000655096006,9756.824089520589,0.0,0.0,0,0.0,0,-243.1759104794114,0.0,0.0,1777075200,0.0,2026-04-25T00:00:00+00:00,9756.824089520589
9756.824089520589,9756.824089520589,3.2000000655096006,9756.824089520589,0.0,0.0,0,0.0,0,-243.1759104794114,0.0,0.0,1777161600,0.0,2026-04-26T00:00:00+00:00,9756.824089520589
9756.824089520589,9756.824089520589,3.2000000655096006,9756.824089520589,0.0,0.0,0,0.0,0,-243.1759104794114,0.0,0.0,1777248000,0.0,2026-04-27T00:00:00+00:00,9756.824089520589
9756.824089520589,9756.824089520589,3.2000000655096006,9756.824089520589,0.0,0.0,0,0.0,0,-243.1759104794114,0.0,0.0,1777334400,0.0,2026-04-28T00:00:00+00:00,9756.824089520589
9756.824089520589,9756.824089520589,3.2000000655096006,9756.824089520589,0.0,0.0,0,0.0,0,-243.1759104794114,0.0,0.0,1777420800,0.0,2026-04-29T00:00:00+00:00,9756.824089520589
9756.824089520589,9756.824089520589,3.2000000655096006,9756.824089520589,0.0,0.0,0,0.0,0,-243.1759104794114,0.0,0.0,1777507200,0.0,2026-04-30T00:00:00+00:00,9756.824089520589
9756.824089520589,9756.824089520589,3.2000000655096006,9756.824089520589,0.0,0.0,0,0.0,0,-243.1759104794114,0.0,0.0,1777593600,0.0,2026-05-01T00:00:00+00:00,9756.824089520589
9756.824089520589,9756.824089520589,3.2000000655096006,9756.824089520589,0.0,0.0,0,0.0,0,-243.1759104794114,0.0,0.0,1777680000,0.0,2026-05-02T00:00:00+00:00,9756.824089520589
9756.824089520589,9756.824089520589,3.2000000655096006,9756.824089520589,0.0,0.0,0,0.0,0,-243.1759104794114,0.0,0.0,1777766400,0.0,2026-05-03T00:00:00+00:00,9756.824089520589
9756.824089520589,9756.824089520589,3.2000000655096006,9756.824089520589,0.0,0.0,0,0.0,0,-243.1759104794114,0.0,0.0,1777852800,0.0,2026-05-04T00:00:00+00:00,9756.824089520589
9756.824089520589,9756.824089520589,3.2000000655096006,9756.824089520589,0.0,0.0,0,0.0,0,-243.1759104794114,0.0,0.0,1777939200,0.0,2026-05-05T00:00:00+00:00,9756.824089520589
9756.824089520589,9756.824089520589,3.2000000655096006,9756.824089520589,0.0,0.0,0,0.0,0,-243.1759104794114,0.0,0.0,1778025600,0.0,2026-05-06T00:00:00+00:00,9756.824089520589
9756.824089520589,9756.824089520589,3.2000000655096006,9756.824089520589,0.0,0.0,0,0.0,0,-243.1759104794114,0.0,0.0,1778112000,0.0,2026-05-07T00:00:00+00:00,9756.824089520589
9756.824089520589,9756.824089520589,3.2000000655096006,9756.824089520589,0.0,0.0,0,0.0,0,-243.1759104794114,0.0,0.0,1778198400,0.0,2026-05-08T00:00:00+00:00,9756.824089520589
9756.824089520589,9756.824089520589,3.2000000655096006,9756.824089520589,0.0,0.0,0,0.0,0,-243.1759104794114,0.0,0.0,1778284800,0.0,2026-05-09T00:00:00+00:00,9756.824089520589
9756.824089520589,9756.824089520589,3.2000000655096006,9756.824089520589,0.0,0.0,0,0.0,0,-243.1759104794114,0.0,0.0,1778371200,0.0,2026-05-10T00:00:00+00:00,9756.824089520589
9756.824089520589,9756.824089520589,3.2000000655096006,9756.824089520589,0.0,0.0,0,0.0,0,-243.1759104794114,0.0,0.0,1778457600,0.0,2026-05-11T00:00:00+00:00,9756.824089520589
9756.824089520589,9756.824089520589,3.2000000655096006,9756.824089520589,0.0,0.0,0,0.0,0,-243.1759104794114,0.0,0.0,1778544000,0.0,2026-05-12T00:00:00+00:00,9756.824089520589
9756.824089520589,9756.824089520589,3.2000000655096006,9756.824089520589,0.0,0.0,0,0.0,0,-243.1759104794114,0.0,0.0,1778630400,0.0,2026-05-13T00:00:00+00:00,9756.824089520589
9756.824089520589,9756.824089520589,3.2000000655096006,9756.824089520589,0.0,0.0,0,0.0,0,-243.1759104794114,0.0,0.0,1778716800,0.0,2026-05-14T00:00:00+00:00,9756.824089520589
9756.824089520589,9756.824089520589,3.2000000655096006,9756.824089520589,0.0,0.0,0,0.0,0,-243.1759104794114,0.0,0.0,1778803200,0.0,2026-05-15T00:00:00+00:00,9756.824089520589
9756.824089520589,9756.824089520589,3.2000000655096006,9756.824089520589,0.0,0.0,0,0.0,0,-243.1759104794114,0.0,0.0,1778889600,0.0,2026-05-16T00:00:00+00:00,9756.824089520589
9756.824089520589,9756.824089520589,3.2000000655096006,9756.824089520589,0.0,0.0,0,0.0,0,-243.1759104794114,0.0,0.0,1778976000,0.0,2026-05-17T00:00:00+00:00,9756.824089520589
9756.824089520589,9756.824089520589,3.2000000655096006,9756.824089520589,0.0,0.0,0,0.0,0,-243.1759104794114,0.0,0.0,1779062400,0.0,2026-05-18T00:00:00+00:00,9756.824089520589
9756.824089520589,9756.824089520589,3.2000000655096006,9756.824089520589,0.0,0.0,0,0.0,0,-243.1759104794114,0.0,0.0,1779148800,0.0,2026-05-19T00:00:00+00:00,9756.824089520589
9756.824089520589,9756.824089520589,3.2000000655096006,9756.824089520589,0.0,0.0,0,0.0,0,-243.1759104794114,0.0,0.0,1779235200,0.0,2026-05-20T00:00:00+00:00,9756.824089520589
9756.824089520589,9756.824089520589,3.2000000655096006,9756.824089520589,0.0,0.0,0,0.0,0,-243.1759104794114,0.0,0.0,1779321600,0.0,2026-05-21T00:00:00+00:00,9756.824089520589
9756.824089520589,9756.824089520589,3.2000000655096006,9756.824089520589,0.0,0.0,0,0.0,0,-243.1759104794114,0.0,0.0,1779408000,0.0,2026-05-22T00:00:00+00:00,9756.824089520589
9756.824089520589,9756.824089520589,3.2000000655096006,9756.824089520589,0.0,0.0,0,0.0,0,-243.1759104794114,0.0,0.0,1779494400,0.0,2026-05-23T00:00:00+00:00,9756.824089520589
9756.824089520589,9756.824089520589,3.2000000655096006,9756.824089520589,0.0,0.0,0,0.0,0,-243.1759104794114,0.0,0.0,1779580800,0.0,2026-05-24T00:00:00+00:00,9756.824089520589
9756.824089520589,9756.824089520589,3.2000000655096006,9756.824089520589,0.0,0.0,0,0.0,0,-243.1759104794114,0.0,0.0,1779667200,0.0,2026-05-25T00:00:00+00:00,9756.824089520589
